2026-09-05 12:20:27 [INFO] Scanning file directories...
2026-09-05 12:20:27 [INFO] Local files found: 0
2026-09-05 12:20:27 [INFO] Remote files found: 0
2026-09-05 12:20:57 [INFO] Scanning file directories...
2026-09-05 12:20:57 [INFO] Local files found: 0
2026-09-05 12:20:57 [INFO] Remote files found: 0
2026-09-05 12:21:27 [INFO] Scanning file directories...
2026-09-05 12:21:27 [INFO] Local files found: 0
2026-09-05 12:21:27 [INFO] Remote files found: 0
2026-09-05 12:21:57 [INFO] Scanning file directories...
2026-09-05 12:21:57 [INFO] Local files found: 0
2026-09-05 12:21:57 [INFO] Remote files found: 0
2026-09-05 12:22:27 [INFO] Scanning file directories...
2026-09-05 12:22:27 [INFO] Local files found: 0
2026-09-05 12:22:27 [INFO] Remote files found: 0
2026-09-05 12:22:57 [INFO] Scanning file directories...
2026-09-05 12:22:57 [INFO] Local files found: 0
2026-09-05 12:22:57 [INFO] Remote files found: 0
2026-09-05 12:23:27 [INFO] Scanning file directories...
2026-09-05 12:23:27 [INFO] Local files found: 0
2026-09-05 12:23:27 [INFO] Remote files found: 0
2026-09-05 12:23:57 [INFO] Scanning file directories...
2026-09-05 12:23:57 [INFO] Local files found: 0
2026-09-05 12:23:57 [INFO] Remote files found: 0
2026-09-05 12:24:27 [INFO] Scanning file directories...
2026-09-05 12:24:27 [INFO] Local files found: 0
2026-09-05 12:24:27 [INFO] Remote files found: 0
2026-09-05 12:24:57 [INFO] Scanning file directories...
2026-09-05 12:24:57 [INFO] Local files found: 0
2026-09-05 12:24:57 [INFO] Remote files found: 0
2026-09-05 12:25:27 [INFO] Scanning file directories...
2026-09-05 12:25:27 [INFO] Local files found: 0
2026-09-05 12:25:27 [INFO] Remote files found: 0
2026-09-05 12:25:57 [INFO] Scanning file directories...
2026-09-05 12:25:57 [INFO] Local files found: 0
2026-09-05 12:25:57 [INFO] Remote files found: 0
2026-09-05 12:26:27 [INFO] Scanning file directories...
2026-09-05 12:26:27 [INFO] Local files found: 0
2026-09-05 12:26:27 [INFO] Remote files found: 0
2026-09-05 12:26:57 [INFO] Scanning file directories...
2026-09-05 12:26:57 [INFO] Local files found: 0
2026-09-05 12:26:57 [INFO] Remote files found: 0
2026-09-05 12:27:27 [INFO] Scanning file directories...
2026-09-05 12:27:27 [INFO] Local files found: 0
2026-09-05 12:27:27 [INFO] Remote files found: 0
2026-09-05 12:27:57 [INFO] Scanning file directories...
2026-09-05 12:27:57 [INFO] Local files found: 0
2026-09-05 12:27:57 [INFO] Remote files found: 0
2026-09-05 12:28:27 [INFO] Scanning file directories...
2026-09-05 12:28:27 [INFO] Local files found: 0
2026-09-05 12:28:27 [INFO] Remote files found: 0
2026-09-05 12:28:57 [INFO] Scanning file directories...
2026-09-05 12:28:57 [INFO] Local files found: 0
2026-09-05 12:28:57 [INFO] Remote files found: 0
2026-09-05 12:29:27 [INFO] Scanning file directories...
2026-09-05 12:29:27 [INFO] Local files found: 0
2026-09-05 12:29:27 [INFO] Remote files found: 0
2026-09-05 12:29:57 [INFO] Scanning file directories...
2026-09-05 12:29:57 [INFO] Local files found: 0
2026-09-05 12:29:57 [INFO] Remote files found: 0
2026-09-05 12:30:27 [INFO] Scanning file directories...
2026-09-05 12:30:27 [INFO] Local files found: 0
2026-09-05 12:30:27 [INFO] Remote files found: 0
2026-09-05 12:30:57 [INFO] Scanning file directories...
2026-09-05 12:30:57 [INFO] Local files found: 0
2026-09-05 12:30:57 [INFO] Remote files found: 0
2026-09-05 12:31:27 [INFO] Scanning file directories...
2026-09-05 12:31:27 [INFO] Local files found: 0
2026-09-05 12:31:27 [INFO] Remote files found: 0
2026-09-05 12:31:49 [INFO] Scanning file directories...
2026-09-05 12:31:49 [INFO] Local files found: 0
2026-09-05 12:31:49 [INFO] Remote files found: 0
2026-09-05 12:32:19 [INFO] Scanning file directories...
2026-09-05 12:32:19 [INFO] Local files found: 0
2026-09-05 12:32:19 [INFO] Remote files found: 0
2026-09-05 12:32:49 [INFO] Scanning file directories...
2026-09-05 12:32:49 [INFO] Local files found: 0
2026-09-05 12:32:49 [INFO] Remote files found: 0
2026-09-05 12:33:19 [INFO] Scanning file directories...
2026-09-05 12:33:19 [INFO] Local files found: 0
2026-09-05 12:33:19 [INFO] Remote files found: 0
2026-09-05 12:33:49 [INFO] Scanning file directories...
2026-09-05 12:33:49 [INFO] Local files found: 0
2026-09-05 12:33:49 [INFO] Remote files found: 0
2026-09-05 12:34:19 [INFO] Scanning file directories...
2026-09-05 12:34:19 [INFO] Local files found: 0
2026-09-05 12:34:19 [INFO] Remote files found: 0
2026-09-05 12:34:30 [INFO] Scanning file directories...
2026-09-05 12:34:30 [INFO] Local files found: 0
2026-09-05 12:34:30 [INFO] Remote files found: 0
2026-09-05 12:35:00 [INFO] Scanning file directories...
2026-09-05 12:35:00 [INFO] Local files found: 0
2026-09-05 12:35:00 [INFO] Remote files found: 0
2026-09-05 12:35:30 [INFO] Scanning file directories...
2026-09-05 12:35:30 [INFO] Local files found: 0
2026-09-05 12:35:30 [INFO] Remote files found: 0
2026-09-05 12:36:00 [INFO] Scanning file directories...
2026-09-05 12:36:00 [INFO] Local files found: 0
2026-09-05 12:36:00 [INFO] Remote files found: 0
2026-09-05 12:36:30 [INFO] Scanning file directories...
2026-09-05 12:36:30 [INFO] Local files found: 0
2026-09-05 12:36:30 [INFO] Remote files found: 0
2026-09-05 12:37:00 [INFO] Scanning file directories...
2026-09-05 12:37:00 [INFO] Local files found: 0
2026-09-05 12:37:00 [INFO] Remote files found: 0
2026-09-05 12:37:30 [INFO] Scanning file directories...
2026-09-05 12:37:30 [INFO] Local files found: 0
2026-09-05 12:37:30 [INFO] Remote files found: 0
2026-09-05 12:38:00 [INFO] Scanning file directories...
2026-09-05 12:38:00 [INFO] Local files found: 0
2026-09-05 12:38:00 [INFO] Remote files found: 0
2026-09-05 12:38:30 [INFO] Scanning file directories...
2026-09-05 12:38:30 [INFO] Local files found: 0
2026-09-05 12:38:30 [INFO] Remote files found: 0
2026-09-05 12:39:00 [INFO] Scanning file directories...
2026-09-05 12:39:00 [INFO] Local files found: 0
2026-09-05 12:39:00 [INFO] Remote files found: 0
2026-09-05 12:39:30 [INFO] Scanning file directories...
2026-09-05 12:39:30 [INFO] Local files found: 0
2026-09-05 12:39:30 [INFO] Remote files found: 0
2026-09-05 12:40:00 [INFO] Scanning file directories...
2026-09-05 12:40:00 [INFO] Local files found: 0
2026-09-05 12:40:00 [INFO] Remote files found: 0
2026-09-05 12:40:30 [INFO] Scanning file directories...
2026-09-05 12:40:30 [INFO] Local files found: 0
2026-09-05 12:40:30 [INFO] Remote files found: 0
2026-09-05 12:41:00 [INFO] Scanning file directories...
2026-09-05 12:41:00 [INFO] Local files found: 0
2026-09-05 12:41:00 [INFO] Remote files found: 0
2026-09-05 12:41:30 [INFO] Scanning file directories...
2026-09-05 12:41:30 [INFO] Local files found: 0
2026-09-05 12:41:30 [INFO] Remote files found: 0
2026-09-05 12:42:00 [INFO] Scanning file directories...
2026-09-05 12:42:00 [INFO] Local files found: 0
2026-09-05 12:42:00 [INFO] Remote files found: 0
2026-09-05 12:42:30 [INFO] Scanning file directories...
2026-09-05 12:42:30 [INFO] Local files found: 0
2026-09-05 12:42:30 [INFO] Remote files found: 0
2026-09-05 12:43:00 [INFO] Scanning file directories...
2026-09-05 12:43:00 [INFO] Local files found: 0
2026-09-05 12:43:00 [INFO] Remote files found: 0
2026-09-05 12:43:30 [INFO] Scanning file directories...
2026-09-05 12:43:30 [INFO] Local files found: 0
2026-09-05 12:43:30 [INFO] Remote files found: 0
2026-09-05 12:44:00 [INFO] Scanning file directories...
2026-09-05 12:44:00 [INFO] Local files found: 0
2026-09-05 12:44:00 [INFO] Remote files found: 0
2026-09-05 12:44:30 [INFO] Scanning file directories...
2026-09-05 12:44:30 [INFO] Local files found: 0
2026-09-05 12:44:30 [INFO] Remote files found: 0
2026-09-05 12:45:00 [INFO] Scanning file directories...
2026-09-05 12:45:00 [INFO] Local files found: 0
2026-09-05 12:45:00 [INFO] Remote files found: 0
2026-09-05 12:45:30 [INFO] Scanning file directories...
2026-09-05 12:45:30 [INFO] Local files found: 0
2026-09-05 12:45:30 [INFO] Remote files found: 0
2026-09-05 12:46:00 [INFO] Scanning file directories...
2026-09-05 12:46:00 [INFO] Local files found: 0
2026-09-05 12:46:00 [INFO] Remote files found: 0
2026-09-05 12:46:30 [INFO] Scanning file directories...
2026-09-05 12:46:30 [INFO] Local files found: 0
2026-09-05 12:46:30 [INFO] Remote files found: 0
2026-09-05 12:47:00 [INFO] Scanning file directories...
2026-09-05 12:47:00 [INFO] Local files found: 0
2026-09-05 12:47:00 [INFO] Remote files found: 0
2026-09-05 12:47:30 [INFO] Scanning file directories...
2026-09-05 12:47:30 [INFO] Local files found: 0
2026-09-05 12:47:30 [INFO] Remote files found: 0
2026-09-05 12:48:00 [INFO] Scanning file directories...
2026-09-05 12:48:00 [INFO] Local files found: 0
2026-09-05 12:48:00 [INFO] Remote files found: 0
2026-09-05 12:48:30 [INFO] Scanning file directories...
2026-09-05 12:48:30 [INFO] Local files found: 0
2026-09-05 12:48:30 [INFO] Remote files found: 0
2026-09-05 12:49:00 [INFO] Scanning file directories...
2026-09-05 12:49:00 [INFO] Local files found: 0
2026-09-05 12:49:00 [INFO] Remote files found: 0
2026-09-05 12:49:30 [INFO] Scanning file directories...
2026-09-05 12:49:30 [INFO] Local files found: 0
2026-09-05 12:49:30 [INFO] Remote files found: 0
2026-09-05 12:50:00 [INFO] Scanning file directories...
2026-09-05 12:50:00 [INFO] Local files found: 0
2026-09-05 12:50:00 [INFO] Remote files found: 0
2026-09-05 12:50:30 [INFO] Scanning file directories...
2026-09-05 12:50:30 [INFO] Local files found: 0
2026-09-05 12:50:30 [INFO] Remote files found: 0
2026-09-05 12:51:00 [INFO] Scanning file directories...
2026-09-05 12:51:00 [INFO] Local files found: 0
2026-09-05 12:51:00 [INFO] Remote files found: 0
2026-09-05 12:51:30 [INFO] Scanning file directories...
2026-09-05 12:51:30 [INFO] Local files found: 0
2026-09-05 12:51:30 [INFO] Remote files found: 0
2026-09-05 12:52:00 [INFO] Scanning file directories...
2026-09-05 12:52:00 [INFO] Local files found: 0
2026-09-05 12:52:00 [INFO] Remote files found: 0
2026-09-05 12:52:30 [INFO] Scanning file directories...
2026-09-05 12:52:30 [INFO] Local files found: 0
2026-09-05 12:52:30 [INFO] Remote files found: 0
2026-09-05 12:53:00 [INFO] Scanning file directories...
2026-09-05 12:53:00 [INFO] Local files found: 0
2026-09-05 12:53:00 [INFO] Remote files found: 0
2026-09-05 12:53:30 [INFO] Scanning file directories...
2026-09-05 12:53:30 [INFO] Local files found: 0
2026-09-05 12:53:30 [INFO] Remote files found: 0
2026-09-05 12:54:00 [INFO] Scanning file directories...
2026-09-05 12:54:00 [INFO] Local files found: 0
2026-09-05 12:54:00 [INFO] Remote files found: 0
2026-09-05 12:54:30 [INFO] Scanning file directories...
2026-09-05 12:54:30 [INFO] Local files found: 0
2026-09-05 12:54:30 [INFO] Remote files found: 0
2026-09-05 12:55:00 [INFO] Scanning file directories...
2026-09-05 12:55:00 [INFO] Local files found: 0
2026-09-05 12:55:00 [INFO] Remote files found: 0
2026-09-05 12:55:30 [INFO] Scanning file directories...
2026-09-05 12:55:30 [INFO] Local files found: 0
2026-09-05 12:55:30 [INFO] Remote files found: 0
2026-09-05 12:56:00 [INFO] Scanning file directories...
2026-09-05 12:56:00 [INFO] Local files found: 0
2026-09-05 12:56:00 [INFO] Remote files found: 0
2026-09-05 12:56:30 [INFO] Scanning file directories...
2026-09-05 12:56:30 [INFO] Local files found: 0
2026-09-05 12:56:30 [INFO] Remote files found: 0
2026-09-05 12:57:00 [INFO] Scanning file directories...
2026-09-05 12:57:00 [INFO] Local files found: 0
2026-09-05 12:57:00 [INFO] Remote files found: 0
2026-09-05 12:57:30 [INFO] Scanning file directories...
2026-09-05 12:57:30 [INFO] Local files found: 0
2026-09-05 12:57:30 [INFO] Remote files found: 0
2026-09-05 12:58:00 [INFO] Scanning file directories...
2026-09-05 12:58:00 [INFO] Local files found: 0
2026-09-05 12:58:00 [INFO] Remote files found: 0
2026-09-05 12:58:30 [INFO] Scanning file directories...
2026-09-05 12:58:30 [INFO] Local files found: 0
2026-09-05 12:58:30 [INFO] Remote files found: 0
2026-09-05 12:59:00 [INFO] Scanning file directories...
2026-09-05 12:59:00 [INFO] Local files found: 0
2026-09-05 12:59:00 [INFO] Remote files found: 0
2026-09-05 12:59:30 [INFO] Scanning file directories...
2026-09-05 12:59:30 [INFO] Local files found: 0
2026-09-05 12:59:30 [INFO] Remote files found: 0
2026-09-05 13:00:00 [INFO] Scanning file directories...
2026-09-05 13:00:00 [INFO] Local files found: 0
2026-09-05 13:00:00 [INFO] Remote files found: 0
2026-09-05 13:00:30 [INFO] Scanning file directories...
2026-09-05 13:00:30 [INFO] Local files found: 0
2026-09-05 13:00:30 [INFO] Remote files found: 0
2026-09-05 13:01:00 [INFO] Scanning file directories...
2026-09-05 13:01:00 [INFO] Local files found: 0
2026-09-05 13:01:00 [INFO] Remote files found: 0
2026-09-05 13:01:30 [INFO] Scanning file directories...
2026-09-05 13:01:30 [INFO] Local files found: 0
2026-09-05 13:01:30 [INFO] Remote files found: 0
2026-09-05 13:02:00 [INFO] Scanning file directories...
2026-09-05 13:02:00 [INFO] Local files found: 0
2026-09-05 13:02:00 [INFO] Remote files found: 0
2026-09-05 13:02:30 [INFO] Scanning file directories...
2026-09-05 13:02:30 [INFO] Local files found: 0
2026-09-05 13:02:30 [INFO] Remote files found: 0
2026-09-05 13:03:00 [INFO] Scanning file directories...
2026-09-05 13:03:00 [INFO] Local files found: 0
2026-09-05 13:03:00 [INFO] Remote files found: 0
2026-09-05 13:03:30 [INFO] Scanning file directories...
2026-09-05 13:03:30 [INFO] Local files found: 0
2026-09-05 13:03:30 [INFO] Remote files found: 0
2026-09-05 13:04:00 [INFO] Scanning file directories...
2026-09-05 13:04:00 [INFO] Local files found: 0
2026-09-05 13:04:00 [INFO] Remote files found: 0
2026-09-05 13:04:30 [INFO] Scanning file directories...
2026-09-05 13:04:30 [INFO] Local files found: 0
2026-09-05 13:04:30 [INFO] Remote files found: 0
2026-09-05 13:05:00 [INFO] Scanning file directories...
2026-09-05 13:05:00 [INFO] Local files found: 0
2026-09-05 13:05:00 [INFO] Remote files found: 0
2026-09-05 13:05:30 [INFO] Scanning file directories...
2026-09-05 13:05:30 [INFO] Local files found: 0
2026-09-05 13:05:30 [INFO] Remote files found: 0
2026-09-05 13:06:00 [INFO] Scanning file directories...
2026-09-05 13:06:00 [INFO] Local files found: 0
2026-09-05 13:06:00 [INFO] Remote files found: 0
2026-09-05 13:06:30 [INFO] Scanning file directories...
2026-09-05 13:06:30 [INFO] Local files found: 0
2026-09-05 13:06:30 [INFO] Remote files found: 0
2026-09-05 13:07:00 [INFO] Scanning file directories...
2026-09-05 13:07:00 [INFO] Local files found: 0
2026-09-05 13:07:00 [INFO] Remote files found: 0
2026-09-05 13:07:30 [INFO] Scanning file directories...
2026-09-05 13:07:30 [INFO] Local files found: 0
2026-09-05 13:07:30 [INFO] Remote files found: 0
2026-09-05 13:08:00 [INFO] Scanning file directories...
2026-09-05 13:08:00 [INFO] Local files found: 0
2026-09-05 13:08:00 [INFO] Remote files found: 0
2026-09-05 13:08:30 [INFO] Scanning file directories...
2026-09-05 13:08:30 [INFO] Local files found: 0
2026-09-05 13:08:30 [INFO] Remote files found: 0
2026-09-05 13:09:00 [INFO] Scanning file directories...
2026-09-05 13:09:00 [INFO] Local files found: 0
2026-09-05 13:09:00 [INFO] Remote files found: 0
2026-09-05 13:09:30 [INFO] Scanning file directories...
2026-09-05 13:09:30 [INFO] Local files found: 0
2026-09-05 13:09:30 [INFO] Remote files found: 0
2026-09-05 13:09:38 [INFO] Scanning file directories...
2026-09-05 13:09:38 [INFO] Local files found: 0
2026-09-05 13:09:38 [INFO] Remote files found: 0
2026-09-05 13:10:08 [INFO] Scanning file directories...
2026-09-05 13:10:08 [INFO] Local files found: 0
2026-09-05 13:10:08 [INFO] Remote files found: 0
2026-09-05 13:10:38 [INFO] Scanning file directories...
2026-09-05 13:10:38 [INFO] Local files found: 0
2026-09-05 13:10:38 [INFO] Remote files found: 0
2026-09-05 13:11:08 [INFO] Scanning file directories...
2026-09-05 13:11:08 [INFO] Local files found: 0
2026-09-05 13:11:08 [INFO] Remote files found: 0
2026-09-05 13:11:38 [INFO] Scanning file directories...
2026-09-05 13:11:38 [INFO] Local files found: 0
2026-09-05 13:11:38 [INFO] Remote files found: 0
2026-09-05 13:12:08 [INFO] Scanning file directories...
2026-09-05 13:12:08 [INFO] Local files found: 0
2026-09-05 13:12:08 [INFO] Remote files found: 0
2026-09-05 13:49:23 [INFO] Scanning file directories...
2026-09-06 09:43:04 [INFO] System metrics updated.
2026-09-06 09:43:04 [INFO] System metrics updated.
2026-09-06 09:43:04 [INFO] System metrics updated.
2026-09-06 09:43:04 [INFO] Scanning file directories...
2026-09-06 09:43:04 [INFO] Scanning file directories...
2026-09-06 09:43:04 [INFO] Starting metrics exporter...
2026-09-06 09:43:04 [INFO] Scanning file directories...
2026-09-06 09:43:04 [INFO] Local files found: 0
2026-09-06 09:43:04 [INFO] Starting metrics exporter...
2026-09-06 09:43:04 [INFO] Starting metrics exporter...
2026-09-06 09:43:04 [INFO] Local files found: 0
2026-09-06 09:43:04 [INFO] Local files found: 0
2026-09-06 09:43:04 [INFO] Remote files found: 0
2026-09-06 09:43:04 [INFO] Remote files found: 0
2026-09-06 09:43:04 [INFO] Remote files found: 0
2026-09-06 09:43:09 [INFO] System metrics updated.
2026-09-06 09:43:09 [INFO] System metrics updated.
2026-09-06 09:43:09 [INFO] System metrics updated.
2026-09-06 09:43:14 [INFO] System metrics updated.
2026-09-06 09:43:14 [INFO] System metrics updated.
2026-09-06 09:43:14 [INFO] System metrics updated.
2026-09-06 09:43:19 [INFO] System metrics updated.
2026-09-06 09:43:19 [INFO] System metrics updated.
2026-09-06 09:43:19 [INFO] System metrics updated.
2026-09-06 09:43:24 [INFO] System metrics updated.
2026-09-06 09:43:24 [INFO] System metrics updated.
2026-09-06 09:43:24 [INFO] System metrics updated.
2026-09-06 09:43:29 [INFO] System metrics updated.
2026-09-06 09:43:29 [INFO] System metrics updated.
2026-09-06 09:43:29 [INFO] System metrics updated.
2026-09-06 09:43:34 [INFO] Scanning file directories...
2026-09-06 09:43:34 [INFO] Scanning file directories...
2026-09-06 09:43:34 [INFO] Scanning file directories...
2026-09-06 09:43:34 [INFO] Local files found: 0
2026-09-06 09:43:34 [INFO] Local files found: 0
2026-09-06 09:43:34 [INFO] Local files found: 0
2026-09-06 09:43:34 [INFO] Remote files found: 0
2026-09-06 09:43:34 [INFO] Remote files found: 0
2026-09-06 09:43:34 [INFO] Remote files found: 0
2026-09-06 09:43:34 [INFO] System metrics updated.
2026-09-06 09:43:34 [INFO] System metrics updated.
2026-09-06 09:43:34 [INFO] System metrics updated.
2026-09-06 09:43:39 [INFO] System metrics updated.
2026-09-06 09:43:39 [INFO] System metrics updated.
2026-09-06 09:43:39 [INFO] System metrics updated.
2026-09-06 09:43:44 [INFO] System metrics updated.
2026-09-06 09:43:44 [INFO] System metrics updated.
2026-09-06 09:43:44 [INFO] System metrics updated.
2026-09-06 09:43:49 [INFO] System metrics updated.
2026-09-06 09:43:49 [INFO] System metrics updated.
2026-09-06 09:43:49 [INFO] System metrics updated.
2026-09-06 09:43:54 [INFO] System metrics updated.
2026-09-06 09:43:54 [INFO] System metrics updated.
2026-09-06 09:43:54 [INFO] System metrics updated.
2026-09-06 09:43:59 [INFO] System metrics updated.
2026-09-06 09:43:59 [INFO] System metrics updated.
2026-09-06 09:43:59 [INFO] System metrics updated.
2026-09-06 09:44:04 [INFO] Scanning file directories...
2026-09-06 09:44:04 [INFO] Scanning file directories...
2026-09-06 09:44:04 [INFO] Scanning file directories...
2026-09-06 09:44:04 [INFO] Local files found: 0
2026-09-06 09:44:04 [INFO] Local files found: 0
2026-09-06 09:44:04 [INFO] Local files found: 0
2026-09-06 09:44:04 [INFO] Remote files found: 0
2026-09-06 09:44:04 [INFO] Remote files found: 0
2026-09-06 09:44:04 [INFO] Remote files found: 0
2026-09-06 09:44:04 [INFO] System metrics updated.
2026-09-06 09:44:04 [INFO] System metrics updated.
2026-09-06 09:44:04 [INFO] System metrics updated.
2026-09-06 09:44:09 [INFO] System metrics updated.
2026-09-06 09:44:09 [INFO] System metrics updated.
2026-09-06 09:44:09 [INFO] System metrics updated.
2026-09-06 09:44:14 [INFO] System metrics updated.
2026-09-06 09:44:14 [INFO] System metrics updated.
2026-09-06 09:44:14 [INFO] System metrics updated.
2026-09-06 09:44:19 [INFO] System metrics updated.
2026-09-06 09:44:19 [INFO] System metrics updated.
2026-09-06 09:44:19 [INFO] System metrics updated.
2026-09-06 09:44:24 [INFO] System metrics updated.
2026-09-06 09:44:24 [INFO] System metrics updated.
2026-09-06 09:44:24 [INFO] System metrics updated.
2026-09-06 09:44:29 [INFO] System metrics updated.
2026-09-06 09:44:29 [INFO] System metrics updated.
2026-09-06 09:44:29 [INFO] System metrics updated.
2026-09-06 09:44:34 [INFO] Scanning file directories...
2026-09-06 09:44:34 [INFO] Scanning file directories...
2026-09-06 09:44:34 [INFO] Scanning file directories...
2026-09-06 09:44:34 [INFO] Local files found: 0
2026-09-06 09:44:34 [INFO] Local files found: 0
2026-09-06 09:44:34 [INFO] Local files found: 0
2026-09-06 09:44:34 [INFO] Remote files found: 0
2026-09-06 09:44:34 [INFO] Remote files found: 0
2026-09-06 09:44:34 [INFO] Remote files found: 0
2026-09-06 09:44:34 [INFO] System metrics updated.
2026-09-06 09:44:34 [INFO] System metrics updated.
2026-09-06 09:44:34 [INFO] System metrics updated.
2026-09-06 09:44:39 [INFO] System metrics updated.
2026-09-06 09:44:39 [INFO] System metrics updated.
2026-09-06 09:44:39 [INFO] System metrics updated.
2026-09-06 09:44:44 [INFO] System metrics updated.
2026-09-06 09:44:44 [INFO] System metrics updated.
2026-09-06 09:44:44 [INFO] System metrics updated.
2026-09-06 09:44:49 [INFO] System metrics updated.
2026-09-06 09:44:49 [INFO] System metrics updated.
2026-09-06 09:44:49 [INFO] System metrics updated.
2026-09-06 09:44:54 [INFO] System metrics updated.
2026-09-06 09:44:54 [INFO] System metrics updated.
2026-09-06 09:44:54 [INFO] System metrics updated.
2026-09-06 09:44:59 [INFO] System metrics updated.
2026-09-06 09:44:59 [INFO] System metrics updated.
2026-09-06 09:44:59 [INFO] System metrics updated.
2026-09-06 09:45:04 [INFO] Scanning file directories...
2026-09-06 09:45:04 [INFO] Scanning file directories...
2026-09-06 09:45:04 [INFO] Scanning file directories...
2026-09-06 09:45:04 [INFO] Local files found: 0
2026-09-06 09:45:04 [INFO] Local files found: 0
2026-09-06 09:45:04 [INFO] Local files found: 0
2026-09-06 09:45:04 [INFO] Remote files found: 0
2026-09-06 09:45:04 [INFO] Remote files found: 0
2026-09-06 09:45:04 [INFO] Remote files found: 0
2026-09-06 09:45:04 [INFO] System metrics updated.
2026-09-06 09:45:04 [INFO] System metrics updated.
2026-09-06 09:45:04 [INFO] System metrics updated.
2026-09-06 09:45:09 [INFO] System metrics updated.
2026-09-06 09:45:09 [INFO] System metrics updated.
2026-09-06 09:45:09 [INFO] System metrics updated.
2026-09-06 09:45:14 [INFO] System metrics updated.
2026-09-06 09:45:14 [INFO] System metrics updated.
2026-09-06 09:45:14 [INFO] System metrics updated.
2026-09-06 09:45:19 [INFO] System metrics updated.
2026-09-06 09:45:19 [INFO] System metrics updated.
2026-09-06 09:45:19 [INFO] System metrics updated.
2026-09-06 09:45:24 [INFO] System metrics updated.
2026-09-06 09:45:24 [INFO] System metrics updated.
2026-09-06 09:45:24 [INFO] System metrics updated.
2026-09-06 09:45:29 [INFO] System metrics updated.
2026-09-06 09:45:29 [INFO] System metrics updated.
2026-09-06 09:45:29 [INFO] System metrics updated.
2026-09-06 09:45:34 [INFO] Scanning file directories...
2026-09-06 09:45:34 [INFO] Scanning file directories...
2026-09-06 09:45:34 [INFO] Scanning file directories...
2026-09-06 09:45:34 [INFO] Local files found: 0
2026-09-06 09:45:34 [INFO] Local files found: 0
2026-09-06 09:45:34 [INFO] Local files found: 0
2026-09-06 09:45:34 [INFO] Remote files found: 0
2026-09-06 09:45:34 [INFO] Remote files found: 0
2026-09-06 09:45:34 [INFO] Remote files found: 0
2026-09-06 09:45:34 [INFO] System metrics updated.
2026-09-06 09:45:34 [INFO] System metrics updated.
2026-09-06 09:45:34 [INFO] System metrics updated.
2026-09-06 09:45:39 [INFO] System metrics updated.
2026-09-06 09:45:39 [INFO] System metrics updated.
2026-09-06 09:45:39 [INFO] System metrics updated.
2026-09-06 09:45:44 [INFO] System metrics updated.
2026-09-06 09:45:44 [INFO] System metrics updated.
2026-09-06 09:45:44 [INFO] System metrics updated.
2026-09-06 09:45:49 [INFO] System metrics updated.
2026-09-06 09:45:49 [INFO] System metrics updated.
2026-09-06 09:45:49 [INFO] System metrics updated.
2026-09-06 09:45:54 [INFO] System metrics updated.
2026-09-06 09:45:54 [INFO] System metrics updated.
2026-09-06 09:45:54 [INFO] System metrics updated.
2026-09-06 09:45:59 [INFO] System metrics updated.
2026-09-06 09:45:59 [INFO] System metrics updated.
2026-09-06 09:45:59 [INFO] System metrics updated.
2026-09-06 09:46:04 [INFO] Scanning file directories...
2026-09-06 09:46:04 [INFO] Scanning file directories...
2026-09-06 09:46:04 [INFO] Scanning file directories...
2026-09-06 09:46:04 [INFO] Local files found: 0
2026-09-06 09:46:04 [INFO] Local files found: 0
2026-09-06 09:46:04 [INFO] Local files found: 0
2026-09-06 09:46:04 [INFO] Remote files found: 0
2026-09-06 09:46:04 [INFO] Remote files found: 0
2026-09-06 09:46:04 [INFO] Remote files found: 0
2026-09-06 09:46:04 [INFO] System metrics updated.
2026-09-06 09:46:04 [INFO] System metrics updated.
2026-09-06 09:46:04 [INFO] System metrics updated.
2026-09-06 09:46:09 [INFO] System metrics updated.
2026-09-06 09:46:09 [INFO] System metrics updated.
2026-09-06 09:46:09 [INFO] System metrics updated.
2026-09-06 09:46:14 [INFO] System metrics updated.
2026-09-06 09:46:14 [INFO] System metrics updated.
2026-09-06 09:46:14 [INFO] System metrics updated.
2026-09-06 09:46:19 [INFO] System metrics updated.
2026-09-06 09:46:19 [INFO] System metrics updated.
2026-09-06 09:46:19 [INFO] System metrics updated.
2026-09-06 09:46:24 [INFO] System metrics updated.
2026-09-06 09:46:24 [INFO] System metrics updated.
2026-09-06 09:46:24 [INFO] System metrics updated.
2026-09-06 09:46:29 [INFO] System metrics updated.
2026-09-06 09:46:29 [INFO] System metrics updated.
2026-09-06 09:46:29 [INFO] System metrics updated.
2026-09-06 09:46:34 [INFO] Scanning file directories...
2026-09-06 09:46:34 [INFO] Scanning file directories...
2026-09-06 09:46:34 [INFO] Scanning file directories...
2026-09-06 09:46:34 [INFO] Local files found: 0
2026-09-06 09:46:34 [INFO] Local files found: 0
2026-09-06 09:46:34 [INFO] Local files found: 0
2026-09-06 09:46:34 [INFO] Remote files found: 0
2026-09-06 09:46:34 [INFO] Remote files found: 0
2026-09-06 09:46:34 [INFO] Remote files found: 0
2026-09-06 09:46:34 [INFO] System metrics updated.
2026-09-06 09:46:34 [INFO] System metrics updated.
2026-09-06 09:46:34 [INFO] System metrics updated.
2026-09-06 09:46:39 [INFO] System metrics updated.
2026-09-06 09:46:39 [INFO] System metrics updated.
2026-09-06 09:46:39 [INFO] System metrics updated.
2026-09-06 09:46:44 [INFO] System metrics updated.
2026-09-06 09:46:44 [INFO] System metrics updated.
2026-09-06 09:46:44 [INFO] System metrics updated.
2026-09-06 09:46:49 [INFO] System metrics updated.
2026-09-06 09:46:49 [INFO] System metrics updated.
2026-09-06 09:46:49 [INFO] System metrics updated.
2026-09-06 09:46:54 [INFO] System metrics updated.
2026-09-06 09:46:54 [INFO] System metrics updated.
2026-09-06 09:46:54 [INFO] System metrics updated.
2026-09-06 09:46:59 [INFO] System metrics updated.
2026-09-06 09:46:59 [INFO] System metrics updated.
2026-09-06 09:46:59 [INFO] System metrics updated.
2026-09-06 09:47:04 [INFO] Scanning file directories...
2026-09-06 09:47:04 [INFO] Scanning file directories...
2026-09-06 09:47:04 [INFO] Scanning file directories...
2026-09-06 09:47:04 [INFO] Local files found: 0
2026-09-06 09:47:04 [INFO] Local files found: 0
2026-09-06 09:47:04 [INFO] Local files found: 0
2026-09-06 09:47:04 [INFO] Remote files found: 0
2026-09-06 09:47:04 [INFO] Remote files found: 0
2026-09-06 09:47:04 [INFO] Remote files found: 0
2026-09-06 09:47:04 [INFO] System metrics updated.
2026-09-06 09:47:04 [INFO] System metrics updated.
2026-09-06 09:47:04 [INFO] System metrics updated.
2026-09-06 09:47:09 [INFO] System metrics updated.
2026-09-06 09:47:09 [INFO] System metrics updated.
2026-09-06 09:47:09 [INFO] System metrics updated.
2026-09-06 09:47:14 [INFO] System metrics updated.
2026-09-06 09:47:14 [INFO] System metrics updated.
2026-09-06 09:47:14 [INFO] System metrics updated.
2026-09-06 09:47:19 [INFO] System metrics updated.
2026-09-06 09:47:19 [INFO] System metrics updated.
2026-09-06 09:47:19 [INFO] System metrics updated.
2026-09-06 09:47:24 [INFO] System metrics updated.
2026-09-06 09:47:24 [INFO] System metrics updated.
2026-09-06 09:47:24 [INFO] System metrics updated.
2026-09-06 09:47:29 [INFO] System metrics updated.
2026-09-06 09:47:29 [INFO] System metrics updated.
2026-09-06 09:47:29 [INFO] System metrics updated.
2026-09-06 09:47:34 [INFO] Scanning file directories...
2026-09-06 09:47:34 [INFO] Scanning file directories...
2026-09-06 09:47:34 [INFO] Scanning file directories...
2026-09-06 09:47:34 [INFO] Local files found: 0
2026-09-06 09:47:34 [INFO] Local files found: 0
2026-09-06 09:47:34 [INFO] Local files found: 0
2026-09-06 09:47:34 [INFO] Remote files found: 0
2026-09-06 09:47:34 [INFO] Remote files found: 0
2026-09-06 09:47:34 [INFO] Remote files found: 0
2026-09-06 09:47:34 [INFO] System metrics updated.
2026-09-06 09:47:34 [INFO] System metrics updated.
2026-09-06 09:47:34 [INFO] System metrics updated.
2026-09-06 09:47:39 [INFO] System metrics updated.
2026-09-06 09:47:39 [INFO] System metrics updated.
2026-09-06 09:47:39 [INFO] System metrics updated.
2026-09-06 09:47:45 [INFO] System metrics updated.
2026-09-06 09:47:45 [INFO] System metrics updated.
2026-09-06 09:47:45 [INFO] System metrics updated.
2026-09-06 09:47:50 [INFO] System metrics updated.
2026-09-06 09:47:50 [INFO] System metrics updated.
2026-09-06 09:47:50 [INFO] System metrics updated.
2026-09-06 09:47:55 [INFO] System metrics updated.
2026-09-06 09:47:55 [INFO] System metrics updated.
2026-09-06 09:47:55 [INFO] System metrics updated.
2026-09-06 09:48:00 [INFO] System metrics updated.
2026-09-06 09:48:00 [INFO] System metrics updated.
2026-09-06 09:48:00 [INFO] System metrics updated.
2026-09-06 09:48:04 [INFO] Scanning file directories...
2026-09-06 09:48:04 [INFO] Scanning file directories...
2026-09-06 09:48:04 [INFO] Scanning file directories...
2026-09-06 09:48:04 [INFO] Local files found: 0
2026-09-06 09:48:04 [INFO] Local files found: 0
2026-09-06 09:48:04 [INFO] Local files found: 0
2026-09-06 09:48:04 [INFO] Remote files found: 0
2026-09-06 09:48:04 [INFO] Remote files found: 0
2026-09-06 09:48:04 [INFO] Remote files found: 0
2026-09-06 09:48:05 [INFO] System metrics updated.
2026-09-06 09:48:05 [INFO] System metrics updated.
2026-09-06 09:48:05 [INFO] System metrics updated.
2026-09-06 09:48:10 [INFO] System metrics updated.
2026-09-06 09:48:10 [INFO] System metrics updated.
2026-09-06 09:48:10 [INFO] System metrics updated.
2026-09-06 09:48:15 [INFO] System metrics updated.
2026-09-06 09:48:15 [INFO] System metrics updated.
2026-09-06 09:48:15 [INFO] System metrics updated.
2026-09-06 09:48:20 [INFO] System metrics updated.
2026-09-06 09:48:20 [INFO] System metrics updated.
2026-09-06 09:48:20 [INFO] System metrics updated.
2026-09-06 09:48:25 [INFO] System metrics updated.
2026-09-06 09:48:25 [INFO] System metrics updated.
2026-09-06 09:48:25 [INFO] System metrics updated.
2026-09-06 09:48:30 [INFO] System metrics updated.
2026-09-06 09:48:30 [INFO] System metrics updated.
2026-09-06 09:48:30 [INFO] System metrics updated.
2026-09-06 09:48:34 [INFO] Scanning file directories...
2026-09-06 09:48:34 [INFO] Scanning file directories...
2026-09-06 09:48:34 [INFO] Scanning file directories...
2026-09-06 09:48:34 [INFO] Local files found: 0
2026-09-06 09:48:34 [INFO] Local files found: 0
2026-09-06 09:48:34 [INFO] Local files found: 0
2026-09-06 09:48:34 [INFO] Remote files found: 0
2026-09-06 09:48:34 [INFO] Remote files found: 0
2026-09-06 09:48:34 [INFO] Remote files found: 0
2026-09-06 09:48:35 [INFO] System metrics updated.
2026-09-06 09:48:35 [INFO] System metrics updated.
2026-09-06 09:48:35 [INFO] System metrics updated.
2026-09-06 09:48:40 [INFO] System metrics updated.
2026-09-06 09:48:40 [INFO] System metrics updated.
2026-09-06 09:48:40 [INFO] System metrics updated.
2026-09-06 09:48:45 [INFO] System metrics updated.
2026-09-06 09:48:45 [INFO] System metrics updated.
2026-09-06 09:48:45 [INFO] System metrics updated.
2026-09-06 09:48:50 [INFO] System metrics updated.
2026-09-06 09:48:50 [INFO] System metrics updated.
2026-09-06 09:48:50 [INFO] System metrics updated.
2026-09-06 09:48:55 [INFO] System metrics updated.
2026-09-06 09:48:55 [INFO] System metrics updated.
2026-09-06 09:48:55 [INFO] System metrics updated.
2026-09-06 09:49:00 [INFO] System metrics updated.
2026-09-06 09:49:00 [INFO] System metrics updated.
2026-09-06 09:49:00 [INFO] System metrics updated.
2026-09-06 09:49:04 [INFO] Scanning file directories...
2026-09-06 09:49:04 [INFO] Scanning file directories...
2026-09-06 09:49:04 [INFO] Scanning file directories...
2026-09-06 09:49:04 [INFO] Local files found: 0
2026-09-06 09:49:04 [INFO] Local files found: 0
2026-09-06 09:49:04 [INFO] Local files found: 0
2026-09-06 09:49:04 [INFO] Remote files found: 0
2026-09-06 09:49:04 [INFO] Remote files found: 0
2026-09-06 09:49:04 [INFO] Remote files found: 0
2026-09-06 09:49:05 [INFO] System metrics updated.
2026-09-06 09:49:05 [INFO] System metrics updated.
2026-09-06 09:49:05 [INFO] System metrics updated.
2026-09-06 09:49:10 [INFO] System metrics updated.
2026-09-06 09:49:10 [INFO] System metrics updated.
2026-09-06 09:49:10 [INFO] System metrics updated.
2026-09-06 09:49:15 [INFO] System metrics updated.
2026-09-06 09:49:15 [INFO] System metrics updated.
2026-09-06 09:49:15 [INFO] System metrics updated.
2026-09-06 09:49:20 [INFO] System metrics updated.
2026-09-06 09:49:20 [INFO] System metrics updated.
2026-09-06 09:49:20 [INFO] System metrics updated.
2026-09-06 09:49:25 [INFO] System metrics updated.
2026-09-06 09:49:25 [INFO] System metrics updated.
2026-09-06 09:49:25 [INFO] System metrics updated.
2026-09-06 09:49:30 [INFO] System metrics updated.
2026-09-06 09:49:30 [INFO] System metrics updated.
2026-09-06 09:49:30 [INFO] System metrics updated.
2026-09-06 09:49:34 [INFO] Scanning file directories...
2026-09-06 09:49:34 [INFO] Scanning file directories...
2026-09-06 09:49:34 [INFO] Scanning file directories...
2026-09-06 09:49:34 [INFO] Local files found: 0
2026-09-06 09:49:34 [INFO] Local files found: 0
2026-09-06 09:49:34 [INFO] Local files found: 0
2026-09-06 09:49:34 [INFO] Remote files found: 0
2026-09-06 09:49:34 [INFO] Remote files found: 0
2026-09-06 09:49:34 [INFO] Remote files found: 0
2026-09-06 09:49:35 [INFO] System metrics updated.
2026-09-06 09:49:35 [INFO] System metrics updated.
2026-09-06 09:49:35 [INFO] System metrics updated.
2026-09-06 09:49:40 [INFO] System metrics updated.
2026-09-06 09:49:40 [INFO] System metrics updated.
2026-09-06 09:49:40 [INFO] System metrics updated.
2026-09-06 09:49:45 [INFO] System metrics updated.
2026-09-06 09:49:45 [INFO] System metrics updated.
2026-09-06 09:49:45 [INFO] System metrics updated.
2026-09-06 09:49:50 [INFO] System metrics updated.
2026-09-06 09:49:50 [INFO] System metrics updated.
2026-09-06 09:49:50 [INFO] System metrics updated.
2026-09-06 09:49:55 [INFO] System metrics updated.
2026-09-06 09:49:55 [INFO] System metrics updated.
2026-09-06 09:49:55 [INFO] System metrics updated.
2026-09-06 09:50:00 [INFO] System metrics updated.
2026-09-06 09:50:00 [INFO] System metrics updated.
2026-09-06 09:50:00 [INFO] System metrics updated.
2026-09-06 09:50:04 [INFO] Scanning file directories...
2026-09-06 09:50:04 [INFO] Scanning file directories...
2026-09-06 09:50:04 [INFO] Scanning file directories...
2026-09-06 09:50:04 [INFO] Local files found: 0
2026-09-06 09:50:04 [INFO] Local files found: 0
2026-09-06 09:50:04 [INFO] Local files found: 0
2026-09-06 09:50:04 [INFO] Remote files found: 0
2026-09-06 09:50:04 [INFO] Remote files found: 0
2026-09-06 09:50:04 [INFO] Remote files found: 0
2026-09-06 09:50:05 [INFO] System metrics updated.
2026-09-06 09:50:05 [INFO] System metrics updated.
2026-09-06 09:50:05 [INFO] System metrics updated.
2026-09-06 09:50:10 [INFO] System metrics updated.
2026-09-06 09:50:10 [INFO] System metrics updated.
2026-09-06 09:50:10 [INFO] System metrics updated.
2026-09-06 09:50:15 [INFO] System metrics updated.
2026-09-06 09:50:15 [INFO] System metrics updated.
2026-09-06 09:50:15 [INFO] System metrics updated.
2026-09-06 09:50:20 [INFO] System metrics updated.
2026-09-06 09:50:20 [INFO] System metrics updated.
2026-09-06 09:50:20 [INFO] System metrics updated.
2026-09-06 09:50:25 [INFO] System metrics updated.
2026-09-06 09:50:25 [INFO] System metrics updated.
2026-09-06 09:50:25 [INFO] System metrics updated.
2026-09-06 09:50:30 [INFO] System metrics updated.
2026-09-06 09:50:30 [INFO] System metrics updated.
2026-09-06 09:50:30 [INFO] System metrics updated.
2026-09-06 09:50:34 [INFO] Scanning file directories...
2026-09-06 09:50:34 [INFO] Scanning file directories...
2026-09-06 09:50:34 [INFO] Scanning file directories...
2026-09-06 09:50:34 [INFO] Local files found: 0
2026-09-06 09:50:34 [INFO] Local files found: 0
2026-09-06 09:50:34 [INFO] Local files found: 0
2026-09-06 09:50:34 [INFO] Remote files found: 0
2026-09-06 09:50:34 [INFO] Remote files found: 0
2026-09-06 09:50:34 [INFO] Remote files found: 0
2026-09-06 09:50:35 [INFO] System metrics updated.
2026-09-06 09:50:35 [INFO] System metrics updated.
2026-09-06 09:50:35 [INFO] System metrics updated.
2026-09-06 09:50:40 [INFO] System metrics updated.
2026-09-06 09:50:40 [INFO] System metrics updated.
2026-09-06 09:50:40 [INFO] System metrics updated.
2026-09-06 09:50:45 [INFO] System metrics updated.
2026-09-06 09:50:45 [INFO] System metrics updated.
2026-09-06 09:50:45 [INFO] System metrics updated.
2026-09-06 09:50:50 [INFO] System metrics updated.
2026-09-06 09:50:50 [INFO] System metrics updated.
2026-09-06 09:50:50 [INFO] System metrics updated.
2026-09-06 09:50:55 [INFO] System metrics updated.
2026-09-06 09:50:55 [INFO] System metrics updated.
2026-09-06 09:50:55 [INFO] System metrics updated.
2026-09-06 09:51:00 [INFO] System metrics updated.
2026-09-06 09:51:00 [INFO] System metrics updated.
2026-09-06 09:51:00 [INFO] System metrics updated.
2026-09-06 09:51:04 [INFO] Scanning file directories...
2026-09-06 09:51:04 [INFO] Scanning file directories...
2026-09-06 09:51:04 [INFO] Scanning file directories...
2026-09-06 09:51:04 [INFO] Local files found: 0
2026-09-06 09:51:04 [INFO] Local files found: 0
2026-09-06 09:51:04 [INFO] Local files found: 0
2026-09-06 09:51:04 [INFO] Remote files found: 0
2026-09-06 09:51:04 [INFO] Remote files found: 0
2026-09-06 09:51:04 [INFO] Remote files found: 0
2026-09-06 09:51:05 [INFO] System metrics updated.
2026-09-06 09:51:05 [INFO] System metrics updated.
2026-09-06 09:51:05 [INFO] System metrics updated.
2026-09-06 09:51:10 [INFO] System metrics updated.
2026-09-06 09:51:10 [INFO] System metrics updated.
2026-09-06 09:51:10 [INFO] System metrics updated.
2026-09-06 09:51:15 [INFO] System metrics updated.
2026-09-06 09:51:15 [INFO] System metrics updated.
2026-09-06 09:51:15 [INFO] System metrics updated.
2026-09-06 09:51:20 [INFO] System metrics updated.
2026-09-06 09:51:20 [INFO] System metrics updated.
2026-09-06 09:51:20 [INFO] System metrics updated.
2026-09-06 09:51:25 [INFO] System metrics updated.
2026-09-06 09:51:25 [INFO] System metrics updated.
2026-09-06 09:51:25 [INFO] System metrics updated.
2026-09-06 09:51:30 [INFO] System metrics updated.
2026-09-06 09:51:30 [INFO] System metrics updated.
2026-09-06 09:51:30 [INFO] System metrics updated.
2026-09-06 09:51:34 [INFO] Scanning file directories...
2026-09-06 09:51:34 [INFO] Scanning file directories...
2026-09-06 09:51:34 [INFO] Scanning file directories...
2026-09-06 09:51:34 [INFO] Local files found: 0
2026-09-06 09:51:34 [INFO] Local files found: 0
2026-09-06 09:51:34 [INFO] Local files found: 0
2026-09-06 09:51:34 [INFO] Remote files found: 0
2026-09-06 09:51:34 [INFO] Remote files found: 0
2026-09-06 09:51:34 [INFO] Remote files found: 0
2026-09-06 09:51:35 [INFO] System metrics updated.
2026-09-06 09:51:35 [INFO] System metrics updated.
2026-09-06 09:51:35 [INFO] System metrics updated.
2026-09-06 09:51:41 [INFO] Scanning file directories...
2026-09-06 09:51:41 [INFO] Scanning file directories...
2026-09-06 09:51:41 [INFO] Scanning file directories...
2026-09-06 09:51:41 [INFO] Local files found: 0
2026-09-06 09:51:41 [INFO] Local files found: 0
2026-09-06 09:51:41 [INFO] Local files found: 0
2026-09-06 09:51:41 [INFO] Starting metrics exporter...
2026-09-06 09:51:41 [INFO] Starting metrics exporter...
2026-09-06 09:51:41 [INFO] Starting metrics exporter...
2026-09-06 09:51:41 [INFO] Remote files found: 0
2026-09-06 09:51:41 [INFO] Remote files found: 0
2026-09-06 09:51:41 [INFO] Remote files found: 0
2026-09-06 09:51:41 [INFO] System metrics updated.
2026-09-06 09:51:41 [INFO] System metrics updated.
2026-09-06 09:51:41 [INFO] System metrics updated.
2026-09-06 09:51:46 [INFO] System metrics updated.
2026-09-06 09:51:46 [INFO] System metrics updated.
2026-09-06 09:51:46 [INFO] System metrics updated.
2026-09-06 09:51:51 [INFO] System metrics updated.
2026-09-06 09:51:51 [INFO] System metrics updated.
2026-09-06 09:51:51 [INFO] System metrics updated.
2026-09-06 09:51:56 [INFO] System metrics updated.
2026-09-06 09:51:56 [INFO] System metrics updated.
2026-09-06 09:51:56 [INFO] System metrics updated.
2026-09-06 09:52:01 [INFO] System metrics updated.
2026-09-06 09:52:01 [INFO] System metrics updated.
2026-09-06 09:52:01 [INFO] System metrics updated.
2026-09-06 09:52:06 [INFO] System metrics updated.
2026-09-06 09:52:06 [INFO] System metrics updated.
2026-09-06 09:52:06 [INFO] System metrics updated.
2026-09-06 09:52:11 [INFO] Scanning file directories...
2026-09-06 09:52:11 [INFO] Scanning file directories...
2026-09-06 09:52:11 [INFO] Scanning file directories...
2026-09-06 09:52:11 [INFO] Local files found: 0
2026-09-06 09:52:11 [INFO] Local files found: 0
2026-09-06 09:52:11 [INFO] Local files found: 0
2026-09-06 09:52:11 [INFO] Remote files found: 0
2026-09-06 09:52:11 [INFO] Remote files found: 0
2026-09-06 09:52:11 [INFO] Remote files found: 0
2026-09-06 09:52:11 [INFO] System metrics updated.
2026-09-06 09:52:11 [INFO] System metrics updated.
2026-09-06 09:52:11 [INFO] System metrics updated.
2026-09-06 09:52:16 [INFO] System metrics updated.
2026-09-06 09:52:16 [INFO] System metrics updated.
2026-09-06 09:52:16 [INFO] System metrics updated.
2026-09-06 09:52:21 [INFO] System metrics updated.
2026-09-06 09:52:21 [INFO] System metrics updated.
2026-09-06 09:52:21 [INFO] System metrics updated.
2026-09-06 09:52:26 [INFO] System metrics updated.
2026-09-06 09:52:26 [INFO] System metrics updated.
2026-09-06 09:52:26 [INFO] System metrics updated.
2026-09-06 09:52:31 [INFO] System metrics updated.
2026-09-06 09:52:31 [INFO] System metrics updated.
2026-09-06 09:52:31 [INFO] System metrics updated.
2026-09-06 09:52:36 [INFO] System metrics updated.
2026-09-06 09:52:36 [INFO] System metrics updated.
2026-09-06 09:52:36 [INFO] System metrics updated.
2026-09-06 09:52:41 [INFO] Scanning file directories...
2026-09-06 09:52:41 [INFO] Scanning file directories...
2026-09-06 09:52:41 [INFO] Scanning file directories...
2026-09-06 09:52:41 [INFO] Local files found: 0
2026-09-06 09:52:41 [INFO] Local files found: 0
2026-09-06 09:52:41 [INFO] Local files found: 0
2026-09-06 09:52:41 [INFO] Remote files found: 0
2026-09-06 09:52:41 [INFO] Remote files found: 0
2026-09-06 09:52:41 [INFO] Remote files found: 0
2026-09-06 09:52:41 [INFO] System metrics updated.
2026-09-06 09:52:41 [INFO] System metrics updated.
2026-09-06 09:52:41 [INFO] System metrics updated.
2026-09-06 09:52:46 [INFO] System metrics updated.
2026-09-06 09:52:46 [INFO] System metrics updated.
2026-09-06 09:52:46 [INFO] System metrics updated.
2026-09-06 09:52:51 [INFO] System metrics updated.
2026-09-06 09:52:51 [INFO] System metrics updated.
2026-09-06 09:52:51 [INFO] System metrics updated.
2026-09-06 09:52:56 [INFO] System metrics updated.
2026-09-06 09:52:56 [INFO] System metrics updated.
2026-09-06 09:52:56 [INFO] System metrics updated.
2026-09-06 09:53:01 [INFO] System metrics updated.
2026-09-06 09:53:01 [INFO] System metrics updated.
2026-09-06 09:53:01 [INFO] System metrics updated.
2026-09-06 09:53:06 [INFO] System metrics updated.
2026-09-06 09:53:06 [INFO] System metrics updated.
2026-09-06 09:53:06 [INFO] System metrics updated.
2026-09-06 09:53:11 [INFO] Scanning file directories...
2026-09-06 09:53:11 [INFO] Scanning file directories...
2026-09-06 09:53:11 [INFO] Scanning file directories...
2026-09-06 09:53:11 [INFO] Local files found: 0
2026-09-06 09:53:11 [INFO] Local files found: 0
2026-09-06 09:53:11 [INFO] Local files found: 0
2026-09-06 09:53:11 [INFO] Remote files found: 0
2026-09-06 09:53:11 [INFO] Remote files found: 0
2026-09-06 09:53:11 [INFO] Remote files found: 0
2026-09-06 09:53:11 [INFO] System metrics updated.
2026-09-06 09:53:11 [INFO] System metrics updated.
2026-09-06 09:53:11 [INFO] System metrics updated.
2026-09-06 09:53:16 [INFO] System metrics updated.
2026-09-06 09:53:16 [INFO] System metrics updated.
2026-09-06 09:53:16 [INFO] System metrics updated.
2026-09-06 09:53:21 [INFO] System metrics updated.
2026-09-06 09:53:21 [INFO] System metrics updated.
2026-09-06 09:53:21 [INFO] System metrics updated.
2026-09-06 09:53:27 [INFO] System metrics updated.
2026-09-06 09:53:27 [INFO] System metrics updated.
2026-09-06 09:53:27 [INFO] System metrics updated.
2026-09-06 09:53:32 [INFO] System metrics updated.
2026-09-06 09:53:32 [INFO] System metrics updated.
2026-09-06 09:53:32 [INFO] System metrics updated.
2026-09-06 09:53:37 [INFO] System metrics updated.
2026-09-06 09:53:37 [INFO] System metrics updated.
2026-09-06 09:53:37 [INFO] System metrics updated.
2026-09-06 09:53:41 [INFO] Scanning file directories...
2026-09-06 09:53:41 [INFO] Scanning file directories...
2026-09-06 09:53:41 [INFO] Scanning file directories...
2026-09-06 09:53:41 [INFO] Local files found: 0
2026-09-06 09:53:41 [INFO] Local files found: 0
2026-09-06 09:53:41 [INFO] Local files found: 0
2026-09-06 09:53:41 [INFO] Remote files found: 0
2026-09-06 09:53:41 [INFO] Remote files found: 0
2026-09-06 09:53:41 [INFO] Remote files found: 0
2026-09-06 09:53:42 [INFO] System metrics updated.
2026-09-06 09:53:42 [INFO] System metrics updated.
2026-09-06 09:53:42 [INFO] System metrics updated.
2026-09-06 09:53:47 [INFO] System metrics updated.
2026-09-06 09:53:47 [INFO] System metrics updated.
2026-09-06 09:53:47 [INFO] System metrics updated.
2026-09-06 09:53:52 [INFO] System metrics updated.
2026-09-06 09:53:52 [INFO] System metrics updated.
2026-09-06 09:53:52 [INFO] System metrics updated.
2026-09-06 09:53:57 [INFO] System metrics updated.
2026-09-06 09:53:57 [INFO] System metrics updated.
2026-09-06 09:53:57 [INFO] System metrics updated.
2026-09-06 09:54:02 [INFO] System metrics updated.
2026-09-06 09:54:02 [INFO] System metrics updated.
2026-09-06 09:54:02 [INFO] System metrics updated.
2026-09-06 09:54:07 [INFO] System metrics updated.
2026-09-06 09:54:07 [INFO] System metrics updated.
2026-09-06 09:54:07 [INFO] System metrics updated.
2026-09-06 09:54:11 [INFO] Scanning file directories...
2026-09-06 09:54:11 [INFO] Scanning file directories...
2026-09-06 09:54:11 [INFO] Scanning file directories...
2026-09-06 09:54:11 [INFO] Local files found: 0
2026-09-06 09:54:11 [INFO] Local files found: 0
2026-09-06 09:54:11 [INFO] Local files found: 0
2026-09-06 09:54:11 [INFO] Remote files found: 0
2026-09-06 09:54:11 [INFO] Remote files found: 0
2026-09-06 09:54:11 [INFO] Remote files found: 0
2026-09-06 09:54:12 [INFO] System metrics updated.
2026-09-06 09:54:12 [INFO] System metrics updated.
2026-09-06 09:54:12 [INFO] System metrics updated.
2026-09-06 09:54:17 [INFO] System metrics updated.
2026-09-06 09:54:17 [INFO] System metrics updated.
2026-09-06 09:54:17 [INFO] System metrics updated.
2026-09-06 09:54:22 [INFO] System metrics updated.
2026-09-06 09:54:22 [INFO] System metrics updated.
2026-09-06 09:54:22 [INFO] System metrics updated.
2026-09-06 09:54:27 [INFO] System metrics updated.
2026-09-06 09:54:27 [INFO] System metrics updated.
2026-09-06 09:54:27 [INFO] System metrics updated.
2026-09-06 09:54:32 [INFO] System metrics updated.
2026-09-06 09:54:32 [INFO] System metrics updated.
2026-09-06 09:54:32 [INFO] System metrics updated.
2026-09-06 09:54:37 [INFO] System metrics updated.
2026-09-06 09:54:37 [INFO] System metrics updated.
2026-09-06 09:54:37 [INFO] System metrics updated.
2026-09-06 09:54:41 [INFO] Scanning file directories...
2026-09-06 09:54:41 [INFO] Scanning file directories...
2026-09-06 09:54:41 [INFO] Scanning file directories...
2026-09-06 09:54:41 [INFO] Local files found: 0
2026-09-06 09:54:41 [INFO] Local files found: 0
2026-09-06 09:54:41 [INFO] Local files found: 0
2026-09-06 09:54:41 [INFO] Remote files found: 0
2026-09-06 09:54:41 [INFO] Remote files found: 0
2026-09-06 09:54:41 [INFO] Remote files found: 0
2026-09-06 09:54:42 [INFO] System metrics updated.
2026-09-06 09:54:42 [INFO] System metrics updated.
2026-09-06 09:54:42 [INFO] System metrics updated.
2026-09-06 09:54:47 [INFO] System metrics updated.
2026-09-06 09:54:47 [INFO] System metrics updated.
2026-09-06 09:54:47 [INFO] System metrics updated.
2026-09-06 09:54:52 [INFO] System metrics updated.
2026-09-06 09:54:52 [INFO] System metrics updated.
2026-09-06 09:54:52 [INFO] System metrics updated.
2026-09-06 09:54:57 [INFO] System metrics updated.
2026-09-06 09:54:57 [INFO] System metrics updated.
2026-09-06 09:54:57 [INFO] System metrics updated.
2026-09-06 09:55:02 [INFO] System metrics updated.
2026-09-06 09:55:02 [INFO] System metrics updated.
2026-09-06 09:55:02 [INFO] System metrics updated.
2026-09-06 09:55:07 [INFO] System metrics updated.
2026-09-06 09:55:07 [INFO] System metrics updated.
2026-09-06 09:55:07 [INFO] System metrics updated.
2026-09-06 09:55:11 [INFO] Scanning file directories...
2026-09-06 09:55:11 [INFO] Scanning file directories...
2026-09-06 09:55:11 [INFO] Scanning file directories...
2026-09-06 09:55:11 [INFO] Local files found: 0
2026-09-06 09:55:11 [INFO] Local files found: 0
2026-09-06 09:55:11 [INFO] Local files found: 0
2026-09-06 09:55:11 [INFO] Remote files found: 0
2026-09-06 09:55:11 [INFO] Remote files found: 0
2026-09-06 09:55:11 [INFO] Remote files found: 0
2026-09-06 09:55:12 [INFO] System metrics updated.
2026-09-06 09:55:12 [INFO] System metrics updated.
2026-09-06 09:55:12 [INFO] System metrics updated.
2026-09-06 09:55:17 [INFO] System metrics updated.
2026-09-06 09:55:17 [INFO] System metrics updated.
2026-09-06 09:55:17 [INFO] System metrics updated.
2026-09-06 09:55:22 [INFO] System metrics updated.
2026-09-06 09:55:22 [INFO] System metrics updated.
2026-09-06 09:55:22 [INFO] System metrics updated.
2026-09-06 09:55:27 [INFO] System metrics updated.
2026-09-06 09:55:27 [INFO] System metrics updated.
2026-09-06 09:55:27 [INFO] System metrics updated.
2026-09-06 09:55:32 [INFO] System metrics updated.
2026-09-06 09:55:32 [INFO] System metrics updated.
2026-09-06 09:55:32 [INFO] System metrics updated.
2026-09-06 09:55:37 [INFO] System metrics updated.
2026-09-06 09:55:37 [INFO] System metrics updated.
2026-09-06 09:55:37 [INFO] System metrics updated.
2026-09-06 09:55:41 [INFO] Scanning file directories...
2026-09-06 09:55:41 [INFO] Scanning file directories...
2026-09-06 09:55:41 [INFO] Scanning file directories...
2026-09-06 09:55:41 [INFO] Local files found: 0
2026-09-06 09:55:41 [INFO] Local files found: 0
2026-09-06 09:55:41 [INFO] Local files found: 0
2026-09-06 09:55:41 [INFO] Remote files found: 0
2026-09-06 09:55:41 [INFO] Remote files found: 0
2026-09-06 09:55:41 [INFO] Remote files found: 0
2026-09-06 09:55:42 [INFO] System metrics updated.
2026-09-06 09:55:42 [INFO] System metrics updated.
2026-09-06 09:55:42 [INFO] System metrics updated.
2026-09-06 09:55:47 [INFO] System metrics updated.
2026-09-06 09:55:47 [INFO] System metrics updated.
2026-09-06 09:55:47 [INFO] System metrics updated.
2026-09-06 09:55:52 [INFO] System metrics updated.
2026-09-06 09:55:52 [INFO] System metrics updated.
2026-09-06 09:55:52 [INFO] System metrics updated.
2026-09-06 09:55:57 [INFO] System metrics updated.
2026-09-06 09:55:57 [INFO] System metrics updated.
2026-09-06 09:55:57 [INFO] System metrics updated.
2026-09-06 09:56:02 [INFO] System metrics updated.
2026-09-06 09:56:02 [INFO] System metrics updated.
2026-09-06 09:56:02 [INFO] System metrics updated.
2026-09-06 09:56:07 [INFO] System metrics updated.
2026-09-06 09:56:07 [INFO] System metrics updated.
2026-09-06 09:56:07 [INFO] System metrics updated.
2026-09-06 09:56:11 [INFO] Scanning file directories...
2026-09-06 09:56:11 [INFO] Scanning file directories...
2026-09-06 09:56:11 [INFO] Scanning file directories...
2026-09-06 09:56:11 [INFO] Local files found: 0
2026-09-06 09:56:11 [INFO] Local files found: 0
2026-09-06 09:56:11 [INFO] Local files found: 0
2026-09-06 09:56:11 [INFO] Remote files found: 0
2026-09-06 09:56:11 [INFO] Remote files found: 0
2026-09-06 09:56:11 [INFO] Remote files found: 0
2026-09-06 09:56:12 [INFO] System metrics updated.
2026-09-06 09:56:12 [INFO] System metrics updated.
2026-09-06 09:56:12 [INFO] System metrics updated.
2026-09-06 09:56:17 [INFO] System metrics updated.
2026-09-06 09:56:17 [INFO] System metrics updated.
2026-09-06 09:56:17 [INFO] System metrics updated.
2026-09-06 09:56:22 [INFO] System metrics updated.
2026-09-06 09:56:22 [INFO] System metrics updated.
2026-09-06 09:56:22 [INFO] System metrics updated.
2026-09-06 09:56:27 [INFO] System metrics updated.
2026-09-06 09:56:27 [INFO] System metrics updated.
2026-09-06 09:56:27 [INFO] System metrics updated.
2026-09-06 09:56:32 [INFO] System metrics updated.
2026-09-06 09:56:32 [INFO] System metrics updated.
2026-09-06 09:56:32 [INFO] System metrics updated.
2026-09-06 09:56:37 [INFO] System metrics updated.
2026-09-06 09:56:37 [INFO] System metrics updated.
2026-09-06 09:56:37 [INFO] System metrics updated.
2026-09-06 09:56:42 [INFO] Scanning file directories...
2026-09-06 09:56:42 [INFO] Scanning file directories...
2026-09-06 09:56:42 [INFO] Scanning file directories...
2026-09-06 09:56:42 [INFO] Local files found: 0
2026-09-06 09:56:42 [INFO] Local files found: 0
2026-09-06 09:56:42 [INFO] Local files found: 0
2026-09-06 09:56:42 [INFO] Remote files found: 0
2026-09-06 09:56:42 [INFO] Remote files found: 0
2026-09-06 09:56:42 [INFO] Remote files found: 0
2026-09-06 09:56:42 [INFO] System metrics updated.
2026-09-06 09:56:42 [INFO] System metrics updated.
2026-09-06 09:56:42 [INFO] System metrics updated.
2026-09-06 09:56:47 [INFO] System metrics updated.
2026-09-06 09:56:47 [INFO] System metrics updated.
2026-09-06 09:56:47 [INFO] System metrics updated.
2026-09-06 09:56:52 [INFO] System metrics updated.
2026-09-06 09:56:52 [INFO] System metrics updated.
2026-09-06 09:56:52 [INFO] System metrics updated.
2026-09-06 09:56:57 [INFO] System metrics updated.
2026-09-06 09:56:57 [INFO] System metrics updated.
2026-09-06 09:56:57 [INFO] System metrics updated.
2026-09-06 09:57:02 [INFO] System metrics updated.
2026-09-06 09:57:02 [INFO] System metrics updated.
2026-09-06 09:57:02 [INFO] System metrics updated.
2026-09-06 09:57:07 [INFO] System metrics updated.
2026-09-06 09:57:07 [INFO] System metrics updated.
2026-09-06 09:57:07 [INFO] System metrics updated.
2026-09-06 09:57:12 [INFO] Scanning file directories...
2026-09-06 09:57:12 [INFO] Scanning file directories...
2026-09-06 09:57:12 [INFO] Scanning file directories...
2026-09-06 09:57:12 [INFO] Local files found: 0
2026-09-06 09:57:12 [INFO] Local files found: 0
2026-09-06 09:57:12 [INFO] Local files found: 0
2026-09-06 09:57:12 [INFO] Remote files found: 0
2026-09-06 09:57:12 [INFO] Remote files found: 0
2026-09-06 09:57:12 [INFO] Remote files found: 0
2026-09-06 09:57:12 [INFO] System metrics updated.
2026-09-06 09:57:12 [INFO] System metrics updated.
2026-09-06 09:57:12 [INFO] System metrics updated.
2026-09-06 09:57:17 [INFO] System metrics updated.
2026-09-06 09:57:17 [INFO] System metrics updated.
2026-09-06 09:57:17 [INFO] System metrics updated.
2026-09-06 09:57:22 [INFO] System metrics updated.
2026-09-06 09:57:22 [INFO] System metrics updated.
2026-09-06 09:57:22 [INFO] System metrics updated.
2026-09-06 09:57:27 [INFO] System metrics updated.
2026-09-06 09:57:27 [INFO] System metrics updated.
2026-09-06 09:57:27 [INFO] System metrics updated.
2026-09-06 09:57:32 [INFO] System metrics updated.
2026-09-06 09:57:32 [INFO] System metrics updated.
2026-09-06 09:57:32 [INFO] System metrics updated.
2026-09-06 09:57:37 [INFO] System metrics updated.
2026-09-06 09:57:37 [INFO] System metrics updated.
2026-09-06 09:57:37 [INFO] System metrics updated.
2026-09-06 09:57:42 [INFO] Scanning file directories...
2026-09-06 09:57:42 [INFO] Scanning file directories...
2026-09-06 09:57:42 [INFO] Scanning file directories...
2026-09-06 09:57:42 [INFO] Local files found: 0
2026-09-06 09:57:42 [INFO] Local files found: 0
2026-09-06 09:57:42 [INFO] Local files found: 0
2026-09-06 09:57:42 [INFO] Remote files found: 0
2026-09-06 09:57:42 [INFO] Remote files found: 0
2026-09-06 09:57:42 [INFO] Remote files found: 0
2026-09-06 09:57:42 [INFO] System metrics updated.
2026-09-06 09:57:42 [INFO] System metrics updated.
2026-09-06 09:57:42 [INFO] System metrics updated.
2026-09-06 09:57:47 [INFO] System metrics updated.
2026-09-06 09:57:47 [INFO] System metrics updated.
2026-09-06 09:57:47 [INFO] System metrics updated.
2026-09-06 09:57:52 [INFO] System metrics updated.
2026-09-06 09:57:52 [INFO] System metrics updated.
2026-09-06 09:57:52 [INFO] System metrics updated.
2026-09-06 09:57:57 [INFO] System metrics updated.
2026-09-06 09:57:57 [INFO] System metrics updated.
2026-09-06 09:57:57 [INFO] System metrics updated.
2026-09-06 09:58:03 [INFO] System metrics updated.
2026-09-06 09:58:03 [INFO] System metrics updated.
2026-09-06 09:58:03 [INFO] System metrics updated.
2026-09-06 09:58:03 [INFO] Scanning file directories...
2026-09-06 09:58:03 [INFO] Starting metrics exporter...
2026-09-06 09:58:03 [INFO] Scanning file directories...
2026-09-06 09:58:03 [INFO] Starting metrics exporter...
2026-09-06 09:58:03 [INFO] Scanning file directories...
2026-09-06 09:58:03 [INFO] Local files found: 0
2026-09-06 09:58:03 [INFO] Local files found: 0
2026-09-06 09:58:03 [INFO] Local files found: 0
2026-09-06 09:58:03 [INFO] Remote files found: 0
2026-09-06 09:58:03 [INFO] Remote files found: 0
2026-09-06 09:58:03 [INFO] Remote files found: 0
2026-09-06 09:58:03 [INFO] Starting metrics exporter...
2026-09-06 09:58:08 [INFO] System metrics updated.
2026-09-06 09:58:08 [INFO] System metrics updated.
2026-09-06 09:58:08 [INFO] System metrics updated.
2026-09-06 09:58:13 [INFO] System metrics updated.
2026-09-06 09:58:13 [INFO] System metrics updated.
2026-09-06 09:58:13 [INFO] System metrics updated.
2026-09-06 09:58:18 [INFO] System metrics updated.
2026-09-06 09:58:18 [INFO] System metrics updated.
2026-09-06 09:58:18 [INFO] System metrics updated.
2026-09-06 09:58:23 [INFO] System metrics updated.
2026-09-06 09:58:23 [INFO] System metrics updated.
2026-09-06 09:58:23 [INFO] System metrics updated.
2026-09-06 09:58:28 [INFO] System metrics updated.
2026-09-06 09:58:28 [INFO] System metrics updated.
2026-09-06 09:58:28 [INFO] System metrics updated.
2026-09-06 09:58:33 [INFO] Scanning file directories...
2026-09-06 09:58:33 [INFO] Scanning file directories...
2026-09-06 09:58:33 [INFO] Scanning file directories...
2026-09-06 09:58:33 [INFO] Local files found: 0
2026-09-06 09:58:33 [INFO] Local files found: 0
2026-09-06 09:58:33 [INFO] Local files found: 0
2026-09-06 09:58:33 [INFO] Remote files found: 0
2026-09-06 09:58:33 [INFO] Remote files found: 0
2026-09-06 09:58:33 [INFO] Remote files found: 0
2026-09-06 09:58:33 [INFO] System metrics updated.
2026-09-06 09:58:33 [INFO] System metrics updated.
2026-09-06 09:58:33 [INFO] System metrics updated.
2026-09-06 09:58:38 [INFO] System metrics updated.
2026-09-06 09:58:38 [INFO] System metrics updated.
2026-09-06 09:58:38 [INFO] System metrics updated.
2026-09-06 09:58:43 [INFO] System metrics updated.
2026-09-06 09:58:43 [INFO] System metrics updated.
2026-09-06 09:58:43 [INFO] System metrics updated.
2026-09-06 09:58:48 [INFO] System metrics updated.
2026-09-06 09:58:48 [INFO] System metrics updated.
2026-09-06 09:58:48 [INFO] System metrics updated.
2026-09-06 09:58:53 [INFO] System metrics updated.
2026-09-06 09:58:53 [INFO] System metrics updated.
2026-09-06 09:58:53 [INFO] System metrics updated.
2026-09-06 09:58:58 [INFO] System metrics updated.
2026-09-06 09:58:58 [INFO] System metrics updated.
2026-09-06 09:58:58 [INFO] System metrics updated.
2026-09-06 09:59:03 [INFO] Scanning file directories...
2026-09-06 09:59:03 [INFO] Scanning file directories...
2026-09-06 09:59:03 [INFO] Scanning file directories...
2026-09-06 09:59:03 [INFO] Local files found: 0
2026-09-06 09:59:03 [INFO] Local files found: 0
2026-09-06 09:59:03 [INFO] Local files found: 0
2026-09-06 09:59:03 [INFO] Remote files found: 0
2026-09-06 09:59:03 [INFO] Remote files found: 0
2026-09-06 09:59:03 [INFO] Remote files found: 0
2026-09-06 09:59:03 [INFO] System metrics updated.
2026-09-06 09:59:03 [INFO] System metrics updated.
2026-09-06 09:59:03 [INFO] System metrics updated.
2026-09-06 09:59:08 [INFO] System metrics updated.
2026-09-06 09:59:08 [INFO] System metrics updated.
2026-09-06 09:59:08 [INFO] System metrics updated.
2026-09-06 09:59:13 [INFO] System metrics updated.
2026-09-06 09:59:13 [INFO] System metrics updated.
2026-09-06 09:59:13 [INFO] System metrics updated.
2026-09-06 09:59:18 [INFO] System metrics updated.
2026-09-06 09:59:18 [INFO] System metrics updated.
2026-09-06 09:59:18 [INFO] System metrics updated.
2026-09-06 09:59:23 [INFO] System metrics updated.
2026-09-06 09:59:23 [INFO] System metrics updated.
2026-09-06 09:59:23 [INFO] System metrics updated.
2026-09-06 09:59:28 [INFO] System metrics updated.
2026-09-06 09:59:28 [INFO] System metrics updated.
2026-09-06 09:59:28 [INFO] System metrics updated.
2026-09-06 09:59:33 [INFO] Scanning file directories...
2026-09-06 09:59:33 [INFO] Scanning file directories...
2026-09-06 09:59:33 [INFO] Scanning file directories...
2026-09-06 09:59:33 [INFO] Local files found: 0
2026-09-06 09:59:33 [INFO] Local files found: 0
2026-09-06 09:59:33 [INFO] Local files found: 0
2026-09-06 09:59:33 [INFO] Remote files found: 0
2026-09-06 09:59:33 [INFO] Remote files found: 0
2026-09-06 09:59:33 [INFO] Remote files found: 0
2026-09-06 09:59:33 [INFO] System metrics updated.
2026-09-06 09:59:33 [INFO] System metrics updated.
2026-09-06 09:59:33 [INFO] System metrics updated.
2026-09-06 09:59:38 [INFO] System metrics updated.
2026-09-06 09:59:38 [INFO] System metrics updated.
2026-09-06 09:59:38 [INFO] System metrics updated.
2026-09-06 09:59:43 [INFO] System metrics updated.
2026-09-06 09:59:43 [INFO] System metrics updated.
2026-09-06 09:59:43 [INFO] System metrics updated.
2026-09-06 09:59:48 [INFO] System metrics updated.
2026-09-06 09:59:48 [INFO] System metrics updated.
2026-09-06 09:59:48 [INFO] System metrics updated.
2026-09-06 09:59:53 [INFO] System metrics updated.
2026-09-06 09:59:53 [INFO] System metrics updated.
2026-09-06 09:59:53 [INFO] System metrics updated.
2026-09-06 09:59:58 [INFO] System metrics updated.
2026-09-06 09:59:58 [INFO] System metrics updated.
2026-09-06 09:59:58 [INFO] System metrics updated.
2026-09-06 10:00:03 [INFO] Scanning file directories...
2026-09-06 10:00:03 [INFO] Scanning file directories...
2026-09-06 10:00:03 [INFO] Scanning file directories...
2026-09-06 10:00:03 [INFO] Local files found: 0
2026-09-06 10:00:03 [INFO] Local files found: 0
2026-09-06 10:00:03 [INFO] Local files found: 0
2026-09-06 10:00:03 [INFO] Remote files found: 0
2026-09-06 10:00:03 [INFO] Remote files found: 0
2026-09-06 10:00:03 [INFO] Remote files found: 0
2026-09-06 10:00:03 [INFO] System metrics updated.
2026-09-06 10:00:03 [INFO] System metrics updated.
2026-09-06 10:00:03 [INFO] System metrics updated.
2026-09-06 10:00:08 [INFO] System metrics updated.
2026-09-06 10:00:08 [INFO] System metrics updated.
2026-09-06 10:00:08 [INFO] System metrics updated.
2026-09-06 10:00:13 [INFO] System metrics updated.
2026-09-06 10:00:13 [INFO] System metrics updated.
2026-09-06 10:00:13 [INFO] System metrics updated.
2026-09-06 10:00:18 [INFO] System metrics updated.
2026-09-06 10:00:18 [INFO] System metrics updated.
2026-09-06 10:00:18 [INFO] System metrics updated.
2026-09-06 10:00:23 [INFO] System metrics updated.
2026-09-06 10:00:23 [INFO] System metrics updated.
2026-09-06 10:00:23 [INFO] System metrics updated.
2026-09-06 10:00:28 [INFO] System metrics updated.
2026-09-06 10:00:28 [INFO] System metrics updated.
2026-09-06 10:00:28 [INFO] System metrics updated.
2026-09-06 10:00:33 [INFO] Scanning file directories...
2026-09-06 10:00:33 [INFO] Scanning file directories...
2026-09-06 10:00:33 [INFO] Scanning file directories...
2026-09-06 10:00:33 [INFO] Local files found: 0
2026-09-06 10:00:33 [INFO] Local files found: 0
2026-09-06 10:00:33 [INFO] Local files found: 0
2026-09-06 10:00:33 [INFO] Remote files found: 0
2026-09-06 10:00:33 [INFO] Remote files found: 0
2026-09-06 10:00:33 [INFO] Remote files found: 0
2026-09-06 10:00:33 [INFO] System metrics updated.
2026-09-06 10:00:33 [INFO] System metrics updated.
2026-09-06 10:00:33 [INFO] System metrics updated.
2026-09-06 10:00:38 [INFO] System metrics updated.
2026-09-06 10:00:38 [INFO] System metrics updated.
2026-09-06 10:00:38 [INFO] System metrics updated.
2026-09-06 10:00:44 [INFO] System metrics updated.
2026-09-06 10:00:44 [INFO] System metrics updated.
2026-09-06 10:00:44 [INFO] System metrics updated.
2026-09-06 10:00:49 [INFO] System metrics updated.
2026-09-06 10:00:49 [INFO] System metrics updated.
2026-09-06 10:00:49 [INFO] System metrics updated.
2026-09-06 10:00:54 [INFO] System metrics updated.
2026-09-06 10:00:54 [INFO] System metrics updated.
2026-09-06 10:00:54 [INFO] System metrics updated.
2026-09-06 10:00:59 [INFO] System metrics updated.
2026-09-06 10:00:59 [INFO] System metrics updated.
2026-09-06 10:00:59 [INFO] System metrics updated.
2026-09-06 10:01:03 [INFO] Scanning file directories...
2026-09-06 10:01:03 [INFO] Scanning file directories...
2026-09-06 10:01:03 [INFO] Scanning file directories...
2026-09-06 10:01:03 [INFO] Local files found: 0
2026-09-06 10:01:03 [INFO] Local files found: 0
2026-09-06 10:01:03 [INFO] Local files found: 0
2026-09-06 10:01:03 [INFO] Remote files found: 0
2026-09-06 10:01:03 [INFO] Remote files found: 0
2026-09-06 10:01:03 [INFO] Remote files found: 0
2026-09-06 10:01:04 [INFO] System metrics updated.
2026-09-06 10:01:04 [INFO] System metrics updated.
2026-09-06 10:01:04 [INFO] System metrics updated.
2026-09-06 10:01:09 [INFO] System metrics updated.
2026-09-06 10:01:09 [INFO] System metrics updated.
2026-09-06 10:01:09 [INFO] System metrics updated.
2026-09-06 10:01:14 [INFO] System metrics updated.
2026-09-06 10:01:14 [INFO] System metrics updated.
2026-09-06 10:01:14 [INFO] System metrics updated.
2026-09-06 10:01:19 [INFO] System metrics updated.
2026-09-06 10:01:19 [INFO] System metrics updated.
2026-09-06 10:01:19 [INFO] System metrics updated.
2026-09-06 10:01:24 [INFO] System metrics updated.
2026-09-06 10:01:24 [INFO] System metrics updated.
2026-09-06 10:01:24 [INFO] System metrics updated.
2026-09-06 10:01:29 [INFO] System metrics updated.
2026-09-06 10:01:29 [INFO] System metrics updated.
2026-09-06 10:01:29 [INFO] System metrics updated.
2026-09-06 10:01:33 [INFO] Scanning file directories...
2026-09-06 10:01:33 [INFO] Scanning file directories...
2026-09-06 10:01:33 [INFO] Scanning file directories...
2026-09-06 10:01:33 [INFO] Local files found: 0
2026-09-06 10:01:33 [INFO] Local files found: 0
2026-09-06 10:01:33 [INFO] Local files found: 0
2026-09-06 10:01:33 [INFO] Remote files found: 0
2026-09-06 10:01:33 [INFO] Remote files found: 0
2026-09-06 10:01:33 [INFO] Remote files found: 0
2026-09-06 10:01:34 [INFO] System metrics updated.
2026-09-06 10:01:34 [INFO] System metrics updated.
2026-09-06 10:01:34 [INFO] System metrics updated.
2026-09-06 10:01:39 [INFO] System metrics updated.
2026-09-06 10:01:39 [INFO] System metrics updated.
2026-09-06 10:01:39 [INFO] System metrics updated.
2026-09-06 10:01:44 [INFO] System metrics updated.
2026-09-06 10:01:44 [INFO] System metrics updated.
2026-09-06 10:01:44 [INFO] System metrics updated.
2026-09-06 10:01:49 [INFO] System metrics updated.
2026-09-06 10:01:49 [INFO] System metrics updated.
2026-09-06 10:01:49 [INFO] System metrics updated.
2026-09-06 10:01:54 [INFO] System metrics updated.
2026-09-06 10:01:54 [INFO] System metrics updated.
2026-09-06 10:01:54 [INFO] System metrics updated.
2026-09-06 10:01:59 [INFO] System metrics updated.
2026-09-06 10:01:59 [INFO] System metrics updated.
2026-09-06 10:01:59 [INFO] System metrics updated.
2026-09-06 10:02:03 [INFO] Scanning file directories...
2026-09-06 10:02:03 [INFO] Scanning file directories...
2026-09-06 10:02:03 [INFO] Scanning file directories...
2026-09-06 10:02:03 [INFO] Local files found: 0
2026-09-06 10:02:03 [INFO] Local files found: 0
2026-09-06 10:02:03 [INFO] Local files found: 0
2026-09-06 10:02:03 [INFO] Remote files found: 0
2026-09-06 10:02:03 [INFO] Remote files found: 0
2026-09-06 10:02:03 [INFO] Remote files found: 0
2026-09-06 10:02:04 [INFO] System metrics updated.
2026-09-06 10:02:04 [INFO] System metrics updated.
2026-09-06 10:02:04 [INFO] System metrics updated.
2026-09-06 10:02:09 [INFO] System metrics updated.
2026-09-06 10:02:09 [INFO] System metrics updated.
2026-09-06 10:02:09 [INFO] System metrics updated.
2026-09-06 10:02:14 [INFO] System metrics updated.
2026-09-06 10:02:14 [INFO] System metrics updated.
2026-09-06 10:02:14 [INFO] System metrics updated.
2026-09-06 10:02:19 [INFO] System metrics updated.
2026-09-06 10:02:19 [INFO] System metrics updated.
2026-09-06 10:02:19 [INFO] System metrics updated.
2026-09-06 10:02:24 [INFO] System metrics updated.
2026-09-06 10:02:24 [INFO] System metrics updated.
2026-09-06 10:02:24 [INFO] System metrics updated.
2026-09-06 10:02:29 [INFO] System metrics updated.
2026-09-06 10:02:29 [INFO] System metrics updated.
2026-09-06 10:02:29 [INFO] System metrics updated.
2026-09-06 10:02:33 [INFO] Scanning file directories...
2026-09-06 10:02:33 [INFO] Scanning file directories...
2026-09-06 10:02:33 [INFO] Scanning file directories...
2026-09-06 10:02:33 [INFO] Local files found: 0
2026-09-06 10:02:33 [INFO] Local files found: 0
2026-09-06 10:02:33 [INFO] Local files found: 0
2026-09-06 10:02:33 [INFO] Remote files found: 0
2026-09-06 10:02:33 [INFO] Remote files found: 0
2026-09-06 10:02:33 [INFO] Remote files found: 0
2026-09-06 10:02:34 [INFO] System metrics updated.
2026-09-06 10:02:34 [INFO] System metrics updated.
2026-09-06 10:02:34 [INFO] System metrics updated.
2026-09-06 10:02:41 [INFO] System metrics updated.
2026-09-06 10:02:41 [INFO] System metrics updated.
2026-09-06 10:02:41 [INFO] System metrics updated.
2026-09-06 10:02:41 [INFO] Scanning file directories...
2026-09-06 10:02:41 [INFO] Scanning file directories...
2026-09-06 10:02:41 [INFO] Scanning file directories...
2026-09-06 10:02:41 [INFO] Local files found: 0
2026-09-06 10:02:41 [INFO] Local files found: 0
2026-09-06 10:02:41 [INFO] Local files found: 0
2026-09-06 10:02:41 [INFO] Remote files found: 0
2026-09-06 10:02:41 [INFO] Remote files found: 0
2026-09-06 10:02:41 [INFO] Remote files found: 0
2026-09-06 10:05:49 [INFO] System metrics updated.
2026-09-06 10:05:49 [INFO] System metrics updated.
2026-09-06 10:05:49 [INFO] System metrics updated.
2026-09-06 10:05:49 [INFO] Scanning file directories...
2026-09-06 10:05:49 [INFO] Scanning file directories...
2026-09-06 10:05:49 [INFO] Scanning file directories...
2026-09-06 10:05:49 [INFO] Starting metrics exporter...
2026-09-06 10:05:49 [INFO] Local files found: 0
2026-09-06 10:05:49 [INFO] Starting metrics exporter...
2026-09-06 10:05:49 [INFO] Starting metrics exporter...
2026-09-06 10:05:49 [INFO] Local files found: 0
2026-09-06 10:05:49 [INFO] Local files found: 0
2026-09-06 10:05:49 [INFO] Remote files found: 0
2026-09-06 10:05:49 [INFO] Remote files found: 0
2026-09-06 10:05:49 [INFO] Remote files found: 0
2026-09-06 10:05:54 [INFO] System metrics updated.
2026-09-06 10:05:54 [INFO] System metrics updated.
2026-09-06 10:05:54 [INFO] System metrics updated.
2026-09-06 10:05:59 [INFO] System metrics updated.
2026-09-06 10:05:59 [INFO] System metrics updated.
2026-09-06 10:05:59 [INFO] System metrics updated.
2026-09-06 10:06:04 [INFO] System metrics updated.
2026-09-06 10:06:04 [INFO] System metrics updated.
2026-09-06 10:06:04 [INFO] System metrics updated.
2026-09-06 10:06:09 [INFO] System metrics updated.
2026-09-06 10:06:09 [INFO] System metrics updated.
2026-09-06 10:06:09 [INFO] System metrics updated.
2026-09-06 10:06:14 [INFO] System metrics updated.
2026-09-06 10:06:14 [INFO] System metrics updated.
2026-09-06 10:06:14 [INFO] System metrics updated.
2026-09-06 10:06:19 [INFO] Scanning file directories...
2026-09-06 10:06:19 [INFO] Scanning file directories...
2026-09-06 10:06:19 [INFO] Scanning file directories...
2026-09-06 10:06:19 [INFO] Local files found: 0
2026-09-06 10:06:19 [INFO] Local files found: 0
2026-09-06 10:06:19 [INFO] Local files found: 0
2026-09-06 10:06:19 [INFO] Remote files found: 0
2026-09-06 10:06:19 [INFO] Remote files found: 0
2026-09-06 10:06:19 [INFO] Remote files found: 0
2026-09-06 10:06:19 [INFO] System metrics updated.
2026-09-06 10:06:19 [INFO] System metrics updated.
2026-09-06 10:06:19 [INFO] System metrics updated.
2026-09-06 10:06:24 [INFO] System metrics updated.
2026-09-06 10:06:24 [INFO] System metrics updated.
2026-09-06 10:06:24 [INFO] System metrics updated.
2026-09-06 10:06:29 [INFO] System metrics updated.
2026-09-06 10:06:29 [INFO] System metrics updated.
2026-09-06 10:06:29 [INFO] System metrics updated.
2026-09-06 10:06:34 [INFO] System metrics updated.
2026-09-06 10:06:34 [INFO] System metrics updated.
2026-09-06 10:06:34 [INFO] System metrics updated.
2026-09-06 10:06:39 [INFO] System metrics updated.
2026-09-06 10:06:39 [INFO] System metrics updated.
2026-09-06 10:06:39 [INFO] System metrics updated.
2026-09-06 10:06:44 [INFO] System metrics updated.
2026-09-06 10:06:44 [INFO] System metrics updated.
2026-09-06 10:06:44 [INFO] System metrics updated.
2026-09-06 10:06:49 [INFO] Scanning file directories...
2026-09-06 10:06:49 [INFO] Scanning file directories...
2026-09-06 10:06:49 [INFO] Scanning file directories...
2026-09-06 10:06:49 [INFO] Local files found: 0
2026-09-06 10:06:49 [INFO] Local files found: 0
2026-09-06 10:06:49 [INFO] Local files found: 0
2026-09-06 10:06:49 [INFO] Remote files found: 0
2026-09-06 10:06:49 [INFO] Remote files found: 0
2026-09-06 10:06:49 [INFO] Remote files found: 0
2026-09-06 10:06:49 [INFO] System metrics updated.
2026-09-06 10:06:49 [INFO] System metrics updated.
2026-09-06 10:06:49 [INFO] System metrics updated.
2026-09-06 10:06:54 [INFO] System metrics updated.
2026-09-06 10:06:54 [INFO] System metrics updated.
2026-09-06 10:06:54 [INFO] System metrics updated.
2026-09-06 10:06:59 [INFO] System metrics updated.
2026-09-06 10:06:59 [INFO] System metrics updated.
2026-09-06 10:06:59 [INFO] System metrics updated.
2026-09-06 10:07:04 [INFO] System metrics updated.
2026-09-06 10:07:04 [INFO] System metrics updated.
2026-09-06 10:07:04 [INFO] System metrics updated.
2026-09-06 10:07:09 [INFO] System metrics updated.
2026-09-06 10:07:09 [INFO] System metrics updated.
2026-09-06 10:07:09 [INFO] System metrics updated.
2026-09-06 10:07:14 [INFO] System metrics updated.
2026-09-06 10:07:14 [INFO] System metrics updated.
2026-09-06 10:07:14 [INFO] System metrics updated.
2026-09-06 10:07:19 [INFO] Scanning file directories...
2026-09-06 10:07:19 [INFO] Scanning file directories...
2026-09-06 10:07:19 [INFO] Scanning file directories...
2026-09-06 10:07:19 [INFO] Local files found: 0
2026-09-06 10:07:19 [INFO] Local files found: 0
2026-09-06 10:07:19 [INFO] Local files found: 0
2026-09-06 10:07:19 [INFO] Remote files found: 0
2026-09-06 10:07:19 [INFO] Remote files found: 0
2026-09-06 10:07:19 [INFO] Remote files found: 0
2026-09-06 10:07:19 [INFO] System metrics updated.
2026-09-06 10:07:19 [INFO] System metrics updated.
2026-09-06 10:07:19 [INFO] System metrics updated.
2026-09-06 10:07:21 [INFO] Scanning file directories...
2026-09-06 10:07:21 [INFO] Scanning file directories...
2026-09-06 10:07:21 [INFO] Scanning file directories...
2026-09-06 10:07:21 [INFO] Local files found: 0
2026-09-06 10:07:21 [INFO] Local files found: 0
2026-09-06 10:07:21 [INFO] Local files found: 0
2026-09-06 10:07:21 [INFO] Remote files found: 0
2026-09-06 10:07:21 [INFO] Remote files found: 0
2026-09-06 10:07:21 [INFO] Remote files found: 0
2026-09-06 10:07:21 [INFO] Starting metrics exporter...
2026-09-06 10:07:21 [INFO] Starting metrics exporter...
2026-09-06 10:07:21 [INFO] Starting metrics exporter...
2026-09-06 10:07:21 [INFO] System metrics updated.
2026-09-06 10:07:21 [INFO] System metrics updated.
2026-09-06 10:07:21 [INFO] System metrics updated.
2026-09-06 10:07:26 [INFO] System metrics updated.
2026-09-06 10:07:26 [INFO] System metrics updated.
2026-09-06 10:07:26 [INFO] System metrics updated.
2026-09-06 10:07:31 [INFO] System metrics updated.
2026-09-06 10:07:31 [INFO] System metrics updated.
2026-09-06 10:07:31 [INFO] System metrics updated.
2026-09-06 10:07:36 [INFO] System metrics updated.
2026-09-06 10:07:36 [INFO] System metrics updated.
2026-09-06 10:07:36 [INFO] System metrics updated.
2026-09-06 10:07:41 [INFO] System metrics updated.
2026-09-06 10:07:41 [INFO] System metrics updated.
2026-09-06 10:07:41 [INFO] System metrics updated.
2026-09-06 10:07:46 [INFO] System metrics updated.
2026-09-06 10:07:46 [INFO] System metrics updated.
2026-09-06 10:07:46 [INFO] System metrics updated.
2026-09-06 10:07:51 [INFO] Scanning file directories...
2026-09-06 10:07:51 [INFO] Scanning file directories...
2026-09-06 10:07:51 [INFO] Scanning file directories...
2026-09-06 10:07:51 [INFO] Local files found: 0
2026-09-06 10:07:51 [INFO] Local files found: 0
2026-09-06 10:07:51 [INFO] Local files found: 0
2026-09-06 10:07:51 [INFO] Remote files found: 0
2026-09-06 10:07:51 [INFO] Remote files found: 0
2026-09-06 10:07:51 [INFO] Remote files found: 0
2026-09-06 10:07:51 [INFO] System metrics updated.
2026-09-06 10:07:51 [INFO] System metrics updated.
2026-09-06 10:07:51 [INFO] System metrics updated.
2026-09-06 10:07:56 [INFO] System metrics updated.
2026-09-06 10:07:56 [INFO] System metrics updated.
2026-09-06 10:07:56 [INFO] System metrics updated.
2026-09-06 10:08:01 [INFO] System metrics updated.
2026-09-06 10:08:01 [INFO] System metrics updated.
2026-09-06 10:08:01 [INFO] System metrics updated.
2026-09-06 10:08:06 [INFO] System metrics updated.
2026-09-06 10:08:06 [INFO] System metrics updated.
2026-09-06 10:08:06 [INFO] System metrics updated.
2026-09-06 10:08:11 [INFO] System metrics updated.
2026-09-06 10:08:11 [INFO] System metrics updated.
2026-09-06 10:08:11 [INFO] System metrics updated.
2026-09-06 10:08:16 [INFO] System metrics updated.
2026-09-06 10:08:16 [INFO] System metrics updated.
2026-09-06 10:08:16 [INFO] System metrics updated.
2026-09-06 10:08:21 [INFO] Scanning file directories...
2026-09-06 10:08:21 [INFO] Scanning file directories...
2026-09-06 10:08:21 [INFO] Scanning file directories...
2026-09-06 10:08:21 [INFO] Local files found: 0
2026-09-06 10:08:21 [INFO] Local files found: 0
2026-09-06 10:08:21 [INFO] Local files found: 0
2026-09-06 10:08:21 [INFO] Remote files found: 0
2026-09-06 10:08:21 [INFO] Remote files found: 0
2026-09-06 10:08:21 [INFO] Remote files found: 0
2026-09-06 10:08:21 [INFO] System metrics updated.
2026-09-06 10:08:21 [INFO] System metrics updated.
2026-09-06 10:08:21 [INFO] System metrics updated.
2026-09-06 10:08:26 [INFO] System metrics updated.
2026-09-06 10:08:26 [INFO] System metrics updated.
2026-09-06 10:08:26 [INFO] System metrics updated.
2026-09-06 10:08:31 [INFO] System metrics updated.
2026-09-06 10:08:31 [INFO] System metrics updated.
2026-09-06 10:08:31 [INFO] System metrics updated.
2026-09-06 10:08:36 [INFO] System metrics updated.
2026-09-06 10:08:36 [INFO] System metrics updated.
2026-09-06 10:08:36 [INFO] System metrics updated.
2026-09-06 10:08:41 [INFO] System metrics updated.
2026-09-06 10:08:41 [INFO] System metrics updated.
2026-09-06 10:08:41 [INFO] System metrics updated.
2026-09-06 10:08:46 [INFO] System metrics updated.
2026-09-06 10:08:46 [INFO] System metrics updated.
2026-09-06 10:08:46 [INFO] System metrics updated.
2026-09-06 10:08:51 [INFO] Scanning file directories...
2026-09-06 10:08:51 [INFO] Scanning file directories...
2026-09-06 10:08:51 [INFO] Scanning file directories...
2026-09-06 10:08:51 [INFO] Local files found: 0
2026-09-06 10:08:51 [INFO] Local files found: 0
2026-09-06 10:08:51 [INFO] Local files found: 0
2026-09-06 10:08:51 [INFO] Remote files found: 0
2026-09-06 10:08:51 [INFO] Remote files found: 0
2026-09-06 10:08:51 [INFO] Remote files found: 0
2026-09-06 10:08:51 [INFO] System metrics updated.
2026-09-06 10:08:51 [INFO] System metrics updated.
2026-09-06 10:08:51 [INFO] System metrics updated.
2026-09-06 10:08:56 [INFO] System metrics updated.
2026-09-06 10:08:56 [INFO] System metrics updated.
2026-09-06 10:08:56 [INFO] System metrics updated.
2026-09-06 10:09:01 [INFO] System metrics updated.
2026-09-06 10:09:01 [INFO] System metrics updated.
2026-09-06 10:09:01 [INFO] System metrics updated.
2026-09-06 10:09:06 [INFO] System metrics updated.
2026-09-06 10:09:06 [INFO] System metrics updated.
2026-09-06 10:09:06 [INFO] System metrics updated.
2026-09-06 10:09:11 [INFO] System metrics updated.
2026-09-06 10:09:11 [INFO] System metrics updated.
2026-09-06 10:09:11 [INFO] System metrics updated.
2026-09-06 10:09:16 [INFO] System metrics updated.
2026-09-06 10:09:16 [INFO] System metrics updated.
2026-09-06 10:09:16 [INFO] System metrics updated.
2026-09-06 10:09:21 [INFO] Scanning file directories...
2026-09-06 10:09:21 [INFO] Scanning file directories...
2026-09-06 10:09:21 [INFO] Scanning file directories...
2026-09-06 10:09:21 [INFO] Local files found: 0
2026-09-06 10:09:21 [INFO] Local files found: 0
2026-09-06 10:09:21 [INFO] Local files found: 0
2026-09-06 10:09:21 [INFO] Remote files found: 0
2026-09-06 10:09:21 [INFO] Remote files found: 0
2026-09-06 10:09:21 [INFO] Remote files found: 0
2026-09-06 10:09:21 [INFO] System metrics updated.
2026-09-06 10:09:21 [INFO] System metrics updated.
2026-09-06 10:09:21 [INFO] System metrics updated.
2026-09-06 10:09:26 [INFO] System metrics updated.
2026-09-06 10:09:26 [INFO] System metrics updated.
2026-09-06 10:09:26 [INFO] System metrics updated.
2026-09-06 10:09:31 [INFO] System metrics updated.
2026-09-06 10:09:31 [INFO] System metrics updated.
2026-09-06 10:09:31 [INFO] System metrics updated.
2026-09-06 10:09:36 [INFO] System metrics updated.
2026-09-06 10:09:36 [INFO] System metrics updated.
2026-09-06 10:09:36 [INFO] System metrics updated.
2026-09-06 10:09:41 [INFO] System metrics updated.
2026-09-06 10:09:41 [INFO] System metrics updated.
2026-09-06 10:09:41 [INFO] System metrics updated.
2026-09-06 10:09:46 [INFO] System metrics updated.
2026-09-06 10:09:46 [INFO] System metrics updated.
2026-09-06 10:09:46 [INFO] System metrics updated.
2026-09-06 10:09:51 [INFO] Scanning file directories...
2026-09-06 10:09:51 [INFO] Scanning file directories...
2026-09-06 10:09:51 [INFO] Scanning file directories...
2026-09-06 10:09:51 [INFO] Local files found: 0
2026-09-06 10:09:51 [INFO] Local files found: 0
2026-09-06 10:09:51 [INFO] Local files found: 0
2026-09-06 10:09:51 [INFO] Remote files found: 0
2026-09-06 10:09:51 [INFO] Remote files found: 0
2026-09-06 10:09:51 [INFO] Remote files found: 0
2026-09-06 10:09:51 [INFO] System metrics updated.
2026-09-06 10:09:51 [INFO] System metrics updated.
2026-09-06 10:09:51 [INFO] System metrics updated.
2026-09-06 10:09:56 [INFO] System metrics updated.
2026-09-06 10:09:56 [INFO] System metrics updated.
2026-09-06 10:09:56 [INFO] System metrics updated.
2026-09-06 10:10:01 [INFO] System metrics updated.
2026-09-06 10:10:01 [INFO] System metrics updated.
2026-09-06 10:10:01 [INFO] System metrics updated.
2026-09-06 10:10:06 [INFO] System metrics updated.
2026-09-06 10:10:06 [INFO] System metrics updated.
2026-09-06 10:10:06 [INFO] System metrics updated.
2026-09-06 10:10:11 [INFO] System metrics updated.
2026-09-06 10:10:11 [INFO] System metrics updated.
2026-09-06 10:10:11 [INFO] System metrics updated.
2026-09-06 10:10:16 [INFO] System metrics updated.
2026-09-06 10:10:16 [INFO] System metrics updated.
2026-09-06 10:10:16 [INFO] System metrics updated.
2026-09-06 10:10:21 [INFO] Scanning file directories...
2026-09-06 10:10:21 [INFO] Scanning file directories...
2026-09-06 10:10:21 [INFO] Scanning file directories...
2026-09-06 10:10:21 [INFO] Local files found: 0
2026-09-06 10:10:21 [INFO] Local files found: 0
2026-09-06 10:10:21 [INFO] Local files found: 0
2026-09-06 10:10:21 [INFO] Remote files found: 0
2026-09-06 10:10:21 [INFO] Remote files found: 0
2026-09-06 10:10:21 [INFO] Remote files found: 0
2026-09-06 10:10:21 [INFO] System metrics updated.
2026-09-06 10:10:21 [INFO] System metrics updated.
2026-09-06 10:10:21 [INFO] System metrics updated.
2026-09-06 10:10:26 [INFO] System metrics updated.
2026-09-06 10:10:26 [INFO] System metrics updated.
2026-09-06 10:10:26 [INFO] System metrics updated.
2026-09-06 10:10:31 [INFO] System metrics updated.
2026-09-06 10:10:31 [INFO] System metrics updated.
2026-09-06 10:10:31 [INFO] System metrics updated.
2026-09-06 10:10:36 [INFO] System metrics updated.
2026-09-06 10:10:36 [INFO] System metrics updated.
2026-09-06 10:10:36 [INFO] System metrics updated.
2026-09-06 10:10:41 [INFO] System metrics updated.
2026-09-06 10:10:41 [INFO] System metrics updated.
2026-09-06 10:10:41 [INFO] System metrics updated.
2026-09-06 10:10:46 [INFO] System metrics updated.
2026-09-06 10:10:46 [INFO] System metrics updated.
2026-09-06 10:10:46 [INFO] System metrics updated.
2026-09-06 10:10:51 [INFO] Scanning file directories...
2026-09-06 10:10:51 [INFO] Scanning file directories...
2026-09-06 10:10:51 [INFO] Scanning file directories...
2026-09-06 10:10:51 [INFO] Local files found: 0
2026-09-06 10:10:51 [INFO] Local files found: 0
2026-09-06 10:10:51 [INFO] Local files found: 0
2026-09-06 10:10:51 [INFO] Remote files found: 0
2026-09-06 10:10:51 [INFO] Remote files found: 0
2026-09-06 10:10:51 [INFO] Remote files found: 0
2026-09-06 10:10:51 [INFO] System metrics updated.
2026-09-06 10:10:51 [INFO] System metrics updated.
2026-09-06 10:10:51 [INFO] System metrics updated.
2026-09-06 10:10:56 [INFO] System metrics updated.
2026-09-06 10:10:56 [INFO] System metrics updated.
2026-09-06 10:10:56 [INFO] System metrics updated.
2026-09-06 10:11:01 [INFO] System metrics updated.
2026-09-06 10:11:01 [INFO] System metrics updated.
2026-09-06 10:11:01 [INFO] System metrics updated.
2026-09-06 10:11:06 [INFO] System metrics updated.
2026-09-06 10:11:06 [INFO] System metrics updated.
2026-09-06 10:11:06 [INFO] System metrics updated.
2026-09-06 10:11:11 [INFO] System metrics updated.
2026-09-06 10:11:11 [INFO] System metrics updated.
2026-09-06 10:11:11 [INFO] System metrics updated.
2026-09-06 10:11:16 [INFO] System metrics updated.
2026-09-06 10:11:16 [INFO] System metrics updated.
2026-09-06 10:11:16 [INFO] System metrics updated.
2026-09-06 10:11:21 [INFO] Scanning file directories...
2026-09-06 10:11:21 [INFO] Scanning file directories...
2026-09-06 10:11:21 [INFO] Scanning file directories...
2026-09-06 10:11:21 [INFO] Local files found: 0
2026-09-06 10:11:21 [INFO] Local files found: 0
2026-09-06 10:11:21 [INFO] Local files found: 0
2026-09-06 10:11:21 [INFO] Remote files found: 0
2026-09-06 10:11:21 [INFO] Remote files found: 0
2026-09-06 10:11:21 [INFO] Remote files found: 0
2026-09-06 10:11:21 [INFO] System metrics updated.
2026-09-06 10:11:21 [INFO] System metrics updated.
2026-09-06 10:11:21 [INFO] System metrics updated.
2026-09-06 10:11:26 [INFO] System metrics updated.
2026-09-06 10:11:26 [INFO] System metrics updated.
2026-09-06 10:11:26 [INFO] System metrics updated.
2026-09-06 10:11:31 [INFO] System metrics updated.
2026-09-06 10:11:31 [INFO] System metrics updated.
2026-09-06 10:11:31 [INFO] System metrics updated.
2026-09-06 10:11:36 [INFO] System metrics updated.
2026-09-06 10:11:36 [INFO] System metrics updated.
2026-09-06 10:11:36 [INFO] System metrics updated.
2026-09-06 10:11:41 [INFO] System metrics updated.
2026-09-06 10:11:41 [INFO] System metrics updated.
2026-09-06 10:11:41 [INFO] System metrics updated.
2026-09-06 10:11:46 [INFO] System metrics updated.
2026-09-06 10:11:46 [INFO] System metrics updated.
2026-09-06 10:11:46 [INFO] System metrics updated.
2026-09-06 10:11:51 [INFO] Scanning file directories...
2026-09-06 10:11:51 [INFO] Scanning file directories...
2026-09-06 10:11:51 [INFO] Scanning file directories...
2026-09-06 10:11:51 [INFO] Local files found: 0
2026-09-06 10:11:51 [INFO] Local files found: 0
2026-09-06 10:11:51 [INFO] Local files found: 0
2026-09-06 10:11:51 [INFO] Remote files found: 0
2026-09-06 10:11:51 [INFO] Remote files found: 0
2026-09-06 10:11:51 [INFO] Remote files found: 0
2026-09-06 10:11:51 [INFO] System metrics updated.
2026-09-06 10:11:51 [INFO] System metrics updated.
2026-09-06 10:11:51 [INFO] System metrics updated.
2026-09-06 10:11:56 [INFO] System metrics updated.
2026-09-06 10:11:56 [INFO] System metrics updated.
2026-09-06 10:11:56 [INFO] System metrics updated.
2026-09-06 10:12:01 [INFO] System metrics updated.
2026-09-06 10:12:01 [INFO] System metrics updated.
2026-09-06 10:12:01 [INFO] System metrics updated.
2026-09-06 10:12:06 [INFO] System metrics updated.
2026-09-06 10:12:06 [INFO] System metrics updated.
2026-09-06 10:12:06 [INFO] System metrics updated.
2026-09-06 10:12:11 [INFO] System metrics updated.
2026-09-06 10:12:11 [INFO] System metrics updated.
2026-09-06 10:12:11 [INFO] System metrics updated.
2026-09-06 10:12:16 [INFO] System metrics updated.
2026-09-06 10:12:16 [INFO] System metrics updated.
2026-09-06 10:12:16 [INFO] System metrics updated.
2026-09-06 10:12:21 [INFO] Scanning file directories...
2026-09-06 10:12:21 [INFO] Scanning file directories...
2026-09-06 10:12:21 [INFO] Scanning file directories...
2026-09-06 10:12:21 [INFO] Local files found: 0
2026-09-06 10:12:21 [INFO] Local files found: 0
2026-09-06 10:12:21 [INFO] Local files found: 0
2026-09-06 10:12:21 [INFO] Remote files found: 0
2026-09-06 10:12:21 [INFO] Remote files found: 0
2026-09-06 10:12:21 [INFO] Remote files found: 0
2026-09-06 10:12:21 [INFO] System metrics updated.
2026-09-06 10:12:21 [INFO] System metrics updated.
2026-09-06 10:12:21 [INFO] System metrics updated.
2026-09-06 10:12:26 [INFO] System metrics updated.
2026-09-06 10:12:26 [INFO] System metrics updated.
2026-09-06 10:12:26 [INFO] System metrics updated.
2026-09-06 10:12:31 [INFO] System metrics updated.
2026-09-06 10:12:31 [INFO] System metrics updated.
2026-09-06 10:12:31 [INFO] System metrics updated.
2026-09-06 10:12:36 [INFO] System metrics updated.
2026-09-06 10:12:36 [INFO] System metrics updated.
2026-09-06 10:12:36 [INFO] System metrics updated.
2026-09-06 10:12:36 [INFO] Scanning file directories...
2026-09-06 10:12:36 [INFO] Scanning file directories...
2026-09-06 10:12:36 [INFO] Scanning file directories...
2026-09-06 10:12:36 [INFO] Local files found: 0
2026-09-06 10:12:36 [INFO] Local files found: 0
2026-09-06 10:12:36 [INFO] Local files found: 0
2026-09-06 10:12:36 [INFO] Remote files found: 0
2026-09-06 10:12:36 [INFO] Remote files found: 0
2026-09-06 10:12:36 [INFO] Remote files found: 0
2026-09-06 10:12:36 [INFO] Starting metrics exporter...
2026-09-06 10:12:36 [INFO] Starting metrics exporter...
2026-09-06 10:12:36 [INFO] Starting metrics exporter...
2026-09-06 10:12:41 [INFO] System metrics updated.
2026-09-06 10:12:41 [INFO] System metrics updated.
2026-09-06 10:12:41 [INFO] System metrics updated.
2026-09-06 10:12:46 [INFO] System metrics updated.
2026-09-06 10:12:46 [INFO] System metrics updated.
2026-09-06 10:12:46 [INFO] System metrics updated.
2026-09-06 10:12:51 [INFO] System metrics updated.
2026-09-06 10:12:51 [INFO] System metrics updated.
2026-09-06 10:12:51 [INFO] System metrics updated.
2026-09-06 10:12:56 [INFO] System metrics updated.
2026-09-06 10:12:56 [INFO] System metrics updated.
2026-09-06 10:12:56 [INFO] System metrics updated.
2026-09-06 10:13:01 [INFO] System metrics updated.
2026-09-06 10:13:01 [INFO] System metrics updated.
2026-09-06 10:13:01 [INFO] System metrics updated.
2026-09-06 10:13:06 [INFO] System metrics updated.
2026-09-06 10:13:06 [INFO] System metrics updated.
2026-09-06 10:13:06 [INFO] System metrics updated.
2026-09-06 10:13:06 [INFO] Scanning file directories...
2026-09-06 10:13:06 [INFO] Scanning file directories...
2026-09-06 10:13:06 [INFO] Scanning file directories...
2026-09-06 10:13:06 [INFO] Local files found: 0
2026-09-06 10:13:06 [INFO] Local files found: 0
2026-09-06 10:13:06 [INFO] Local files found: 0
2026-09-06 10:13:06 [INFO] Remote files found: 0
2026-09-06 10:13:06 [INFO] Remote files found: 0
2026-09-06 10:13:06 [INFO] Remote files found: 0
2026-09-06 10:13:11 [INFO] System metrics updated.
2026-09-06 10:13:11 [INFO] System metrics updated.
2026-09-06 10:13:11 [INFO] System metrics updated.
2026-09-06 10:13:16 [INFO] System metrics updated.
2026-09-06 10:13:16 [INFO] System metrics updated.
2026-09-06 10:13:16 [INFO] System metrics updated.
2026-09-06 10:13:21 [INFO] System metrics updated.
2026-09-06 10:13:21 [INFO] System metrics updated.
2026-09-06 10:13:21 [INFO] System metrics updated.
2026-09-06 10:13:26 [INFO] System metrics updated.
2026-09-06 10:13:26 [INFO] System metrics updated.
2026-09-06 10:13:26 [INFO] System metrics updated.
2026-09-06 10:13:31 [INFO] System metrics updated.
2026-09-06 10:13:31 [INFO] System metrics updated.
2026-09-06 10:13:31 [INFO] System metrics updated.
2026-09-06 10:13:36 [INFO] Scanning file directories...
2026-09-06 10:13:36 [INFO] Scanning file directories...
2026-09-06 10:13:36 [INFO] Scanning file directories...
2026-09-06 10:13:36 [INFO] Local files found: 0
2026-09-06 10:13:36 [INFO] Local files found: 0
2026-09-06 10:13:36 [INFO] Local files found: 0
2026-09-06 10:13:36 [INFO] Remote files found: 0
2026-09-06 10:13:36 [INFO] Remote files found: 0
2026-09-06 10:13:36 [INFO] Remote files found: 0
2026-09-06 10:13:36 [INFO] System metrics updated.
2026-09-06 10:13:36 [INFO] System metrics updated.
2026-09-06 10:13:36 [INFO] System metrics updated.
2026-09-06 10:13:41 [INFO] System metrics updated.
2026-09-06 10:13:41 [INFO] System metrics updated.
2026-09-06 10:13:41 [INFO] System metrics updated.
2026-09-06 10:13:46 [INFO] System metrics updated.
2026-09-06 10:13:46 [INFO] System metrics updated.
2026-09-06 10:13:46 [INFO] System metrics updated.
2026-09-06 10:13:51 [INFO] System metrics updated.
2026-09-06 10:13:51 [INFO] System metrics updated.
2026-09-06 10:13:51 [INFO] System metrics updated.
2026-09-06 10:13:56 [INFO] System metrics updated.
2026-09-06 10:13:56 [INFO] System metrics updated.
2026-09-06 10:13:56 [INFO] System metrics updated.
2026-09-06 10:14:01 [INFO] System metrics updated.
2026-09-06 10:14:01 [INFO] System metrics updated.
2026-09-06 10:14:01 [INFO] System metrics updated.
2026-09-06 10:14:06 [INFO] Scanning file directories...
2026-09-06 10:14:06 [INFO] Scanning file directories...
2026-09-06 10:14:06 [INFO] Scanning file directories...
2026-09-06 10:14:06 [INFO] Local files found: 0
2026-09-06 10:14:06 [INFO] Local files found: 0
2026-09-06 10:14:06 [INFO] Local files found: 0
2026-09-06 10:14:06 [INFO] Remote files found: 0
2026-09-06 10:14:06 [INFO] Remote files found: 0
2026-09-06 10:14:06 [INFO] Remote files found: 0
2026-09-06 10:14:06 [INFO] System metrics updated.
2026-09-06 10:14:06 [INFO] System metrics updated.
2026-09-06 10:14:06 [INFO] System metrics updated.
2026-09-06 10:14:11 [INFO] System metrics updated.
2026-09-06 10:14:11 [INFO] System metrics updated.
2026-09-06 10:14:11 [INFO] System metrics updated.
2026-09-06 10:14:16 [INFO] System metrics updated.
2026-09-06 10:14:16 [INFO] System metrics updated.
2026-09-06 10:14:16 [INFO] System metrics updated.
2026-09-06 10:14:21 [INFO] System metrics updated.
2026-09-06 10:14:21 [INFO] System metrics updated.
2026-09-06 10:14:21 [INFO] System metrics updated.
2026-09-06 10:14:26 [INFO] System metrics updated.
2026-09-06 10:14:26 [INFO] System metrics updated.
2026-09-06 10:14:26 [INFO] System metrics updated.
2026-09-06 10:14:33 [INFO] System metrics updated.
2026-09-06 10:14:33 [INFO] System metrics updated.
2026-09-06 10:14:33 [INFO] System metrics updated.
2026-09-06 10:14:33 [INFO] Scanning file directories...
2026-09-06 10:14:33 [INFO] Scanning file directories...
2026-09-06 10:14:33 [INFO] Scanning file directories...
2026-09-06 10:14:33 [INFO] Local files found: 0
2026-09-06 10:14:33 [INFO] Local files found: 0
2026-09-06 10:14:33 [INFO] Local files found: 0
2026-09-06 10:14:33 [INFO] Remote files found: 0
2026-09-06 10:14:33 [INFO] Remote files found: 0
2026-09-06 10:14:33 [INFO] Remote files found: 0
2026-09-06 10:14:33 [INFO] Starting metrics exporter...
2026-09-06 10:14:33 [INFO] Starting metrics exporter...
2026-09-06 10:14:33 [INFO] Starting metrics exporter...
2026-09-06 10:14:38 [INFO] System metrics updated.
2026-09-06 10:14:38 [INFO] System metrics updated.
2026-09-06 10:14:38 [INFO] System metrics updated.
2026-09-06 10:14:43 [INFO] System metrics updated.
2026-09-06 10:14:43 [INFO] System metrics updated.
2026-09-06 10:14:43 [INFO] System metrics updated.
2026-09-06 10:14:48 [INFO] System metrics updated.
2026-09-06 10:14:48 [INFO] System metrics updated.
2026-09-06 10:14:48 [INFO] System metrics updated.
2026-09-06 10:14:53 [INFO] System metrics updated.
2026-09-06 10:14:53 [INFO] System metrics updated.
2026-09-06 10:14:53 [INFO] System metrics updated.
2026-09-06 10:14:58 [INFO] System metrics updated.
2026-09-06 10:14:58 [INFO] System metrics updated.
2026-09-06 10:14:58 [INFO] System metrics updated.
2026-09-06 10:15:03 [INFO] Scanning file directories...
2026-09-06 10:15:03 [INFO] Scanning file directories...
2026-09-06 10:15:03 [INFO] Scanning file directories...
2026-09-06 10:15:03 [INFO] Local files found: 0
2026-09-06 10:15:03 [INFO] Local files found: 0
2026-09-06 10:15:03 [INFO] Local files found: 0
2026-09-06 10:15:03 [INFO] Remote files found: 0
2026-09-06 10:15:03 [INFO] Remote files found: 0
2026-09-06 10:15:03 [INFO] Remote files found: 0
2026-09-06 10:15:03 [INFO] System metrics updated.
2026-09-06 10:15:03 [INFO] System metrics updated.
2026-09-06 10:15:03 [INFO] System metrics updated.
2026-09-06 10:15:08 [INFO] System metrics updated.
2026-09-06 10:15:08 [INFO] System metrics updated.
2026-09-06 10:15:08 [INFO] System metrics updated.
2026-09-06 10:15:13 [INFO] System metrics updated.
2026-09-06 10:15:13 [INFO] System metrics updated.
2026-09-06 10:15:13 [INFO] System metrics updated.
2026-09-06 10:15:18 [INFO] System metrics updated.
2026-09-06 10:15:18 [INFO] System metrics updated.
2026-09-06 10:15:18 [INFO] System metrics updated.
2026-09-06 10:15:23 [INFO] System metrics updated.
2026-09-06 10:15:23 [INFO] System metrics updated.
2026-09-06 10:15:23 [INFO] System metrics updated.
2026-09-06 10:15:28 [INFO] System metrics updated.
2026-09-06 10:15:28 [INFO] System metrics updated.
2026-09-06 10:15:28 [INFO] System metrics updated.
2026-09-06 10:15:33 [INFO] Scanning file directories...
2026-09-06 10:15:33 [INFO] Scanning file directories...
2026-09-06 10:15:33 [INFO] Scanning file directories...
2026-09-06 10:15:33 [INFO] Local files found: 0
2026-09-06 10:15:33 [INFO] Local files found: 0
2026-09-06 10:15:33 [INFO] Local files found: 0
2026-09-06 10:15:33 [INFO] Remote files found: 0
2026-09-06 10:15:33 [INFO] Remote files found: 0
2026-09-06 10:15:33 [INFO] Remote files found: 0
2026-09-06 10:15:33 [INFO] System metrics updated.
2026-09-06 10:15:33 [INFO] System metrics updated.
2026-09-06 10:15:33 [INFO] System metrics updated.
2026-09-06 10:15:38 [INFO] System metrics updated.
2026-09-06 10:15:38 [INFO] System metrics updated.
2026-09-06 10:15:38 [INFO] System metrics updated.
2026-09-06 10:15:43 [INFO] System metrics updated.
2026-09-06 10:15:43 [INFO] System metrics updated.
2026-09-06 10:15:43 [INFO] System metrics updated.
2026-09-06 10:15:48 [INFO] System metrics updated.
2026-09-06 10:15:48 [INFO] System metrics updated.
2026-09-06 10:15:48 [INFO] System metrics updated.
2026-09-06 10:15:53 [INFO] System metrics updated.
2026-09-06 10:15:53 [INFO] System metrics updated.
2026-09-06 10:15:53 [INFO] System metrics updated.
2026-09-06 10:15:58 [INFO] System metrics updated.
2026-09-06 10:15:58 [INFO] System metrics updated.
2026-09-06 10:15:58 [INFO] System metrics updated.
2026-09-06 10:16:03 [INFO] Scanning file directories...
2026-09-06 10:16:03 [INFO] Scanning file directories...
2026-09-06 10:16:03 [INFO] Scanning file directories...
2026-09-06 10:16:03 [INFO] Local files found: 0
2026-09-06 10:16:03 [INFO] Local files found: 0
2026-09-06 10:16:03 [INFO] Local files found: 0
2026-09-06 10:16:03 [INFO] Remote files found: 0
2026-09-06 10:16:03 [INFO] Remote files found: 0
2026-09-06 10:16:03 [INFO] Remote files found: 0
2026-09-06 10:16:03 [INFO] System metrics updated.
2026-09-06 10:16:03 [INFO] System metrics updated.
2026-09-06 10:16:03 [INFO] System metrics updated.
2026-09-06 10:16:08 [INFO] System metrics updated.
2026-09-06 10:16:08 [INFO] System metrics updated.
2026-09-06 10:16:08 [INFO] System metrics updated.
2026-09-06 10:16:13 [INFO] System metrics updated.
2026-09-06 10:16:13 [INFO] System metrics updated.
2026-09-06 10:16:13 [INFO] System metrics updated.
2026-09-06 10:16:18 [INFO] System metrics updated.
2026-09-06 10:16:18 [INFO] System metrics updated.
2026-09-06 10:16:18 [INFO] System metrics updated.
2026-09-06 10:16:23 [INFO] System metrics updated.
2026-09-06 10:16:23 [INFO] System metrics updated.
2026-09-06 10:16:23 [INFO] System metrics updated.
2026-09-06 10:16:28 [INFO] System metrics updated.
2026-09-06 10:16:28 [INFO] System metrics updated.
2026-09-06 10:16:28 [INFO] System metrics updated.
2026-09-06 10:16:33 [INFO] Scanning file directories...
2026-09-06 10:16:33 [INFO] Scanning file directories...
2026-09-06 10:16:33 [INFO] Scanning file directories...
2026-09-06 10:16:33 [INFO] Local files found: 0
2026-09-06 10:16:33 [INFO] Local files found: 0
2026-09-06 10:16:33 [INFO] Local files found: 0
2026-09-06 10:16:33 [INFO] Remote files found: 0
2026-09-06 10:16:33 [INFO] Remote files found: 0
2026-09-06 10:16:33 [INFO] Remote files found: 0
2026-09-06 10:16:33 [INFO] System metrics updated.
2026-09-06 10:16:33 [INFO] System metrics updated.
2026-09-06 10:16:33 [INFO] System metrics updated.
2026-09-06 10:16:38 [INFO] System metrics updated.
2026-09-06 10:16:38 [INFO] System metrics updated.
2026-09-06 10:16:38 [INFO] System metrics updated.
2026-09-06 10:16:43 [INFO] System metrics updated.
2026-09-06 10:16:43 [INFO] System metrics updated.
2026-09-06 10:16:43 [INFO] System metrics updated.
2026-09-06 10:16:48 [INFO] System metrics updated.
2026-09-06 10:16:48 [INFO] System metrics updated.
2026-09-06 10:16:48 [INFO] System metrics updated.
2026-09-06 10:16:53 [INFO] System metrics updated.
2026-09-06 10:16:53 [INFO] System metrics updated.
2026-09-06 10:16:53 [INFO] System metrics updated.
2026-09-06 10:16:58 [INFO] System metrics updated.
2026-09-06 10:16:58 [INFO] System metrics updated.
2026-09-06 10:16:58 [INFO] System metrics updated.
2026-09-06 10:17:03 [INFO] Scanning file directories...
2026-09-06 10:17:03 [INFO] Scanning file directories...
2026-09-06 10:17:03 [INFO] Scanning file directories...
2026-09-06 10:17:03 [INFO] Local files found: 0
2026-09-06 10:17:03 [INFO] Local files found: 0
2026-09-06 10:17:03 [INFO] Local files found: 0
2026-09-06 10:17:03 [INFO] Remote files found: 0
2026-09-06 10:17:03 [INFO] Remote files found: 0
2026-09-06 10:17:03 [INFO] Remote files found: 0
2026-09-06 10:17:03 [INFO] System metrics updated.
2026-09-06 10:17:03 [INFO] System metrics updated.
2026-09-06 10:17:03 [INFO] System metrics updated.
2026-09-06 10:17:08 [INFO] System metrics updated.
2026-09-06 10:17:08 [INFO] System metrics updated.
2026-09-06 10:17:08 [INFO] System metrics updated.
2026-09-06 10:17:13 [INFO] System metrics updated.
2026-09-06 10:17:13 [INFO] System metrics updated.
2026-09-06 10:17:13 [INFO] System metrics updated.
2026-09-06 10:17:18 [INFO] System metrics updated.
2026-09-06 10:17:18 [INFO] System metrics updated.
2026-09-06 10:17:18 [INFO] System metrics updated.
2026-09-06 10:17:23 [INFO] System metrics updated.
2026-09-06 10:17:23 [INFO] System metrics updated.
2026-09-06 10:17:23 [INFO] System metrics updated.
2026-09-06 10:17:28 [INFO] System metrics updated.
2026-09-06 10:17:28 [INFO] System metrics updated.
2026-09-06 10:17:28 [INFO] System metrics updated.
2026-09-06 10:17:33 [INFO] Scanning file directories...
2026-09-06 10:17:33 [INFO] Scanning file directories...
2026-09-06 10:17:33 [INFO] Scanning file directories...
2026-09-06 10:17:33 [INFO] Local files found: 0
2026-09-06 10:17:33 [INFO] Local files found: 0
2026-09-06 10:17:33 [INFO] Local files found: 0
2026-09-06 10:17:33 [INFO] Remote files found: 0
2026-09-06 10:17:33 [INFO] Remote files found: 0
2026-09-06 10:17:33 [INFO] Remote files found: 0
2026-09-06 10:17:33 [INFO] System metrics updated.
2026-09-06 10:17:33 [INFO] System metrics updated.
2026-09-06 10:17:33 [INFO] System metrics updated.
2026-09-06 10:17:38 [INFO] System metrics updated.
2026-09-06 10:17:38 [INFO] System metrics updated.
2026-09-06 10:17:38 [INFO] System metrics updated.
2026-09-06 10:17:43 [INFO] System metrics updated.
2026-09-06 10:17:43 [INFO] System metrics updated.
2026-09-06 10:17:43 [INFO] System metrics updated.
2026-09-06 10:17:48 [INFO] System metrics updated.
2026-09-06 10:17:48 [INFO] System metrics updated.
2026-09-06 10:17:48 [INFO] System metrics updated.
2026-09-06 10:17:53 [INFO] System metrics updated.
2026-09-06 10:17:53 [INFO] System metrics updated.
2026-09-06 10:17:53 [INFO] System metrics updated.
2026-09-06 10:17:58 [INFO] System metrics updated.
2026-09-06 10:17:58 [INFO] System metrics updated.
2026-09-06 10:17:58 [INFO] System metrics updated.
2026-09-06 10:18:03 [INFO] Scanning file directories...
2026-09-06 10:18:03 [INFO] Scanning file directories...
2026-09-06 10:18:03 [INFO] Scanning file directories...
2026-09-06 10:18:03 [INFO] Local files found: 0
2026-09-06 10:18:03 [INFO] Local files found: 0
2026-09-06 10:18:03 [INFO] Local files found: 0
2026-09-06 10:18:03 [INFO] Remote files found: 0
2026-09-06 10:18:03 [INFO] Remote files found: 0
2026-09-06 10:18:03 [INFO] Remote files found: 0
2026-09-06 10:18:03 [INFO] System metrics updated.
2026-09-06 10:18:03 [INFO] System metrics updated.
2026-09-06 10:18:03 [INFO] System metrics updated.
2026-09-06 10:18:08 [INFO] System metrics updated.
2026-09-06 10:18:08 [INFO] System metrics updated.
2026-09-06 10:18:08 [INFO] System metrics updated.
2026-09-06 10:18:13 [INFO] System metrics updated.
2026-09-06 10:18:13 [INFO] System metrics updated.
2026-09-06 10:18:13 [INFO] System metrics updated.
2026-09-06 10:18:18 [INFO] System metrics updated.
2026-09-06 10:18:18 [INFO] System metrics updated.
2026-09-06 10:18:18 [INFO] System metrics updated.
2026-09-06 10:18:23 [INFO] System metrics updated.
2026-09-06 10:18:23 [INFO] System metrics updated.
2026-09-06 10:18:23 [INFO] System metrics updated.
2026-09-06 10:18:28 [INFO] System metrics updated.
2026-09-06 10:18:28 [INFO] System metrics updated.
2026-09-06 10:18:28 [INFO] System metrics updated.
2026-09-06 10:18:33 [INFO] Scanning file directories...
2026-09-06 10:18:33 [INFO] Scanning file directories...
2026-09-06 10:18:33 [INFO] Scanning file directories...
2026-09-06 10:18:33 [INFO] Local files found: 0
2026-09-06 10:18:33 [INFO] Local files found: 0
2026-09-06 10:18:33 [INFO] Local files found: 0
2026-09-06 10:18:33 [INFO] Remote files found: 0
2026-09-06 10:18:33 [INFO] Remote files found: 0
2026-09-06 10:18:33 [INFO] Remote files found: 0
2026-09-06 10:18:33 [INFO] System metrics updated.
2026-09-06 10:18:33 [INFO] System metrics updated.
2026-09-06 10:18:33 [INFO] System metrics updated.
2026-09-06 10:18:38 [INFO] System metrics updated.
2026-09-06 10:18:38 [INFO] System metrics updated.
2026-09-06 10:18:38 [INFO] System metrics updated.
2026-09-06 10:18:43 [INFO] System metrics updated.
2026-09-06 10:18:43 [INFO] System metrics updated.
2026-09-06 10:18:43 [INFO] System metrics updated.
2026-09-06 10:18:48 [INFO] System metrics updated.
2026-09-06 10:18:48 [INFO] System metrics updated.
2026-09-06 10:18:48 [INFO] System metrics updated.
2026-09-06 10:18:53 [INFO] System metrics updated.
2026-09-06 10:18:53 [INFO] System metrics updated.
2026-09-06 10:18:53 [INFO] System metrics updated.
2026-09-06 10:18:58 [INFO] System metrics updated.
2026-09-06 10:18:58 [INFO] System metrics updated.
2026-09-06 10:18:58 [INFO] System metrics updated.
2026-09-06 10:19:03 [INFO] Scanning file directories...
2026-09-06 10:19:03 [INFO] Scanning file directories...
2026-09-06 10:19:03 [INFO] Scanning file directories...
2026-09-06 10:19:03 [INFO] Local files found: 0
2026-09-06 10:19:03 [INFO] Local files found: 0
2026-09-06 10:19:03 [INFO] Local files found: 0
2026-09-06 10:19:03 [INFO] Remote files found: 0
2026-09-06 10:19:03 [INFO] Remote files found: 0
2026-09-06 10:19:03 [INFO] Remote files found: 0
2026-09-06 10:19:03 [INFO] System metrics updated.
2026-09-06 10:19:03 [INFO] System metrics updated.
2026-09-06 10:19:03 [INFO] System metrics updated.
2026-09-06 10:19:08 [INFO] System metrics updated.
2026-09-06 10:19:08 [INFO] System metrics updated.
2026-09-06 10:19:08 [INFO] System metrics updated.
2026-09-06 10:19:13 [INFO] System metrics updated.
2026-09-06 10:19:13 [INFO] System metrics updated.
2026-09-06 10:19:13 [INFO] System metrics updated.
2026-09-06 10:19:18 [INFO] System metrics updated.
2026-09-06 10:19:18 [INFO] System metrics updated.
2026-09-06 10:19:18 [INFO] System metrics updated.
2026-09-06 10:19:23 [INFO] System metrics updated.
2026-09-06 10:19:23 [INFO] System metrics updated.
2026-09-06 10:19:23 [INFO] System metrics updated.
2026-09-06 10:19:28 [INFO] System metrics updated.
2026-09-06 10:19:28 [INFO] System metrics updated.
2026-09-06 10:19:28 [INFO] System metrics updated.
2026-09-06 10:19:33 [INFO] Scanning file directories...
2026-09-06 10:19:33 [INFO] Scanning file directories...
2026-09-06 10:19:33 [INFO] Scanning file directories...
2026-09-06 10:19:33 [INFO] Local files found: 0
2026-09-06 10:19:33 [INFO] Local files found: 0
2026-09-06 10:19:33 [INFO] Local files found: 0
2026-09-06 10:19:33 [INFO] Remote files found: 0
2026-09-06 10:19:33 [INFO] Remote files found: 0
2026-09-06 10:19:33 [INFO] Remote files found: 0
2026-09-06 10:19:33 [INFO] System metrics updated.
2026-09-06 10:19:33 [INFO] System metrics updated.
2026-09-06 10:19:33 [INFO] System metrics updated.
2026-09-06 10:19:38 [INFO] System metrics updated.
2026-09-06 10:19:38 [INFO] System metrics updated.
2026-09-06 10:19:38 [INFO] System metrics updated.
2026-09-06 10:19:43 [INFO] System metrics updated.
2026-09-06 10:19:43 [INFO] System metrics updated.
2026-09-06 10:19:43 [INFO] System metrics updated.
2026-09-06 10:19:48 [INFO] System metrics updated.
2026-09-06 10:19:48 [INFO] System metrics updated.
2026-09-06 10:19:48 [INFO] System metrics updated.
2026-09-06 10:19:53 [INFO] System metrics updated.
2026-09-06 10:19:53 [INFO] System metrics updated.
2026-09-06 10:19:53 [INFO] System metrics updated.
2026-09-06 10:19:58 [INFO] System metrics updated.
2026-09-06 10:19:58 [INFO] System metrics updated.
2026-09-06 10:19:58 [INFO] System metrics updated.
2026-09-06 10:20:03 [INFO] Scanning file directories...
2026-09-06 10:20:03 [INFO] Scanning file directories...
2026-09-06 10:20:03 [INFO] Scanning file directories...
2026-09-06 10:20:03 [INFO] Local files found: 0
2026-09-06 10:20:03 [INFO] Local files found: 0
2026-09-06 10:20:03 [INFO] Local files found: 0
2026-09-06 10:20:03 [INFO] Remote files found: 0
2026-09-06 10:20:03 [INFO] Remote files found: 0
2026-09-06 10:20:03 [INFO] Remote files found: 0
2026-09-06 10:20:03 [INFO] System metrics updated.
2026-09-06 10:20:03 [INFO] System metrics updated.
2026-09-06 10:20:03 [INFO] System metrics updated.
2026-09-06 10:20:08 [INFO] System metrics updated.
2026-09-06 10:20:08 [INFO] System metrics updated.
2026-09-06 10:20:08 [INFO] System metrics updated.
2026-09-06 10:20:14 [INFO] System metrics updated.
2026-09-06 10:20:14 [INFO] System metrics updated.
2026-09-06 10:20:14 [INFO] System metrics updated.
2026-09-06 10:20:19 [INFO] System metrics updated.
2026-09-06 10:20:19 [INFO] System metrics updated.
2026-09-06 10:20:19 [INFO] System metrics updated.
2026-09-06 10:20:24 [INFO] System metrics updated.
2026-09-06 10:20:24 [INFO] System metrics updated.
2026-09-06 10:20:24 [INFO] System metrics updated.
2026-09-06 10:20:29 [INFO] System metrics updated.
2026-09-06 10:20:29 [INFO] System metrics updated.
2026-09-06 10:20:29 [INFO] System metrics updated.
2026-09-06 10:20:33 [INFO] Scanning file directories...
2026-09-06 10:20:33 [INFO] Scanning file directories...
2026-09-06 10:20:33 [INFO] Scanning file directories...
2026-09-06 10:20:33 [INFO] Local files found: 0
2026-09-06 10:20:33 [INFO] Local files found: 0
2026-09-06 10:20:33 [INFO] Local files found: 0
2026-09-06 10:20:33 [INFO] Remote files found: 0
2026-09-06 10:20:33 [INFO] Remote files found: 0
2026-09-06 10:20:33 [INFO] Remote files found: 0
2026-09-06 10:20:34 [INFO] System metrics updated.
2026-09-06 10:20:34 [INFO] System metrics updated.
2026-09-06 10:20:34 [INFO] System metrics updated.
2026-09-06 10:20:39 [INFO] System metrics updated.
2026-09-06 10:20:39 [INFO] System metrics updated.
2026-09-06 10:20:39 [INFO] System metrics updated.
2026-09-06 10:20:44 [INFO] System metrics updated.
2026-09-06 10:20:44 [INFO] System metrics updated.
2026-09-06 10:20:44 [INFO] System metrics updated.
2026-09-06 10:20:49 [INFO] System metrics updated.
2026-09-06 10:20:49 [INFO] System metrics updated.
2026-09-06 10:20:49 [INFO] System metrics updated.
2026-09-06 10:20:54 [INFO] System metrics updated.
2026-09-06 10:20:54 [INFO] System metrics updated.
2026-09-06 10:20:54 [INFO] System metrics updated.
2026-09-06 10:20:59 [INFO] System metrics updated.
2026-09-06 10:20:59 [INFO] System metrics updated.
2026-09-06 10:20:59 [INFO] System metrics updated.
2026-09-06 10:21:03 [INFO] Scanning file directories...
2026-09-06 10:21:03 [INFO] Scanning file directories...
2026-09-06 10:21:03 [INFO] Scanning file directories...
2026-09-06 10:21:03 [INFO] Local files found: 0
2026-09-06 10:21:03 [INFO] Local files found: 0
2026-09-06 10:21:03 [INFO] Local files found: 0
2026-09-06 10:21:03 [INFO] Remote files found: 0
2026-09-06 10:21:03 [INFO] Remote files found: 0
2026-09-06 10:21:03 [INFO] Remote files found: 0
2026-09-06 10:21:04 [INFO] System metrics updated.
2026-09-06 10:21:04 [INFO] System metrics updated.
2026-09-06 10:21:04 [INFO] System metrics updated.
2026-09-06 10:21:09 [INFO] System metrics updated.
2026-09-06 10:21:09 [INFO] System metrics updated.
2026-09-06 10:21:09 [INFO] System metrics updated.
2026-09-06 10:21:14 [INFO] System metrics updated.
2026-09-06 10:21:14 [INFO] System metrics updated.
2026-09-06 10:21:14 [INFO] System metrics updated.
2026-09-06 10:21:19 [INFO] System metrics updated.
2026-09-06 10:21:19 [INFO] System metrics updated.
2026-09-06 10:21:19 [INFO] System metrics updated.
2026-09-06 10:21:24 [INFO] System metrics updated.
2026-09-06 10:21:24 [INFO] System metrics updated.
2026-09-06 10:21:24 [INFO] System metrics updated.
2026-09-06 10:21:29 [INFO] System metrics updated.
2026-09-06 10:21:29 [INFO] System metrics updated.
2026-09-06 10:21:29 [INFO] System metrics updated.
2026-09-06 10:21:33 [INFO] Scanning file directories...
2026-09-06 10:21:33 [INFO] Scanning file directories...
2026-09-06 10:21:33 [INFO] Scanning file directories...
2026-09-06 10:21:33 [INFO] Local files found: 0
2026-09-06 10:21:33 [INFO] Local files found: 0
2026-09-06 10:21:33 [INFO] Local files found: 0
2026-09-06 10:21:33 [INFO] Remote files found: 0
2026-09-06 10:21:33 [INFO] Remote files found: 0
2026-09-06 10:21:33 [INFO] Remote files found: 0
2026-09-06 10:21:34 [INFO] System metrics updated.
2026-09-06 10:21:34 [INFO] System metrics updated.
2026-09-06 10:21:34 [INFO] System metrics updated.
2026-09-06 10:21:39 [INFO] System metrics updated.
2026-09-06 10:21:39 [INFO] System metrics updated.
2026-09-06 10:21:39 [INFO] System metrics updated.
2026-09-06 10:21:44 [INFO] System metrics updated.
2026-09-06 10:21:44 [INFO] System metrics updated.
2026-09-06 10:21:44 [INFO] System metrics updated.
2026-09-06 10:21:49 [INFO] System metrics updated.
2026-09-06 10:21:49 [INFO] System metrics updated.
2026-09-06 10:21:49 [INFO] System metrics updated.
2026-09-06 10:21:54 [INFO] System metrics updated.
2026-09-06 10:21:54 [INFO] System metrics updated.
2026-09-06 10:21:54 [INFO] System metrics updated.
2026-09-06 10:21:59 [INFO] System metrics updated.
2026-09-06 10:21:59 [INFO] System metrics updated.
2026-09-06 10:21:59 [INFO] System metrics updated.
2026-09-06 10:22:03 [INFO] Scanning file directories...
2026-09-06 10:22:03 [INFO] Scanning file directories...
2026-09-06 10:22:03 [INFO] Scanning file directories...
2026-09-06 10:22:03 [INFO] Local files found: 0
2026-09-06 10:22:03 [INFO] Local files found: 0
2026-09-06 10:22:03 [INFO] Local files found: 0
2026-09-06 10:22:03 [INFO] Remote files found: 0
2026-09-06 10:22:03 [INFO] Remote files found: 0
2026-09-06 10:22:03 [INFO] Remote files found: 0
2026-09-06 10:22:04 [INFO] System metrics updated.
2026-09-06 10:22:04 [INFO] System metrics updated.
2026-09-06 10:22:04 [INFO] System metrics updated.
2026-09-06 10:22:09 [INFO] System metrics updated.
2026-09-06 10:22:09 [INFO] System metrics updated.
2026-09-06 10:22:09 [INFO] System metrics updated.
2026-09-06 10:22:14 [INFO] System metrics updated.
2026-09-06 10:22:14 [INFO] System metrics updated.
2026-09-06 10:22:14 [INFO] System metrics updated.
2026-09-06 10:22:19 [INFO] System metrics updated.
2026-09-06 10:22:19 [INFO] System metrics updated.
2026-09-06 10:22:19 [INFO] System metrics updated.
2026-09-06 10:22:24 [INFO] System metrics updated.
2026-09-06 10:22:24 [INFO] System metrics updated.
2026-09-06 10:22:24 [INFO] System metrics updated.
2026-09-06 10:22:29 [INFO] System metrics updated.
2026-09-06 10:22:29 [INFO] System metrics updated.
2026-09-06 10:22:29 [INFO] System metrics updated.
2026-09-06 10:22:33 [INFO] Scanning file directories...
2026-09-06 10:22:33 [INFO] Scanning file directories...
2026-09-06 10:22:33 [INFO] Scanning file directories...
2026-09-06 10:22:33 [INFO] Local files found: 0
2026-09-06 10:22:33 [INFO] Local files found: 0
2026-09-06 10:22:33 [INFO] Local files found: 0
2026-09-06 10:22:33 [INFO] Remote files found: 0
2026-09-06 10:22:33 [INFO] Remote files found: 0
2026-09-06 10:22:33 [INFO] Remote files found: 0
2026-09-06 10:22:34 [INFO] System metrics updated.
2026-09-06 10:22:34 [INFO] System metrics updated.
2026-09-06 10:22:34 [INFO] System metrics updated.
2026-09-06 10:22:39 [INFO] System metrics updated.
2026-09-06 10:22:39 [INFO] System metrics updated.
2026-09-06 10:22:39 [INFO] System metrics updated.
2026-09-06 10:22:44 [INFO] System metrics updated.
2026-09-06 10:22:44 [INFO] System metrics updated.
2026-09-06 10:22:44 [INFO] System metrics updated.
2026-09-06 10:22:49 [INFO] System metrics updated.
2026-09-06 10:22:49 [INFO] System metrics updated.
2026-09-06 10:22:49 [INFO] System metrics updated.
2026-09-06 10:22:54 [INFO] System metrics updated.
2026-09-06 10:22:54 [INFO] System metrics updated.
2026-09-06 10:22:54 [INFO] System metrics updated.
2026-09-06 10:22:59 [INFO] System metrics updated.
2026-09-06 10:22:59 [INFO] System metrics updated.
2026-09-06 10:22:59 [INFO] System metrics updated.
2026-09-06 10:23:03 [INFO] Scanning file directories...
2026-09-06 10:23:03 [INFO] Scanning file directories...
2026-09-06 10:23:03 [INFO] Scanning file directories...
2026-09-06 10:23:03 [INFO] Local files found: 0
2026-09-06 10:23:03 [INFO] Local files found: 0
2026-09-06 10:23:03 [INFO] Local files found: 0
2026-09-06 10:23:03 [INFO] Remote files found: 0
2026-09-06 10:23:03 [INFO] Remote files found: 0
2026-09-06 10:23:03 [INFO] Remote files found: 0
2026-09-06 10:23:04 [INFO] System metrics updated.
2026-09-06 10:23:04 [INFO] System metrics updated.
2026-09-06 10:23:04 [INFO] System metrics updated.
2026-09-06 10:23:09 [INFO] System metrics updated.
2026-09-06 10:23:09 [INFO] System metrics updated.
2026-09-06 10:23:09 [INFO] System metrics updated.
2026-09-06 10:23:14 [INFO] System metrics updated.
2026-09-06 10:23:14 [INFO] System metrics updated.
2026-09-06 10:23:14 [INFO] System metrics updated.
2026-09-06 10:23:19 [INFO] System metrics updated.
2026-09-06 10:23:19 [INFO] System metrics updated.
2026-09-06 10:23:19 [INFO] System metrics updated.
2026-09-06 10:23:24 [INFO] System metrics updated.
2026-09-06 10:23:24 [INFO] System metrics updated.
2026-09-06 10:23:24 [INFO] System metrics updated.
2026-09-06 10:23:29 [INFO] System metrics updated.
2026-09-06 10:23:29 [INFO] System metrics updated.
2026-09-06 10:23:29 [INFO] System metrics updated.
2026-09-06 10:23:33 [INFO] Scanning file directories...
2026-09-06 10:23:33 [INFO] Scanning file directories...
2026-09-06 10:23:33 [INFO] Scanning file directories...
2026-09-06 10:23:33 [INFO] Local files found: 0
2026-09-06 10:23:33 [INFO] Local files found: 0
2026-09-06 10:23:33 [INFO] Local files found: 0
2026-09-06 10:23:33 [INFO] Remote files found: 0
2026-09-06 10:23:33 [INFO] Remote files found: 0
2026-09-06 10:23:33 [INFO] Remote files found: 0
2026-09-06 10:23:34 [INFO] System metrics updated.
2026-09-06 10:23:34 [INFO] System metrics updated.
2026-09-06 10:23:34 [INFO] System metrics updated.
2026-09-06 10:23:39 [INFO] System metrics updated.
2026-09-06 10:23:39 [INFO] System metrics updated.
2026-09-06 10:23:39 [INFO] System metrics updated.
2026-09-06 10:23:44 [INFO] System metrics updated.
2026-09-06 10:23:44 [INFO] System metrics updated.
2026-09-06 10:23:44 [INFO] System metrics updated.
2026-09-06 10:23:49 [INFO] System metrics updated.
2026-09-06 10:23:49 [INFO] System metrics updated.
2026-09-06 10:23:49 [INFO] System metrics updated.
2026-09-06 10:23:54 [INFO] System metrics updated.
2026-09-06 10:23:54 [INFO] System metrics updated.
2026-09-06 10:23:54 [INFO] System metrics updated.
2026-09-06 10:23:59 [INFO] System metrics updated.
2026-09-06 10:23:59 [INFO] System metrics updated.
2026-09-06 10:23:59 [INFO] System metrics updated.
2026-09-06 10:24:03 [INFO] Scanning file directories...
2026-09-06 10:24:03 [INFO] Scanning file directories...
2026-09-06 10:24:03 [INFO] Scanning file directories...
2026-09-06 10:24:03 [INFO] Local files found: 0
2026-09-06 10:24:03 [INFO] Local files found: 0
2026-09-06 10:24:03 [INFO] Local files found: 0
2026-09-06 10:24:03 [INFO] Remote files found: 0
2026-09-06 10:24:03 [INFO] Remote files found: 0
2026-09-06 10:24:03 [INFO] Remote files found: 0
2026-09-06 10:24:04 [INFO] System metrics updated.
2026-09-06 10:24:04 [INFO] System metrics updated.
2026-09-06 10:24:04 [INFO] System metrics updated.
2026-09-06 10:24:09 [INFO] System metrics updated.
2026-09-06 10:24:09 [INFO] System metrics updated.
2026-09-06 10:24:09 [INFO] System metrics updated.
2026-09-06 10:24:14 [INFO] System metrics updated.
2026-09-06 10:24:14 [INFO] System metrics updated.
2026-09-06 10:24:14 [INFO] System metrics updated.
2026-09-06 10:24:19 [INFO] System metrics updated.
2026-09-06 10:24:19 [INFO] System metrics updated.
2026-09-06 10:24:19 [INFO] System metrics updated.
2026-09-06 10:24:24 [INFO] System metrics updated.
2026-09-06 10:24:24 [INFO] System metrics updated.
2026-09-06 10:24:24 [INFO] System metrics updated.
2026-09-06 10:24:29 [INFO] System metrics updated.
2026-09-06 10:24:29 [INFO] System metrics updated.
2026-09-06 10:24:29 [INFO] System metrics updated.
2026-09-06 10:24:33 [INFO] Scanning file directories...
2026-09-06 10:24:33 [INFO] Scanning file directories...
2026-09-06 10:24:33 [INFO] Scanning file directories...
2026-09-06 10:24:33 [INFO] Local files found: 0
2026-09-06 10:24:33 [INFO] Local files found: 0
2026-09-06 10:24:33 [INFO] Local files found: 0
2026-09-06 10:24:33 [INFO] Remote files found: 0
2026-09-06 10:24:33 [INFO] Remote files found: 0
2026-09-06 10:24:33 [INFO] Remote files found: 0
2026-09-06 10:24:34 [INFO] System metrics updated.
2026-09-06 10:24:34 [INFO] System metrics updated.
2026-09-06 10:24:34 [INFO] System metrics updated.
2026-09-06 10:24:39 [INFO] System metrics updated.
2026-09-06 10:24:39 [INFO] System metrics updated.
2026-09-06 10:24:39 [INFO] System metrics updated.
2026-09-06 10:24:44 [INFO] System metrics updated.
2026-09-06 10:24:44 [INFO] System metrics updated.
2026-09-06 10:24:44 [INFO] System metrics updated.
2026-09-06 10:24:49 [INFO] System metrics updated.
2026-09-06 10:24:49 [INFO] System metrics updated.
2026-09-06 10:24:49 [INFO] System metrics updated.
2026-09-06 10:24:54 [INFO] System metrics updated.
2026-09-06 10:24:54 [INFO] System metrics updated.
2026-09-06 10:24:54 [INFO] System metrics updated.
2026-09-06 10:24:59 [INFO] System metrics updated.
2026-09-06 10:24:59 [INFO] System metrics updated.
2026-09-06 10:24:59 [INFO] System metrics updated.
2026-09-06 10:25:03 [INFO] Scanning file directories...
2026-09-06 10:25:03 [INFO] Scanning file directories...
2026-09-06 10:25:03 [INFO] Scanning file directories...
2026-09-06 10:25:03 [INFO] Local files found: 0
2026-09-06 10:25:03 [INFO] Local files found: 0
2026-09-06 10:25:03 [INFO] Local files found: 0
2026-09-06 10:25:03 [INFO] Remote files found: 0
2026-09-06 10:25:03 [INFO] Remote files found: 0
2026-09-06 10:25:03 [INFO] Remote files found: 0
2026-09-06 10:25:04 [INFO] System metrics updated.
2026-09-06 10:25:04 [INFO] System metrics updated.
2026-09-06 10:25:04 [INFO] System metrics updated.
2026-09-06 10:25:09 [INFO] System metrics updated.
2026-09-06 10:25:09 [INFO] System metrics updated.
2026-09-06 10:25:09 [INFO] System metrics updated.
2026-09-06 10:25:14 [INFO] System metrics updated.
2026-09-06 10:25:14 [INFO] System metrics updated.
2026-09-06 10:25:14 [INFO] System metrics updated.
2026-09-06 10:25:19 [INFO] System metrics updated.
2026-09-06 10:25:19 [INFO] System metrics updated.
2026-09-06 10:25:19 [INFO] System metrics updated.
2026-09-06 10:25:24 [INFO] System metrics updated.
2026-09-06 10:25:24 [INFO] System metrics updated.
2026-09-06 10:25:24 [INFO] System metrics updated.
2026-09-06 10:25:29 [INFO] System metrics updated.
2026-09-06 10:25:29 [INFO] System metrics updated.
2026-09-06 10:25:29 [INFO] System metrics updated.
2026-09-06 10:25:33 [INFO] Scanning file directories...
2026-09-06 10:25:33 [INFO] Scanning file directories...
2026-09-06 10:25:33 [INFO] Scanning file directories...
2026-09-06 10:25:33 [INFO] Local files found: 0
2026-09-06 10:25:33 [INFO] Local files found: 0
2026-09-06 10:25:33 [INFO] Local files found: 0
2026-09-06 10:25:33 [INFO] Remote files found: 0
2026-09-06 10:25:33 [INFO] Remote files found: 0
2026-09-06 10:25:33 [INFO] Remote files found: 0
2026-09-06 10:25:34 [INFO] System metrics updated.
2026-09-06 10:25:34 [INFO] System metrics updated.
2026-09-06 10:25:34 [INFO] System metrics updated.
2026-09-06 10:25:39 [INFO] System metrics updated.
2026-09-06 10:25:39 [INFO] System metrics updated.
2026-09-06 10:25:39 [INFO] System metrics updated.
2026-09-06 10:25:44 [INFO] System metrics updated.
2026-09-06 10:25:44 [INFO] System metrics updated.
2026-09-06 10:25:44 [INFO] System metrics updated.
2026-09-06 10:25:49 [INFO] System metrics updated.
2026-09-06 10:25:49 [INFO] System metrics updated.
2026-09-06 10:25:49 [INFO] System metrics updated.
2026-09-06 10:25:55 [INFO] System metrics updated.
2026-09-06 10:25:55 [INFO] System metrics updated.
2026-09-06 10:25:55 [INFO] System metrics updated.
2026-09-06 10:26:00 [INFO] System metrics updated.
2026-09-06 10:26:00 [INFO] System metrics updated.
2026-09-06 10:26:00 [INFO] System metrics updated.
2026-09-06 10:26:03 [INFO] Scanning file directories...
2026-09-06 10:26:03 [INFO] Scanning file directories...
2026-09-06 10:26:03 [INFO] Scanning file directories...
2026-09-06 10:26:03 [INFO] Local files found: 0
2026-09-06 10:26:03 [INFO] Local files found: 0
2026-09-06 10:26:03 [INFO] Local files found: 0
2026-09-06 10:26:03 [INFO] Remote files found: 0
2026-09-06 10:26:03 [INFO] Remote files found: 0
2026-09-06 10:26:03 [INFO] Remote files found: 0
2026-09-06 10:26:05 [INFO] System metrics updated.
2026-09-06 10:26:05 [INFO] System metrics updated.
2026-09-06 10:26:05 [INFO] System metrics updated.
2026-09-06 10:26:10 [INFO] System metrics updated.
2026-09-06 10:26:10 [INFO] System metrics updated.
2026-09-06 10:26:10 [INFO] System metrics updated.
2026-09-06 10:26:15 [INFO] System metrics updated.
2026-09-06 10:26:15 [INFO] System metrics updated.
2026-09-06 10:26:15 [INFO] System metrics updated.
2026-09-06 10:26:20 [INFO] System metrics updated.
2026-09-06 10:26:20 [INFO] System metrics updated.
2026-09-06 10:26:20 [INFO] System metrics updated.
2026-09-06 10:26:25 [INFO] System metrics updated.
2026-09-06 10:26:25 [INFO] System metrics updated.
2026-09-06 10:26:25 [INFO] System metrics updated.
2026-09-06 10:26:30 [INFO] System metrics updated.
2026-09-06 10:26:30 [INFO] System metrics updated.
2026-09-06 10:26:30 [INFO] System metrics updated.
2026-09-06 10:26:33 [INFO] Scanning file directories...
2026-09-06 10:26:33 [INFO] Scanning file directories...
2026-09-06 10:26:33 [INFO] Scanning file directories...
2026-09-06 10:26:33 [INFO] Local files found: 0
2026-09-06 10:26:33 [INFO] Local files found: 0
2026-09-06 10:26:33 [INFO] Local files found: 0
2026-09-06 10:26:33 [INFO] Remote files found: 0
2026-09-06 10:26:33 [INFO] Remote files found: 0
2026-09-06 10:26:33 [INFO] Remote files found: 0
2026-09-06 10:26:35 [INFO] System metrics updated.
2026-09-06 10:26:35 [INFO] System metrics updated.
2026-09-06 10:26:35 [INFO] System metrics updated.
2026-09-06 10:26:40 [INFO] System metrics updated.
2026-09-06 10:26:40 [INFO] System metrics updated.
2026-09-06 10:26:40 [INFO] System metrics updated.
2026-09-06 10:26:45 [INFO] System metrics updated.
2026-09-06 10:26:45 [INFO] System metrics updated.
2026-09-06 10:26:45 [INFO] System metrics updated.
2026-09-06 10:26:50 [INFO] System metrics updated.
2026-09-06 10:26:50 [INFO] System metrics updated.
2026-09-06 10:26:50 [INFO] System metrics updated.
2026-09-06 10:26:55 [INFO] System metrics updated.
2026-09-06 10:26:55 [INFO] System metrics updated.
2026-09-06 10:26:55 [INFO] System metrics updated.
2026-09-06 10:27:00 [INFO] System metrics updated.
2026-09-06 10:27:00 [INFO] System metrics updated.
2026-09-06 10:27:00 [INFO] System metrics updated.
2026-09-06 10:27:03 [INFO] Scanning file directories...
2026-09-06 10:27:03 [INFO] Scanning file directories...
2026-09-06 10:27:03 [INFO] Scanning file directories...
2026-09-06 10:27:03 [INFO] Local files found: 0
2026-09-06 10:27:03 [INFO] Local files found: 0
2026-09-06 10:27:03 [INFO] Local files found: 0
2026-09-06 10:27:03 [INFO] Remote files found: 0
2026-09-06 10:27:03 [INFO] Remote files found: 0
2026-09-06 10:27:03 [INFO] Remote files found: 0
2026-09-06 10:27:05 [INFO] System metrics updated.
2026-09-06 10:27:05 [INFO] System metrics updated.
2026-09-06 10:27:05 [INFO] System metrics updated.
2026-09-06 10:27:10 [INFO] System metrics updated.
2026-09-06 10:27:10 [INFO] System metrics updated.
2026-09-06 10:27:10 [INFO] System metrics updated.
2026-09-06 10:27:15 [INFO] System metrics updated.
2026-09-06 10:27:15 [INFO] System metrics updated.
2026-09-06 10:27:15 [INFO] System metrics updated.
2026-09-06 10:27:20 [INFO] System metrics updated.
2026-09-06 10:27:20 [INFO] System metrics updated.
2026-09-06 10:27:20 [INFO] System metrics updated.
2026-09-06 10:27:25 [INFO] System metrics updated.
2026-09-06 10:27:25 [INFO] System metrics updated.
2026-09-06 10:27:25 [INFO] System metrics updated.
2026-09-06 10:27:30 [INFO] System metrics updated.
2026-09-06 10:27:30 [INFO] System metrics updated.
2026-09-06 10:27:30 [INFO] System metrics updated.
2026-09-06 10:27:33 [INFO] Scanning file directories...
2026-09-06 10:27:33 [INFO] Scanning file directories...
2026-09-06 10:27:33 [INFO] Scanning file directories...
2026-09-06 10:27:33 [INFO] Local files found: 0
2026-09-06 10:27:33 [INFO] Local files found: 0
2026-09-06 10:27:33 [INFO] Local files found: 0
2026-09-06 10:27:33 [INFO] Remote files found: 0
2026-09-06 10:27:33 [INFO] Remote files found: 0
2026-09-06 10:27:33 [INFO] Remote files found: 0
2026-09-06 10:27:35 [INFO] System metrics updated.
2026-09-06 10:27:35 [INFO] System metrics updated.
2026-09-06 10:27:35 [INFO] System metrics updated.
2026-09-06 10:27:40 [INFO] System metrics updated.
2026-09-06 10:27:40 [INFO] System metrics updated.
2026-09-06 10:27:40 [INFO] System metrics updated.
2026-09-06 10:27:45 [INFO] System metrics updated.
2026-09-06 10:27:45 [INFO] System metrics updated.
2026-09-06 10:27:45 [INFO] System metrics updated.
2026-09-06 10:27:50 [INFO] System metrics updated.
2026-09-06 10:27:50 [INFO] System metrics updated.
2026-09-06 10:27:50 [INFO] System metrics updated.
2026-09-06 10:27:55 [INFO] System metrics updated.
2026-09-06 10:27:55 [INFO] System metrics updated.
2026-09-06 10:27:55 [INFO] System metrics updated.
2026-09-06 10:28:00 [INFO] System metrics updated.
2026-09-06 10:28:00 [INFO] System metrics updated.
2026-09-06 10:28:00 [INFO] System metrics updated.
2026-09-06 10:28:03 [INFO] Scanning file directories...
2026-09-06 10:28:03 [INFO] Scanning file directories...
2026-09-06 10:28:03 [INFO] Scanning file directories...
2026-09-06 10:28:03 [INFO] Local files found: 0
2026-09-06 10:28:03 [INFO] Local files found: 0
2026-09-06 10:28:03 [INFO] Local files found: 0
2026-09-06 10:28:03 [INFO] Remote files found: 0
2026-09-06 10:28:03 [INFO] Remote files found: 0
2026-09-06 10:28:03 [INFO] Remote files found: 0
2026-09-06 10:28:05 [INFO] System metrics updated.
2026-09-06 10:28:05 [INFO] System metrics updated.
2026-09-06 10:28:05 [INFO] System metrics updated.
2026-09-06 10:28:10 [INFO] System metrics updated.
2026-09-06 10:28:10 [INFO] System metrics updated.
2026-09-06 10:28:10 [INFO] System metrics updated.
2026-09-06 10:28:15 [INFO] System metrics updated.
2026-09-06 10:28:15 [INFO] System metrics updated.
2026-09-06 10:28:15 [INFO] System metrics updated.
2026-09-06 10:28:20 [INFO] System metrics updated.
2026-09-06 10:28:20 [INFO] System metrics updated.
2026-09-06 10:28:20 [INFO] System metrics updated.
2026-09-06 10:28:25 [INFO] System metrics updated.
2026-09-06 10:28:25 [INFO] System metrics updated.
2026-09-06 10:28:25 [INFO] System metrics updated.
2026-09-06 10:28:30 [INFO] System metrics updated.
2026-09-06 10:28:30 [INFO] System metrics updated.
2026-09-06 10:28:30 [INFO] System metrics updated.
2026-09-06 10:28:33 [INFO] Scanning file directories...
2026-09-06 10:28:33 [INFO] Scanning file directories...
2026-09-06 10:28:33 [INFO] Scanning file directories...
2026-09-06 10:28:33 [INFO] Local files found: 0
2026-09-06 10:28:33 [INFO] Local files found: 0
2026-09-06 10:28:33 [INFO] Local files found: 0
2026-09-06 10:28:33 [INFO] Remote files found: 0
2026-09-06 10:28:33 [INFO] Remote files found: 0
2026-09-06 10:28:33 [INFO] Remote files found: 0
2026-09-06 10:28:35 [INFO] System metrics updated.
2026-09-06 10:28:35 [INFO] System metrics updated.
2026-09-06 10:28:35 [INFO] System metrics updated.
2026-09-06 10:28:40 [INFO] System metrics updated.
2026-09-06 10:28:40 [INFO] System metrics updated.
2026-09-06 10:28:40 [INFO] System metrics updated.
2026-09-06 10:28:45 [INFO] System metrics updated.
2026-09-06 10:28:45 [INFO] System metrics updated.
2026-09-06 10:28:45 [INFO] System metrics updated.
2026-09-06 10:28:50 [INFO] System metrics updated.
2026-09-06 10:28:50 [INFO] System metrics updated.
2026-09-06 10:28:50 [INFO] System metrics updated.
2026-09-06 10:28:55 [INFO] System metrics updated.
2026-09-06 10:28:55 [INFO] System metrics updated.
2026-09-06 10:28:55 [INFO] System metrics updated.
2026-09-06 10:29:00 [INFO] System metrics updated.
2026-09-06 10:29:00 [INFO] System metrics updated.
2026-09-06 10:29:00 [INFO] System metrics updated.
2026-09-06 10:29:03 [INFO] Scanning file directories...
2026-09-06 10:29:03 [INFO] Scanning file directories...
2026-09-06 10:29:03 [INFO] Scanning file directories...
2026-09-06 10:29:03 [INFO] Local files found: 0
2026-09-06 10:29:03 [INFO] Local files found: 0
2026-09-06 10:29:03 [INFO] Local files found: 0
2026-09-06 10:29:03 [INFO] Remote files found: 0
2026-09-06 10:29:03 [INFO] Remote files found: 0
2026-09-06 10:29:03 [INFO] Remote files found: 0
2026-09-06 10:29:05 [INFO] System metrics updated.
2026-09-06 10:29:05 [INFO] System metrics updated.
2026-09-06 10:29:05 [INFO] System metrics updated.
2026-09-06 10:29:10 [INFO] System metrics updated.
2026-09-06 10:29:10 [INFO] System metrics updated.
2026-09-06 10:29:10 [INFO] System metrics updated.
2026-09-06 10:29:15 [INFO] System metrics updated.
2026-09-06 10:29:15 [INFO] System metrics updated.
2026-09-06 10:29:15 [INFO] System metrics updated.
2026-09-06 10:29:20 [INFO] System metrics updated.
2026-09-06 10:29:20 [INFO] System metrics updated.
2026-09-06 10:29:20 [INFO] System metrics updated.
2026-09-06 10:29:25 [INFO] System metrics updated.
2026-09-06 10:29:25 [INFO] System metrics updated.
2026-09-06 10:29:25 [INFO] System metrics updated.
2026-09-06 10:29:30 [INFO] System metrics updated.
2026-09-06 10:29:30 [INFO] System metrics updated.
2026-09-06 10:29:30 [INFO] System metrics updated.
2026-09-06 10:29:33 [INFO] Scanning file directories...
2026-09-06 10:29:33 [INFO] Scanning file directories...
2026-09-06 10:29:33 [INFO] Scanning file directories...
2026-09-06 10:29:33 [INFO] Local files found: 0
2026-09-06 10:29:33 [INFO] Local files found: 0
2026-09-06 10:29:33 [INFO] Local files found: 0
2026-09-06 10:29:33 [INFO] Remote files found: 0
2026-09-06 10:29:33 [INFO] Remote files found: 0
2026-09-06 10:29:33 [INFO] Remote files found: 0
2026-09-06 10:29:35 [INFO] System metrics updated.
2026-09-06 10:29:35 [INFO] System metrics updated.
2026-09-06 10:29:35 [INFO] System metrics updated.
2026-09-06 10:29:40 [INFO] System metrics updated.
2026-09-06 10:29:40 [INFO] System metrics updated.
2026-09-06 10:29:40 [INFO] System metrics updated.
2026-09-06 10:29:45 [INFO] System metrics updated.
2026-09-06 10:29:45 [INFO] System metrics updated.
2026-09-06 10:29:45 [INFO] System metrics updated.
2026-09-06 10:29:50 [INFO] System metrics updated.
2026-09-06 10:29:50 [INFO] System metrics updated.
2026-09-06 10:29:50 [INFO] System metrics updated.
2026-09-06 10:29:55 [INFO] System metrics updated.
2026-09-06 10:29:55 [INFO] System metrics updated.
2026-09-06 10:29:55 [INFO] System metrics updated.
2026-09-06 10:30:00 [INFO] System metrics updated.
2026-09-06 10:30:00 [INFO] System metrics updated.
2026-09-06 10:30:00 [INFO] System metrics updated.
2026-09-06 10:30:03 [INFO] Scanning file directories...
2026-09-06 10:30:03 [INFO] Scanning file directories...
2026-09-06 10:30:03 [INFO] Scanning file directories...
2026-09-06 10:30:03 [INFO] Local files found: 0
2026-09-06 10:30:03 [INFO] Local files found: 0
2026-09-06 10:30:03 [INFO] Local files found: 0
2026-09-06 10:30:03 [INFO] Remote files found: 0
2026-09-06 10:30:03 [INFO] Remote files found: 0
2026-09-06 10:30:03 [INFO] Remote files found: 0
2026-09-06 10:30:05 [INFO] System metrics updated.
2026-09-06 10:30:05 [INFO] System metrics updated.
2026-09-06 10:30:05 [INFO] System metrics updated.
2026-09-06 10:30:10 [INFO] System metrics updated.
2026-09-06 10:30:10 [INFO] System metrics updated.
2026-09-06 10:30:10 [INFO] System metrics updated.
2026-09-06 10:30:15 [INFO] System metrics updated.
2026-09-06 10:30:15 [INFO] System metrics updated.
2026-09-06 10:30:15 [INFO] System metrics updated.
2026-09-06 10:30:20 [INFO] System metrics updated.
2026-09-06 10:30:20 [INFO] System metrics updated.
2026-09-06 10:30:20 [INFO] System metrics updated.
2026-09-06 10:30:25 [INFO] System metrics updated.
2026-09-06 10:30:25 [INFO] System metrics updated.
2026-09-06 10:30:25 [INFO] System metrics updated.
2026-09-06 10:30:30 [INFO] System metrics updated.
2026-09-06 10:30:30 [INFO] System metrics updated.
2026-09-06 10:30:30 [INFO] System metrics updated.
2026-09-06 10:30:33 [INFO] Scanning file directories...
2026-09-06 10:30:33 [INFO] Scanning file directories...
2026-09-06 10:30:33 [INFO] Scanning file directories...
2026-09-06 10:30:33 [INFO] Local files found: 0
2026-09-06 10:30:33 [INFO] Local files found: 0
2026-09-06 10:30:33 [INFO] Local files found: 0
2026-09-06 10:30:33 [INFO] Remote files found: 0
2026-09-06 10:30:33 [INFO] Remote files found: 0
2026-09-06 10:30:33 [INFO] Remote files found: 0
2026-09-06 10:30:35 [INFO] System metrics updated.
2026-09-06 10:30:35 [INFO] System metrics updated.
2026-09-06 10:30:35 [INFO] System metrics updated.
2026-09-06 10:30:40 [INFO] System metrics updated.
2026-09-06 10:30:40 [INFO] System metrics updated.
2026-09-06 10:30:40 [INFO] System metrics updated.
2026-09-06 10:30:45 [INFO] System metrics updated.
2026-09-06 10:30:45 [INFO] System metrics updated.
2026-09-06 10:30:45 [INFO] System metrics updated.
2026-09-06 10:30:50 [INFO] System metrics updated.
2026-09-06 10:30:50 [INFO] System metrics updated.
2026-09-06 10:30:50 [INFO] System metrics updated.
2026-09-06 10:30:55 [INFO] System metrics updated.
2026-09-06 10:30:55 [INFO] System metrics updated.
2026-09-06 10:30:55 [INFO] System metrics updated.
2026-09-06 10:31:00 [INFO] System metrics updated.
2026-09-06 10:31:00 [INFO] System metrics updated.
2026-09-06 10:31:00 [INFO] System metrics updated.
2026-09-06 10:31:03 [INFO] Scanning file directories...
2026-09-06 10:31:03 [INFO] Scanning file directories...
2026-09-06 10:31:03 [INFO] Scanning file directories...
2026-09-06 10:31:03 [INFO] Local files found: 0
2026-09-06 10:31:03 [INFO] Local files found: 0
2026-09-06 10:31:03 [INFO] Local files found: 0
2026-09-06 10:31:03 [INFO] Remote files found: 0
2026-09-06 10:31:03 [INFO] Remote files found: 0
2026-09-06 10:31:03 [INFO] Remote files found: 0
2026-09-06 10:31:05 [INFO] System metrics updated.
2026-09-06 10:31:05 [INFO] System metrics updated.
2026-09-06 10:31:05 [INFO] System metrics updated.
2026-09-06 10:31:10 [INFO] System metrics updated.
2026-09-06 10:31:10 [INFO] System metrics updated.
2026-09-06 10:31:10 [INFO] System metrics updated.
2026-09-06 10:31:15 [INFO] System metrics updated.
2026-09-06 10:31:15 [INFO] System metrics updated.
2026-09-06 10:31:15 [INFO] System metrics updated.
2026-09-06 10:31:20 [INFO] System metrics updated.
2026-09-06 10:31:20 [INFO] System metrics updated.
2026-09-06 10:31:20 [INFO] System metrics updated.
2026-09-06 10:31:25 [INFO] System metrics updated.
2026-09-06 10:31:25 [INFO] System metrics updated.
2026-09-06 10:31:25 [INFO] System metrics updated.
2026-09-06 10:31:30 [INFO] System metrics updated.
2026-09-06 10:31:30 [INFO] System metrics updated.
2026-09-06 10:31:30 [INFO] System metrics updated.
2026-09-06 10:31:33 [INFO] Scanning file directories...
2026-09-06 10:31:33 [INFO] Scanning file directories...
2026-09-06 10:31:33 [INFO] Scanning file directories...
2026-09-06 10:31:33 [INFO] Local files found: 0
2026-09-06 10:31:33 [INFO] Local files found: 0
2026-09-06 10:31:33 [INFO] Local files found: 0
2026-09-06 10:31:33 [INFO] Remote files found: 0
2026-09-06 10:31:33 [INFO] Remote files found: 0
2026-09-06 10:31:33 [INFO] Remote files found: 0
2026-09-06 10:31:35 [INFO] System metrics updated.
2026-09-06 10:31:35 [INFO] System metrics updated.
2026-09-06 10:31:35 [INFO] System metrics updated.
2026-09-06 10:31:40 [INFO] System metrics updated.
2026-09-06 10:31:40 [INFO] System metrics updated.
2026-09-06 10:31:40 [INFO] System metrics updated.
2026-09-06 10:31:45 [INFO] System metrics updated.
2026-09-06 10:31:45 [INFO] System metrics updated.
2026-09-06 10:31:45 [INFO] System metrics updated.
2026-09-06 10:31:50 [INFO] System metrics updated.
2026-09-06 10:31:50 [INFO] System metrics updated.
2026-09-06 10:31:50 [INFO] System metrics updated.
2026-09-06 10:31:55 [INFO] System metrics updated.
2026-09-06 10:31:55 [INFO] System metrics updated.
2026-09-06 10:31:55 [INFO] System metrics updated.
2026-09-06 10:32:00 [INFO] System metrics updated.
2026-09-06 10:32:00 [INFO] System metrics updated.
2026-09-06 10:32:00 [INFO] System metrics updated.
2026-09-06 10:32:03 [INFO] Scanning file directories...
2026-09-06 10:32:03 [INFO] Scanning file directories...
2026-09-06 10:32:03 [INFO] Scanning file directories...
2026-09-06 10:32:03 [INFO] Local files found: 0
2026-09-06 10:32:03 [INFO] Local files found: 0
2026-09-06 10:32:03 [INFO] Local files found: 0
2026-09-06 10:32:03 [INFO] Remote files found: 0
2026-09-06 10:32:03 [INFO] Remote files found: 0
2026-09-06 10:32:03 [INFO] Remote files found: 0
2026-09-06 10:32:05 [INFO] System metrics updated.
2026-09-06 10:32:05 [INFO] System metrics updated.
2026-09-06 10:32:05 [INFO] System metrics updated.
2026-09-06 10:32:10 [INFO] System metrics updated.
2026-09-06 10:32:10 [INFO] System metrics updated.
2026-09-06 10:32:10 [INFO] System metrics updated.
2026-09-06 10:32:15 [INFO] System metrics updated.
2026-09-06 10:32:15 [INFO] System metrics updated.
2026-09-06 10:32:15 [INFO] System metrics updated.
2026-09-06 10:32:20 [INFO] System metrics updated.
2026-09-06 10:32:20 [INFO] System metrics updated.
2026-09-06 10:32:20 [INFO] System metrics updated.
2026-09-06 10:32:25 [INFO] System metrics updated.
2026-09-06 10:32:25 [INFO] System metrics updated.
2026-09-06 10:32:25 [INFO] System metrics updated.
2026-09-06 10:32:30 [INFO] System metrics updated.
2026-09-06 10:32:30 [INFO] System metrics updated.
2026-09-06 10:32:30 [INFO] System metrics updated.
2026-09-06 10:32:33 [INFO] Scanning file directories...
2026-09-06 10:32:33 [INFO] Scanning file directories...
2026-09-06 10:32:33 [INFO] Scanning file directories...
2026-09-06 10:32:33 [INFO] Local files found: 0
2026-09-06 10:32:33 [INFO] Local files found: 0
2026-09-06 10:32:33 [INFO] Local files found: 0
2026-09-06 10:32:33 [INFO] Remote files found: 0
2026-09-06 10:32:33 [INFO] Remote files found: 0
2026-09-06 10:32:33 [INFO] Remote files found: 0
2026-09-06 10:32:35 [INFO] System metrics updated.
2026-09-06 10:32:35 [INFO] System metrics updated.
2026-09-06 10:32:35 [INFO] System metrics updated.
2026-09-06 10:32:40 [INFO] System metrics updated.
2026-09-06 10:32:40 [INFO] System metrics updated.
2026-09-06 10:32:40 [INFO] System metrics updated.
2026-09-06 10:32:45 [INFO] System metrics updated.
2026-09-06 10:32:45 [INFO] System metrics updated.
2026-09-06 10:32:45 [INFO] System metrics updated.
2026-09-06 10:32:50 [INFO] System metrics updated.
2026-09-06 10:32:50 [INFO] System metrics updated.
2026-09-06 10:32:50 [INFO] System metrics updated.
2026-09-06 10:32:55 [INFO] System metrics updated.
2026-09-06 10:32:55 [INFO] System metrics updated.
2026-09-06 10:32:55 [INFO] System metrics updated.
2026-09-06 10:33:00 [INFO] System metrics updated.
2026-09-06 10:33:00 [INFO] System metrics updated.
2026-09-06 10:33:00 [INFO] System metrics updated.
2026-09-06 10:33:03 [INFO] Scanning file directories...
2026-09-06 10:33:03 [INFO] Scanning file directories...
2026-09-06 10:33:03 [INFO] Scanning file directories...
2026-09-06 10:33:03 [INFO] Local files found: 0
2026-09-06 10:33:03 [INFO] Local files found: 0
2026-09-06 10:33:03 [INFO] Local files found: 0
2026-09-06 10:33:03 [INFO] Remote files found: 0
2026-09-06 10:33:03 [INFO] Remote files found: 0
2026-09-06 10:33:03 [INFO] Remote files found: 0
2026-09-06 10:33:05 [INFO] System metrics updated.
2026-09-06 10:33:05 [INFO] System metrics updated.
2026-09-06 10:33:05 [INFO] System metrics updated.
2026-09-06 10:33:10 [INFO] System metrics updated.
2026-09-06 10:33:10 [INFO] System metrics updated.
2026-09-06 10:33:10 [INFO] System metrics updated.
2026-09-06 10:33:15 [INFO] System metrics updated.
2026-09-06 10:33:15 [INFO] System metrics updated.
2026-09-06 10:33:15 [INFO] System metrics updated.
2026-09-06 10:33:20 [INFO] System metrics updated.
2026-09-06 10:33:20 [INFO] System metrics updated.
2026-09-06 10:33:20 [INFO] System metrics updated.
2026-09-06 10:33:25 [INFO] System metrics updated.
2026-09-06 10:33:25 [INFO] System metrics updated.
2026-09-06 10:33:25 [INFO] System metrics updated.
2026-09-06 10:33:30 [INFO] System metrics updated.
2026-09-06 10:33:30 [INFO] System metrics updated.
2026-09-06 10:33:30 [INFO] System metrics updated.
2026-09-06 10:33:33 [INFO] Scanning file directories...
2026-09-06 10:33:33 [INFO] Scanning file directories...
2026-09-06 10:33:33 [INFO] Scanning file directories...
2026-09-06 10:33:33 [INFO] Local files found: 0
2026-09-06 10:33:33 [INFO] Local files found: 0
2026-09-06 10:33:33 [INFO] Local files found: 0
2026-09-06 10:33:33 [INFO] Remote files found: 0
2026-09-06 10:33:33 [INFO] Remote files found: 0
2026-09-06 10:33:33 [INFO] Remote files found: 0
2026-09-06 10:33:35 [INFO] System metrics updated.
2026-09-06 10:33:35 [INFO] System metrics updated.
2026-09-06 10:33:35 [INFO] System metrics updated.
2026-09-06 10:33:40 [INFO] System metrics updated.
2026-09-06 10:33:40 [INFO] System metrics updated.
2026-09-06 10:33:40 [INFO] System metrics updated.
2026-09-06 10:33:45 [INFO] System metrics updated.
2026-09-06 10:33:45 [INFO] System metrics updated.
2026-09-06 10:33:45 [INFO] System metrics updated.
2026-09-06 10:33:50 [INFO] System metrics updated.
2026-09-06 10:33:50 [INFO] System metrics updated.
2026-09-06 10:33:50 [INFO] System metrics updated.
2026-09-06 10:33:55 [INFO] System metrics updated.
2026-09-06 10:33:55 [INFO] System metrics updated.
2026-09-06 10:33:55 [INFO] System metrics updated.
2026-09-06 10:34:00 [INFO] System metrics updated.
2026-09-06 10:34:00 [INFO] System metrics updated.
2026-09-06 10:34:00 [INFO] System metrics updated.
2026-09-06 10:34:03 [INFO] Scanning file directories...
2026-09-06 10:34:03 [INFO] Scanning file directories...
2026-09-06 10:34:03 [INFO] Scanning file directories...
2026-09-06 10:34:03 [INFO] Local files found: 0
2026-09-06 10:34:03 [INFO] Local files found: 0
2026-09-06 10:34:03 [INFO] Local files found: 0
2026-09-06 10:34:03 [INFO] Remote files found: 0
2026-09-06 10:34:03 [INFO] Remote files found: 0
2026-09-06 10:34:03 [INFO] Remote files found: 0
2026-09-06 10:34:05 [INFO] System metrics updated.
2026-09-06 10:34:05 [INFO] System metrics updated.
2026-09-06 10:34:05 [INFO] System metrics updated.
2026-09-06 10:34:10 [INFO] System metrics updated.
2026-09-06 10:34:10 [INFO] System metrics updated.
2026-09-06 10:34:10 [INFO] System metrics updated.
2026-09-06 10:34:15 [INFO] System metrics updated.
2026-09-06 10:34:15 [INFO] System metrics updated.
2026-09-06 10:34:15 [INFO] System metrics updated.
2026-09-06 10:34:20 [INFO] System metrics updated.
2026-09-06 10:34:20 [INFO] System metrics updated.
2026-09-06 10:34:20 [INFO] System metrics updated.
2026-09-06 10:34:25 [INFO] System metrics updated.
2026-09-06 10:34:25 [INFO] System metrics updated.
2026-09-06 10:34:25 [INFO] System metrics updated.
2026-09-06 10:34:30 [INFO] System metrics updated.
2026-09-06 10:34:30 [INFO] System metrics updated.
2026-09-06 10:34:30 [INFO] System metrics updated.
2026-09-06 10:34:33 [INFO] Scanning file directories...
2026-09-06 10:34:33 [INFO] Scanning file directories...
2026-09-06 10:34:33 [INFO] Scanning file directories...
2026-09-06 10:34:33 [INFO] Local files found: 0
2026-09-06 10:34:33 [INFO] Local files found: 0
2026-09-06 10:34:33 [INFO] Local files found: 0
2026-09-06 10:34:33 [INFO] Remote files found: 0
2026-09-06 10:34:33 [INFO] Remote files found: 0
2026-09-06 10:34:33 [INFO] Remote files found: 0
2026-09-06 10:34:35 [INFO] System metrics updated.
2026-09-06 10:34:35 [INFO] System metrics updated.
2026-09-06 10:34:35 [INFO] System metrics updated.
2026-09-06 10:34:40 [INFO] System metrics updated.
2026-09-06 10:34:40 [INFO] System metrics updated.
2026-09-06 10:34:40 [INFO] System metrics updated.
2026-09-06 10:34:45 [INFO] System metrics updated.
2026-09-06 10:34:45 [INFO] System metrics updated.
2026-09-06 10:34:45 [INFO] System metrics updated.
2026-09-06 10:34:50 [INFO] System metrics updated.
2026-09-06 10:34:50 [INFO] System metrics updated.
2026-09-06 10:34:50 [INFO] System metrics updated.
2026-09-06 10:34:55 [INFO] System metrics updated.
2026-09-06 10:34:55 [INFO] System metrics updated.
2026-09-06 10:34:55 [INFO] System metrics updated.
2026-09-06 10:35:00 [INFO] System metrics updated.
2026-09-06 10:35:00 [INFO] System metrics updated.
2026-09-06 10:35:00 [INFO] System metrics updated.
2026-09-06 10:35:03 [INFO] Scanning file directories...
2026-09-06 10:35:03 [INFO] Scanning file directories...
2026-09-06 10:35:03 [INFO] Scanning file directories...
2026-09-06 10:35:03 [INFO] Local files found: 0
2026-09-06 10:35:03 [INFO] Local files found: 0
2026-09-06 10:35:03 [INFO] Local files found: 0
2026-09-06 10:35:03 [INFO] Remote files found: 0
2026-09-06 10:35:03 [INFO] Remote files found: 0
2026-09-06 10:35:03 [INFO] Remote files found: 0
2026-09-06 10:35:05 [INFO] System metrics updated.
2026-09-06 10:35:05 [INFO] System metrics updated.
2026-09-06 10:35:05 [INFO] System metrics updated.
2026-09-06 10:35:10 [INFO] System metrics updated.
2026-09-06 10:35:10 [INFO] System metrics updated.
2026-09-06 10:35:10 [INFO] System metrics updated.
2026-09-06 10:35:15 [INFO] System metrics updated.
2026-09-06 10:35:15 [INFO] System metrics updated.
2026-09-06 10:35:15 [INFO] System metrics updated.
2026-09-06 10:35:20 [INFO] System metrics updated.
2026-09-06 10:35:20 [INFO] System metrics updated.
2026-09-06 10:35:20 [INFO] System metrics updated.
2026-09-06 10:35:25 [INFO] System metrics updated.
2026-09-06 10:35:25 [INFO] System metrics updated.
2026-09-06 10:35:25 [INFO] System metrics updated.
2026-09-06 10:35:30 [INFO] System metrics updated.
2026-09-06 10:35:30 [INFO] System metrics updated.
2026-09-06 10:35:30 [INFO] System metrics updated.
2026-09-06 10:35:33 [INFO] Scanning file directories...
2026-09-06 10:35:33 [INFO] Scanning file directories...
2026-09-06 10:35:33 [INFO] Scanning file directories...
2026-09-06 10:35:33 [INFO] Local files found: 0
2026-09-06 10:35:33 [INFO] Local files found: 0
2026-09-06 10:35:33 [INFO] Local files found: 0
2026-09-06 10:35:33 [INFO] Remote files found: 0
2026-09-06 10:35:33 [INFO] Remote files found: 0
2026-09-06 10:35:33 [INFO] Remote files found: 0
2026-09-06 10:35:35 [INFO] System metrics updated.
2026-09-06 10:35:35 [INFO] System metrics updated.
2026-09-06 10:35:35 [INFO] System metrics updated.
2026-09-06 10:35:40 [INFO] System metrics updated.
2026-09-06 10:35:40 [INFO] System metrics updated.
2026-09-06 10:35:40 [INFO] System metrics updated.
2026-09-06 10:35:45 [INFO] System metrics updated.
2026-09-06 10:35:45 [INFO] System metrics updated.
2026-09-06 10:35:45 [INFO] System metrics updated.
2026-09-06 10:35:50 [INFO] System metrics updated.
2026-09-06 10:35:50 [INFO] System metrics updated.
2026-09-06 10:35:50 [INFO] System metrics updated.
2026-09-06 10:35:55 [INFO] System metrics updated.
2026-09-06 10:35:55 [INFO] System metrics updated.
2026-09-06 10:35:55 [INFO] System metrics updated.
2026-09-06 10:36:00 [INFO] System metrics updated.
2026-09-06 10:36:00 [INFO] System metrics updated.
2026-09-06 10:36:00 [INFO] System metrics updated.
2026-09-06 10:36:03 [INFO] Scanning file directories...
2026-09-06 10:36:03 [INFO] Scanning file directories...
2026-09-06 10:36:03 [INFO] Scanning file directories...
2026-09-06 10:36:03 [INFO] Local files found: 0
2026-09-06 10:36:03 [INFO] Local files found: 0
2026-09-06 10:36:03 [INFO] Local files found: 0
2026-09-06 10:36:03 [INFO] Remote files found: 0
2026-09-06 10:36:03 [INFO] Remote files found: 0
2026-09-06 10:36:03 [INFO] Remote files found: 0
2026-09-06 10:36:05 [INFO] System metrics updated.
2026-09-06 10:36:05 [INFO] System metrics updated.
2026-09-06 10:36:05 [INFO] System metrics updated.
2026-09-06 10:36:10 [INFO] System metrics updated.
2026-09-06 10:36:10 [INFO] System metrics updated.
2026-09-06 10:36:10 [INFO] System metrics updated.
2026-09-06 10:36:15 [INFO] System metrics updated.
2026-09-06 10:36:15 [INFO] System metrics updated.
2026-09-06 10:36:15 [INFO] System metrics updated.
2026-09-06 10:36:20 [INFO] System metrics updated.
2026-09-06 10:36:20 [INFO] System metrics updated.
2026-09-06 10:36:20 [INFO] System metrics updated.
2026-09-06 10:36:25 [INFO] System metrics updated.
2026-09-06 10:36:25 [INFO] System metrics updated.
2026-09-06 10:36:25 [INFO] System metrics updated.
2026-09-06 10:36:30 [INFO] System metrics updated.
2026-09-06 10:36:30 [INFO] System metrics updated.
2026-09-06 10:36:30 [INFO] System metrics updated.
2026-09-06 10:36:33 [INFO] Scanning file directories...
2026-09-06 10:36:33 [INFO] Scanning file directories...
2026-09-06 10:36:33 [INFO] Scanning file directories...
2026-09-06 10:36:33 [INFO] Local files found: 0
2026-09-06 10:36:33 [INFO] Local files found: 0
2026-09-06 10:36:33 [INFO] Local files found: 0
2026-09-06 10:36:33 [INFO] Remote files found: 0
2026-09-06 10:36:33 [INFO] Remote files found: 0
2026-09-06 10:36:33 [INFO] Remote files found: 0
2026-09-06 10:36:35 [INFO] System metrics updated.
2026-09-06 10:36:35 [INFO] System metrics updated.
2026-09-06 10:36:35 [INFO] System metrics updated.
2026-09-06 10:36:40 [INFO] System metrics updated.
2026-09-06 10:36:40 [INFO] System metrics updated.
2026-09-06 10:36:40 [INFO] System metrics updated.
2026-09-06 10:36:45 [INFO] System metrics updated.
2026-09-06 10:36:45 [INFO] System metrics updated.
2026-09-06 10:36:45 [INFO] System metrics updated.
2026-09-06 10:36:50 [INFO] System metrics updated.
2026-09-06 10:36:50 [INFO] System metrics updated.
2026-09-06 10:36:50 [INFO] System metrics updated.
2026-09-06 10:36:55 [INFO] System metrics updated.
2026-09-06 10:36:55 [INFO] System metrics updated.
2026-09-06 10:36:55 [INFO] System metrics updated.
2026-09-06 10:37:00 [INFO] System metrics updated.
2026-09-06 10:37:00 [INFO] System metrics updated.
2026-09-06 10:37:00 [INFO] System metrics updated.
2026-09-06 10:37:03 [INFO] Scanning file directories...
2026-09-06 10:37:03 [INFO] Scanning file directories...
2026-09-06 10:37:03 [INFO] Scanning file directories...
2026-09-06 10:37:03 [INFO] Local files found: 0
2026-09-06 10:37:03 [INFO] Local files found: 0
2026-09-06 10:37:03 [INFO] Local files found: 0
2026-09-06 10:37:03 [INFO] Remote files found: 0
2026-09-06 10:37:03 [INFO] Remote files found: 0
2026-09-06 10:37:03 [INFO] Remote files found: 0
2026-09-06 10:37:05 [INFO] System metrics updated.
2026-09-06 10:37:05 [INFO] System metrics updated.
2026-09-06 10:37:05 [INFO] System metrics updated.
2026-09-06 10:37:10 [INFO] System metrics updated.
2026-09-06 10:37:10 [INFO] System metrics updated.
2026-09-06 10:37:10 [INFO] System metrics updated.
2026-09-06 10:37:15 [INFO] System metrics updated.
2026-09-06 10:37:15 [INFO] System metrics updated.
2026-09-06 10:37:15 [INFO] System metrics updated.
2026-09-06 10:37:20 [INFO] System metrics updated.
2026-09-06 10:37:20 [INFO] System metrics updated.
2026-09-06 10:37:20 [INFO] System metrics updated.
2026-09-06 10:37:25 [INFO] System metrics updated.
2026-09-06 10:37:25 [INFO] System metrics updated.
2026-09-06 10:37:25 [INFO] System metrics updated.
2026-09-06 10:37:30 [INFO] System metrics updated.
2026-09-06 10:37:30 [INFO] System metrics updated.
2026-09-06 10:37:30 [INFO] System metrics updated.
2026-09-06 10:37:33 [INFO] Scanning file directories...
2026-09-06 10:37:33 [INFO] Scanning file directories...
2026-09-06 10:37:33 [INFO] Scanning file directories...
2026-09-06 10:37:33 [INFO] Local files found: 0
2026-09-06 10:37:33 [INFO] Local files found: 0
2026-09-06 10:37:33 [INFO] Local files found: 0
2026-09-06 10:37:33 [INFO] Remote files found: 0
2026-09-06 10:37:33 [INFO] Remote files found: 0
2026-09-06 10:37:33 [INFO] Remote files found: 0
2026-09-06 10:37:35 [INFO] System metrics updated.
2026-09-06 10:37:35 [INFO] System metrics updated.
2026-09-06 10:37:35 [INFO] System metrics updated.
2026-09-06 10:37:40 [INFO] System metrics updated.
2026-09-06 10:37:40 [INFO] System metrics updated.
2026-09-06 10:37:40 [INFO] System metrics updated.
2026-09-06 10:37:45 [INFO] System metrics updated.
2026-09-06 10:37:45 [INFO] System metrics updated.
2026-09-06 10:37:45 [INFO] System metrics updated.
2026-09-06 10:37:50 [INFO] System metrics updated.
2026-09-06 10:37:50 [INFO] System metrics updated.
2026-09-06 10:37:50 [INFO] System metrics updated.
2026-09-06 10:37:55 [INFO] System metrics updated.
2026-09-06 10:37:55 [INFO] System metrics updated.
2026-09-06 10:37:55 [INFO] System metrics updated.
2026-09-06 10:38:00 [INFO] System metrics updated.
2026-09-06 10:38:00 [INFO] System metrics updated.
2026-09-06 10:38:00 [INFO] System metrics updated.
2026-09-06 10:38:03 [INFO] Scanning file directories...
2026-09-06 10:38:03 [INFO] Scanning file directories...
2026-09-06 10:38:03 [INFO] Scanning file directories...
2026-09-06 10:38:03 [INFO] Local files found: 0
2026-09-06 10:38:03 [INFO] Local files found: 0
2026-09-06 10:38:03 [INFO] Local files found: 0
2026-09-06 10:38:03 [INFO] Remote files found: 0
2026-09-06 10:38:03 [INFO] Remote files found: 0
2026-09-06 10:38:03 [INFO] Remote files found: 0
2026-09-06 10:38:05 [INFO] System metrics updated.
2026-09-06 10:38:05 [INFO] System metrics updated.
2026-09-06 10:38:05 [INFO] System metrics updated.
2026-09-06 10:38:10 [INFO] System metrics updated.
2026-09-06 10:38:10 [INFO] System metrics updated.
2026-09-06 10:38:10 [INFO] System metrics updated.
2026-09-06 10:38:15 [INFO] System metrics updated.
2026-09-06 10:38:15 [INFO] System metrics updated.
2026-09-06 10:38:15 [INFO] System metrics updated.
2026-09-06 10:38:20 [INFO] System metrics updated.
2026-09-06 10:38:20 [INFO] System metrics updated.
2026-09-06 10:38:20 [INFO] System metrics updated.
2026-09-06 10:38:25 [INFO] System metrics updated.
2026-09-06 10:38:25 [INFO] System metrics updated.
2026-09-06 10:38:25 [INFO] System metrics updated.
2026-09-06 10:38:30 [INFO] System metrics updated.
2026-09-06 10:38:30 [INFO] System metrics updated.
2026-09-06 10:38:30 [INFO] System metrics updated.
2026-09-06 10:38:33 [INFO] Scanning file directories...
2026-09-06 10:38:33 [INFO] Scanning file directories...
2026-09-06 10:38:33 [INFO] Scanning file directories...
2026-09-06 10:38:33 [INFO] Local files found: 0
2026-09-06 10:38:33 [INFO] Local files found: 0
2026-09-06 10:38:33 [INFO] Local files found: 0
2026-09-06 10:38:33 [INFO] Remote files found: 0
2026-09-06 10:38:33 [INFO] Remote files found: 0
2026-09-06 10:38:33 [INFO] Remote files found: 0
2026-09-06 10:38:35 [INFO] System metrics updated.
2026-09-06 10:38:35 [INFO] System metrics updated.
2026-09-06 10:38:35 [INFO] System metrics updated.
2026-09-06 10:38:40 [INFO] System metrics updated.
2026-09-06 10:38:40 [INFO] System metrics updated.
2026-09-06 10:38:40 [INFO] System metrics updated.
2026-09-06 10:38:45 [INFO] System metrics updated.
2026-09-06 10:38:45 [INFO] System metrics updated.
2026-09-06 10:38:45 [INFO] System metrics updated.
2026-09-06 10:38:50 [INFO] System metrics updated.
2026-09-06 10:38:50 [INFO] System metrics updated.
2026-09-06 10:38:50 [INFO] System metrics updated.
2026-09-06 10:38:55 [INFO] System metrics updated.
2026-09-06 10:38:55 [INFO] System metrics updated.
2026-09-06 10:38:55 [INFO] System metrics updated.
2026-09-06 10:39:00 [INFO] System metrics updated.
2026-09-06 10:39:00 [INFO] System metrics updated.
2026-09-06 10:39:00 [INFO] System metrics updated.
2026-09-06 10:39:03 [INFO] Scanning file directories...
2026-09-06 10:39:03 [INFO] Scanning file directories...
2026-09-06 10:39:03 [INFO] Scanning file directories...
2026-09-06 10:39:03 [INFO] Local files found: 0
2026-09-06 10:39:03 [INFO] Local files found: 0
2026-09-06 10:39:03 [INFO] Local files found: 0
2026-09-06 10:39:03 [INFO] Remote files found: 0
2026-09-06 10:39:03 [INFO] Remote files found: 0
2026-09-06 10:39:03 [INFO] Remote files found: 0
2026-09-06 10:39:05 [INFO] System metrics updated.
2026-09-06 10:39:05 [INFO] System metrics updated.
2026-09-06 10:39:05 [INFO] System metrics updated.
2026-09-06 10:39:10 [INFO] System metrics updated.
2026-09-06 10:39:10 [INFO] System metrics updated.
2026-09-06 10:39:10 [INFO] System metrics updated.
2026-09-06 10:39:15 [INFO] System metrics updated.
2026-09-06 10:39:15 [INFO] System metrics updated.
2026-09-06 10:39:15 [INFO] System metrics updated.
2026-09-06 10:39:20 [INFO] System metrics updated.
2026-09-06 10:39:20 [INFO] System metrics updated.
2026-09-06 10:39:20 [INFO] System metrics updated.
2026-09-06 10:39:25 [INFO] System metrics updated.
2026-09-06 10:39:25 [INFO] System metrics updated.
2026-09-06 10:39:25 [INFO] System metrics updated.
2026-09-06 10:39:30 [INFO] System metrics updated.
2026-09-06 10:39:30 [INFO] System metrics updated.
2026-09-06 10:39:30 [INFO] System metrics updated.
2026-09-06 10:39:33 [INFO] Scanning file directories...
2026-09-06 10:39:33 [INFO] Scanning file directories...
2026-09-06 10:39:33 [INFO] Scanning file directories...
2026-09-06 10:39:33 [INFO] Local files found: 0
2026-09-06 10:39:33 [INFO] Local files found: 0
2026-09-06 10:39:33 [INFO] Local files found: 0
2026-09-06 10:39:33 [INFO] Remote files found: 0
2026-09-06 10:39:33 [INFO] Remote files found: 0
2026-09-06 10:39:33 [INFO] Remote files found: 0
2026-09-06 10:39:35 [INFO] System metrics updated.
2026-09-06 10:39:35 [INFO] System metrics updated.
2026-09-06 10:39:35 [INFO] System metrics updated.
2026-09-06 10:39:40 [INFO] System metrics updated.
2026-09-06 10:39:40 [INFO] System metrics updated.
2026-09-06 10:39:40 [INFO] System metrics updated.
2026-09-06 10:39:45 [INFO] System metrics updated.
2026-09-06 10:39:45 [INFO] System metrics updated.
2026-09-06 10:39:45 [INFO] System metrics updated.
2026-09-06 10:39:50 [INFO] System metrics updated.
2026-09-06 10:39:50 [INFO] System metrics updated.
2026-09-06 10:39:50 [INFO] System metrics updated.
2026-09-06 10:39:55 [INFO] System metrics updated.
2026-09-06 10:39:55 [INFO] System metrics updated.
2026-09-06 10:39:55 [INFO] System metrics updated.
2026-09-06 10:40:00 [INFO] System metrics updated.
2026-09-06 10:40:00 [INFO] System metrics updated.
2026-09-06 10:40:00 [INFO] System metrics updated.
2026-09-06 10:40:03 [INFO] Scanning file directories...
2026-09-06 10:40:03 [INFO] Scanning file directories...
2026-09-06 10:40:03 [INFO] Scanning file directories...
2026-09-06 10:40:03 [INFO] Local files found: 0
2026-09-06 10:40:03 [INFO] Local files found: 0
2026-09-06 10:40:03 [INFO] Local files found: 0
2026-09-06 10:40:03 [INFO] Remote files found: 0
2026-09-06 10:40:03 [INFO] Remote files found: 0
2026-09-06 10:40:03 [INFO] Remote files found: 0
2026-09-06 10:40:05 [INFO] System metrics updated.
2026-09-06 10:40:05 [INFO] System metrics updated.
2026-09-06 10:40:05 [INFO] System metrics updated.
2026-09-06 10:40:10 [INFO] System metrics updated.
2026-09-06 10:40:10 [INFO] System metrics updated.
2026-09-06 10:40:10 [INFO] System metrics updated.
2026-09-06 10:40:15 [INFO] System metrics updated.
2026-09-06 10:40:15 [INFO] System metrics updated.
2026-09-06 10:40:15 [INFO] System metrics updated.
2026-09-06 10:40:20 [INFO] System metrics updated.
2026-09-06 10:40:20 [INFO] System metrics updated.
2026-09-06 10:40:20 [INFO] System metrics updated.
2026-09-06 10:40:25 [INFO] System metrics updated.
2026-09-06 10:40:25 [INFO] System metrics updated.
2026-09-06 10:40:25 [INFO] System metrics updated.
2026-09-06 10:40:30 [INFO] System metrics updated.
2026-09-06 10:40:30 [INFO] System metrics updated.
2026-09-06 10:40:30 [INFO] System metrics updated.
2026-09-06 10:40:33 [INFO] Scanning file directories...
2026-09-06 10:40:33 [INFO] Scanning file directories...
2026-09-06 10:40:33 [INFO] Scanning file directories...
2026-09-06 10:40:33 [INFO] Local files found: 0
2026-09-06 10:40:33 [INFO] Local files found: 0
2026-09-06 10:40:33 [INFO] Local files found: 0
2026-09-06 10:40:33 [INFO] Remote files found: 0
2026-09-06 10:40:33 [INFO] Remote files found: 0
2026-09-06 10:40:33 [INFO] Remote files found: 0
2026-09-06 10:40:36 [INFO] System metrics updated.
2026-09-06 10:40:36 [INFO] System metrics updated.
2026-09-06 10:40:36 [INFO] System metrics updated.
2026-09-06 10:40:41 [INFO] System metrics updated.
2026-09-06 10:40:41 [INFO] System metrics updated.
2026-09-06 10:40:41 [INFO] System metrics updated.
2026-09-06 10:40:46 [INFO] System metrics updated.
2026-09-06 10:40:46 [INFO] System metrics updated.
2026-09-06 10:40:46 [INFO] System metrics updated.
2026-09-06 10:40:51 [INFO] System metrics updated.
2026-09-06 10:40:51 [INFO] System metrics updated.
2026-09-06 10:40:51 [INFO] System metrics updated.
2026-09-06 10:40:56 [INFO] System metrics updated.
2026-09-06 10:40:56 [INFO] System metrics updated.
2026-09-06 10:40:56 [INFO] System metrics updated.
2026-09-06 10:41:01 [INFO] System metrics updated.
2026-09-06 10:41:01 [INFO] System metrics updated.
2026-09-06 10:41:01 [INFO] System metrics updated.
2026-09-06 10:41:03 [INFO] Scanning file directories...
2026-09-06 10:41:03 [INFO] Scanning file directories...
2026-09-06 10:41:03 [INFO] Scanning file directories...
2026-09-06 10:41:03 [INFO] Local files found: 0
2026-09-06 10:41:03 [INFO] Local files found: 0
2026-09-06 10:41:03 [INFO] Local files found: 0
2026-09-06 10:41:03 [INFO] Remote files found: 0
2026-09-06 10:41:03 [INFO] Remote files found: 0
2026-09-06 10:41:03 [INFO] Remote files found: 0
2026-09-06 10:41:06 [INFO] System metrics updated.
2026-09-06 10:41:06 [INFO] System metrics updated.
2026-09-06 10:41:06 [INFO] System metrics updated.
2026-09-06 10:41:11 [INFO] System metrics updated.
2026-09-06 10:41:11 [INFO] System metrics updated.
2026-09-06 10:41:11 [INFO] System metrics updated.
2026-09-06 10:41:16 [INFO] System metrics updated.
2026-09-06 10:41:16 [INFO] System metrics updated.
2026-09-06 10:41:16 [INFO] System metrics updated.
2026-09-06 10:41:21 [INFO] System metrics updated.
2026-09-06 10:41:21 [INFO] System metrics updated.
2026-09-06 10:41:21 [INFO] System metrics updated.
2026-09-06 10:41:26 [INFO] System metrics updated.
2026-09-06 10:41:26 [INFO] System metrics updated.
2026-09-06 10:41:26 [INFO] System metrics updated.
2026-09-06 10:41:31 [INFO] System metrics updated.
2026-09-06 10:41:31 [INFO] System metrics updated.
2026-09-06 10:41:31 [INFO] System metrics updated.
2026-09-06 10:41:33 [INFO] Scanning file directories...
2026-09-06 10:41:33 [INFO] Scanning file directories...
2026-09-06 10:41:33 [INFO] Scanning file directories...
2026-09-06 10:41:33 [INFO] Local files found: 0
2026-09-06 10:41:33 [INFO] Local files found: 0
2026-09-06 10:41:33 [INFO] Local files found: 0
2026-09-06 10:41:33 [INFO] Remote files found: 0
2026-09-06 10:41:33 [INFO] Remote files found: 0
2026-09-06 10:41:33 [INFO] Remote files found: 0
2026-09-06 10:41:36 [INFO] System metrics updated.
2026-09-06 10:41:36 [INFO] System metrics updated.
2026-09-06 10:41:36 [INFO] System metrics updated.
2026-09-06 10:41:41 [INFO] System metrics updated.
2026-09-06 10:41:41 [INFO] System metrics updated.
2026-09-06 10:41:41 [INFO] System metrics updated.
2026-09-06 10:41:46 [INFO] System metrics updated.
2026-09-06 10:41:46 [INFO] System metrics updated.
2026-09-06 10:41:46 [INFO] System metrics updated.
2026-09-06 10:41:51 [INFO] System metrics updated.
2026-09-06 10:41:51 [INFO] System metrics updated.
2026-09-06 10:41:51 [INFO] System metrics updated.
2026-09-06 10:41:56 [INFO] System metrics updated.
2026-09-06 10:41:56 [INFO] System metrics updated.
2026-09-06 10:41:56 [INFO] System metrics updated.
2026-09-06 10:42:01 [INFO] System metrics updated.
2026-09-06 10:42:01 [INFO] System metrics updated.
2026-09-06 10:42:01 [INFO] System metrics updated.
2026-09-06 10:42:03 [INFO] Scanning file directories...
2026-09-06 10:42:03 [INFO] Scanning file directories...
2026-09-06 10:42:03 [INFO] Scanning file directories...
2026-09-06 10:42:03 [INFO] Local files found: 0
2026-09-06 10:42:03 [INFO] Local files found: 0
2026-09-06 10:42:03 [INFO] Local files found: 0
2026-09-06 10:42:03 [INFO] Remote files found: 0
2026-09-06 10:42:03 [INFO] Remote files found: 0
2026-09-06 10:42:03 [INFO] Remote files found: 0
2026-09-06 10:42:06 [INFO] System metrics updated.
2026-09-06 10:42:06 [INFO] System metrics updated.
2026-09-06 10:42:06 [INFO] System metrics updated.
2026-09-06 10:42:11 [INFO] System metrics updated.
2026-09-06 10:42:11 [INFO] System metrics updated.
2026-09-06 10:42:11 [INFO] System metrics updated.
2026-09-06 10:42:16 [INFO] System metrics updated.
2026-09-06 10:42:16 [INFO] System metrics updated.
2026-09-06 10:42:16 [INFO] System metrics updated.
2026-09-06 10:42:21 [INFO] System metrics updated.
2026-09-06 10:42:21 [INFO] System metrics updated.
2026-09-06 10:42:21 [INFO] System metrics updated.
2026-09-06 10:42:26 [INFO] System metrics updated.
2026-09-06 10:42:26 [INFO] System metrics updated.
2026-09-06 10:42:26 [INFO] System metrics updated.
2026-09-06 10:42:31 [INFO] System metrics updated.
2026-09-06 10:42:31 [INFO] System metrics updated.
2026-09-06 10:42:31 [INFO] System metrics updated.
2026-09-06 10:42:33 [INFO] Scanning file directories...
2026-09-06 10:42:33 [INFO] Scanning file directories...
2026-09-06 10:42:33 [INFO] Scanning file directories...
2026-09-06 10:42:33 [INFO] Local files found: 0
2026-09-06 10:42:33 [INFO] Local files found: 0
2026-09-06 10:42:33 [INFO] Local files found: 0
2026-09-06 10:42:33 [INFO] Remote files found: 0
2026-09-06 10:42:33 [INFO] Remote files found: 0
2026-09-06 10:42:33 [INFO] Remote files found: 0
2026-09-06 10:42:36 [INFO] System metrics updated.
2026-09-06 10:42:36 [INFO] System metrics updated.
2026-09-06 10:42:36 [INFO] System metrics updated.
2026-09-06 10:42:41 [INFO] System metrics updated.
2026-09-06 10:42:41 [INFO] System metrics updated.
2026-09-06 10:42:41 [INFO] System metrics updated.
2026-09-06 10:42:46 [INFO] System metrics updated.
2026-09-06 10:42:46 [INFO] System metrics updated.
2026-09-06 10:42:46 [INFO] System metrics updated.
2026-09-06 10:42:51 [INFO] System metrics updated.
2026-09-06 10:42:51 [INFO] System metrics updated.
2026-09-06 10:42:51 [INFO] System metrics updated.
2026-09-06 10:42:56 [INFO] System metrics updated.
2026-09-06 10:42:56 [INFO] System metrics updated.
2026-09-06 10:42:56 [INFO] System metrics updated.
2026-09-06 10:43:01 [INFO] System metrics updated.
2026-09-06 10:43:01 [INFO] System metrics updated.
2026-09-06 10:43:01 [INFO] System metrics updated.
2026-09-06 10:43:03 [INFO] Scanning file directories...
2026-09-06 10:43:03 [INFO] Scanning file directories...
2026-09-06 10:43:03 [INFO] Scanning file directories...
2026-09-06 10:43:03 [INFO] Local files found: 0
2026-09-06 10:43:03 [INFO] Local files found: 0
2026-09-06 10:43:03 [INFO] Local files found: 0
2026-09-06 10:43:03 [INFO] Remote files found: 0
2026-09-06 10:43:03 [INFO] Remote files found: 0
2026-09-06 10:43:03 [INFO] Remote files found: 0
2026-09-06 10:43:06 [INFO] System metrics updated.
2026-09-06 10:43:06 [INFO] System metrics updated.
2026-09-06 10:43:06 [INFO] System metrics updated.
2026-09-06 10:43:11 [INFO] System metrics updated.
2026-09-06 10:43:11 [INFO] System metrics updated.
2026-09-06 10:43:11 [INFO] System metrics updated.
2026-09-06 10:43:16 [INFO] System metrics updated.
2026-09-06 10:43:16 [INFO] System metrics updated.
2026-09-06 10:43:16 [INFO] System metrics updated.
2026-09-06 10:43:21 [INFO] System metrics updated.
2026-09-06 10:43:21 [INFO] System metrics updated.
2026-09-06 10:43:21 [INFO] System metrics updated.
2026-09-06 10:43:26 [INFO] System metrics updated.
2026-09-06 10:43:26 [INFO] System metrics updated.
2026-09-06 10:43:26 [INFO] System metrics updated.
2026-09-06 10:43:31 [INFO] System metrics updated.
2026-09-06 10:43:31 [INFO] System metrics updated.
2026-09-06 10:43:31 [INFO] System metrics updated.
2026-09-06 10:43:33 [INFO] Scanning file directories...
2026-09-06 10:43:33 [INFO] Scanning file directories...
2026-09-06 10:43:33 [INFO] Scanning file directories...
2026-09-06 10:43:33 [INFO] Local files found: 0
2026-09-06 10:43:33 [INFO] Local files found: 0
2026-09-06 10:43:33 [INFO] Local files found: 0
2026-09-06 10:43:33 [INFO] Remote files found: 0
2026-09-06 10:43:33 [INFO] Remote files found: 0
2026-09-06 10:43:33 [INFO] Remote files found: 0
2026-09-06 10:43:36 [INFO] System metrics updated.
2026-09-06 10:43:36 [INFO] System metrics updated.
2026-09-06 10:43:36 [INFO] System metrics updated.
2026-09-06 10:43:41 [INFO] System metrics updated.
2026-09-06 10:43:41 [INFO] System metrics updated.
2026-09-06 10:43:41 [INFO] System metrics updated.
2026-09-06 10:43:46 [INFO] System metrics updated.
2026-09-06 10:43:46 [INFO] System metrics updated.
2026-09-06 10:43:46 [INFO] System metrics updated.
2026-09-06 10:43:51 [INFO] System metrics updated.
2026-09-06 10:43:51 [INFO] System metrics updated.
2026-09-06 10:43:51 [INFO] System metrics updated.
2026-09-06 10:43:56 [INFO] System metrics updated.
2026-09-06 10:43:56 [INFO] System metrics updated.
2026-09-06 10:43:56 [INFO] System metrics updated.
2026-09-06 10:44:01 [INFO] System metrics updated.
2026-09-06 10:44:01 [INFO] System metrics updated.
2026-09-06 10:44:01 [INFO] System metrics updated.
2026-09-06 10:44:03 [INFO] Scanning file directories...
2026-09-06 10:44:03 [INFO] Scanning file directories...
2026-09-06 10:44:03 [INFO] Scanning file directories...
2026-09-06 10:44:03 [INFO] Local files found: 0
2026-09-06 10:44:03 [INFO] Local files found: 0
2026-09-06 10:44:03 [INFO] Local files found: 0
2026-09-06 10:44:03 [INFO] Remote files found: 0
2026-09-06 10:44:03 [INFO] Remote files found: 0
2026-09-06 10:44:03 [INFO] Remote files found: 0
2026-09-06 10:44:06 [INFO] System metrics updated.
2026-09-06 10:44:06 [INFO] System metrics updated.
2026-09-06 10:44:06 [INFO] System metrics updated.
2026-09-06 10:44:11 [INFO] System metrics updated.
2026-09-06 10:44:11 [INFO] System metrics updated.
2026-09-06 10:44:11 [INFO] System metrics updated.
2026-09-06 10:44:16 [INFO] System metrics updated.
2026-09-06 10:44:16 [INFO] System metrics updated.
2026-09-06 10:44:16 [INFO] System metrics updated.
2026-09-06 10:44:21 [INFO] System metrics updated.
2026-09-06 10:44:21 [INFO] System metrics updated.
2026-09-06 10:44:21 [INFO] System metrics updated.
2026-09-06 10:56:24 [INFO] System metrics updated.
2026-09-06 10:56:24 [INFO] Scanning file directories...
2026-09-06 10:56:24 [INFO] System metrics updated.
2026-09-06 10:56:24 [INFO] System metrics updated.
2026-09-06 10:56:24 [INFO] Starting metrics exporter...
2026-09-06 10:56:24 [INFO] Starting metrics exporter...
2026-09-06 10:56:24 [INFO] Starting metrics exporter...
2026-09-06 10:56:24 [INFO] Scanning file directories...
2026-09-06 10:56:24 [INFO] Scanning file directories...
2026-09-06 10:56:24 [INFO] Local files found: 0
2026-09-06 10:56:24 [INFO] Local files found: 0
2026-09-06 10:56:24 [INFO] Local files found: 0
2026-09-06 10:56:24 [INFO] Remote files found: 0
2026-09-06 10:56:24 [INFO] Remote files found: 0
2026-09-06 10:56:24 [INFO] Remote files found: 0
2026-09-06 10:56:29 [INFO] System metrics updated.
2026-09-06 10:56:29 [INFO] System metrics updated.
2026-09-06 10:56:29 [INFO] System metrics updated.
2026-09-06 10:56:34 [INFO] System metrics updated.
2026-09-06 10:56:34 [INFO] System metrics updated.
2026-09-06 10:56:34 [INFO] System metrics updated.
2026-09-06 10:56:39 [INFO] System metrics updated.
2026-09-06 10:56:39 [INFO] System metrics updated.
2026-09-06 10:56:39 [INFO] System metrics updated.
2026-09-06 10:56:44 [INFO] System metrics updated.
2026-09-06 10:56:44 [INFO] System metrics updated.
2026-09-06 10:56:44 [INFO] System metrics updated.
2026-09-06 10:56:49 [INFO] System metrics updated.
2026-09-06 10:56:49 [INFO] System metrics updated.
2026-09-06 10:56:49 [INFO] System metrics updated.
2026-09-06 10:56:54 [INFO] Scanning file directories...
2026-09-06 10:56:54 [INFO] Scanning file directories...
2026-09-06 10:56:54 [INFO] Scanning file directories...
2026-09-06 10:56:54 [INFO] Local files found: 0
2026-09-06 10:56:54 [INFO] Local files found: 0
2026-09-06 10:56:54 [INFO] Local files found: 0
2026-09-06 10:56:54 [INFO] Remote files found: 0
2026-09-06 10:56:54 [INFO] Remote files found: 0
2026-09-06 10:56:54 [INFO] Remote files found: 0
2026-09-06 10:56:54 [INFO] System metrics updated.
2026-09-06 10:56:54 [INFO] System metrics updated.
2026-09-06 10:56:54 [INFO] System metrics updated.
2026-09-06 10:56:59 [INFO] System metrics updated.
2026-09-06 10:56:59 [INFO] System metrics updated.
2026-09-06 10:56:59 [INFO] System metrics updated.
2026-09-06 10:57:04 [INFO] System metrics updated.
2026-09-06 10:57:04 [INFO] System metrics updated.
2026-09-06 10:57:04 [INFO] System metrics updated.
2026-09-06 10:57:09 [INFO] System metrics updated.
2026-09-06 10:57:09 [INFO] System metrics updated.
2026-09-06 10:57:09 [INFO] System metrics updated.
2026-09-06 10:57:14 [INFO] System metrics updated.
2026-09-06 10:57:14 [INFO] System metrics updated.
2026-09-06 10:57:14 [INFO] System metrics updated.
2026-09-06 10:57:20 [INFO] System metrics updated.
2026-09-06 10:57:20 [INFO] System metrics updated.
2026-09-06 10:57:20 [INFO] System metrics updated.
2026-09-06 10:57:24 [INFO] Scanning file directories...
2026-09-06 10:57:24 [INFO] Scanning file directories...
2026-09-06 10:57:24 [INFO] Scanning file directories...
2026-09-06 10:57:24 [INFO] Local files found: 0
2026-09-06 10:57:24 [INFO] Local files found: 0
2026-09-06 10:57:24 [INFO] Local files found: 0
2026-09-06 10:57:24 [INFO] Remote files found: 0
2026-09-06 10:57:24 [INFO] Remote files found: 0
2026-09-06 10:57:24 [INFO] Remote files found: 0
2026-09-06 10:57:25 [INFO] System metrics updated.
2026-09-06 10:57:25 [INFO] System metrics updated.
2026-09-06 10:57:25 [INFO] System metrics updated.
2026-09-06 10:57:30 [INFO] System metrics updated.
2026-09-06 10:57:30 [INFO] System metrics updated.
2026-09-06 10:57:30 [INFO] System metrics updated.
2026-09-06 10:57:35 [INFO] System metrics updated.
2026-09-06 10:57:35 [INFO] System metrics updated.
2026-09-06 10:57:35 [INFO] System metrics updated.
2026-09-06 10:57:40 [INFO] System metrics updated.
2026-09-06 10:57:40 [INFO] System metrics updated.
2026-09-06 10:57:40 [INFO] System metrics updated.
2026-09-06 10:57:45 [INFO] System metrics updated.
2026-09-06 10:57:45 [INFO] System metrics updated.
2026-09-06 10:57:45 [INFO] System metrics updated.
2026-09-06 10:57:50 [INFO] System metrics updated.
2026-09-06 10:57:50 [INFO] System metrics updated.
2026-09-06 10:57:50 [INFO] System metrics updated.
2026-09-06 10:57:54 [INFO] Scanning file directories...
2026-09-06 10:57:54 [INFO] Scanning file directories...
2026-09-06 10:57:54 [INFO] Scanning file directories...
2026-09-06 10:57:54 [INFO] Local files found: 0
2026-09-06 10:57:54 [INFO] Local files found: 0
2026-09-06 10:57:54 [INFO] Local files found: 0
2026-09-06 10:57:54 [INFO] Remote files found: 0
2026-09-06 10:57:54 [INFO] Remote files found: 0
2026-09-06 10:57:54 [INFO] Remote files found: 0
2026-09-06 10:57:55 [INFO] System metrics updated.
2026-09-06 10:57:55 [INFO] System metrics updated.
2026-09-06 10:57:55 [INFO] System metrics updated.
2026-09-06 10:58:00 [INFO] System metrics updated.
2026-09-06 10:58:00 [INFO] System metrics updated.
2026-09-06 10:58:00 [INFO] System metrics updated.
2026-09-06 10:58:05 [INFO] System metrics updated.
2026-09-06 10:58:05 [INFO] System metrics updated.
2026-09-06 10:58:05 [INFO] System metrics updated.
2026-09-06 10:58:10 [INFO] System metrics updated.
2026-09-06 10:58:10 [INFO] System metrics updated.
2026-09-06 10:58:10 [INFO] System metrics updated.
2026-09-06 10:58:15 [INFO] System metrics updated.
2026-09-06 10:58:15 [INFO] System metrics updated.
2026-09-06 10:58:15 [INFO] System metrics updated.
2026-09-06 10:58:20 [INFO] System metrics updated.
2026-09-06 10:58:20 [INFO] System metrics updated.
2026-09-06 10:58:20 [INFO] System metrics updated.
2026-09-06 10:58:24 [INFO] Scanning file directories...
2026-09-06 10:58:24 [INFO] Scanning file directories...
2026-09-06 10:58:24 [INFO] Scanning file directories...
2026-09-06 10:58:24 [INFO] Local files found: 0
2026-09-06 10:58:24 [INFO] Local files found: 0
2026-09-06 10:58:24 [INFO] Local files found: 0
2026-09-06 10:58:24 [INFO] Remote files found: 0
2026-09-06 10:58:24 [INFO] Remote files found: 0
2026-09-06 10:58:24 [INFO] Remote files found: 0
2026-09-06 10:58:25 [INFO] System metrics updated.
2026-09-06 10:58:25 [INFO] System metrics updated.
2026-09-06 10:58:25 [INFO] System metrics updated.
2026-09-06 10:58:30 [INFO] System metrics updated.
2026-09-06 10:58:30 [INFO] System metrics updated.
2026-09-06 10:58:30 [INFO] System metrics updated.
2026-09-06 10:58:35 [INFO] System metrics updated.
2026-09-06 10:58:35 [INFO] System metrics updated.
2026-09-06 10:58:35 [INFO] System metrics updated.
2026-09-06 10:58:40 [INFO] System metrics updated.
2026-09-06 10:58:40 [INFO] System metrics updated.
2026-09-06 10:58:40 [INFO] System metrics updated.
2026-09-06 10:58:45 [INFO] System metrics updated.
2026-09-06 10:58:45 [INFO] System metrics updated.
2026-09-06 10:58:45 [INFO] System metrics updated.
2026-09-06 10:58:50 [INFO] System metrics updated.
2026-09-06 10:58:50 [INFO] System metrics updated.
2026-09-06 10:58:50 [INFO] System metrics updated.
2026-09-06 10:58:54 [INFO] Scanning file directories...
2026-09-06 10:58:54 [INFO] Scanning file directories...
2026-09-06 10:58:54 [INFO] Scanning file directories...
2026-09-06 10:58:54 [INFO] Local files found: 0
2026-09-06 10:58:54 [INFO] Local files found: 0
2026-09-06 10:58:54 [INFO] Local files found: 0
2026-09-06 10:58:54 [INFO] Remote files found: 0
2026-09-06 10:58:54 [INFO] Remote files found: 0
2026-09-06 10:58:54 [INFO] Remote files found: 0
2026-09-06 10:58:55 [INFO] System metrics updated.
2026-09-06 10:58:55 [INFO] System metrics updated.
2026-09-06 10:58:55 [INFO] System metrics updated.
2026-09-06 10:59:00 [INFO] System metrics updated.
2026-09-06 10:59:00 [INFO] System metrics updated.
2026-09-06 10:59:00 [INFO] System metrics updated.
2026-09-06 10:59:05 [INFO] System metrics updated.
2026-09-06 10:59:05 [INFO] System metrics updated.
2026-09-06 10:59:05 [INFO] System metrics updated.
2026-09-06 10:59:10 [INFO] System metrics updated.
2026-09-06 10:59:10 [INFO] System metrics updated.
2026-09-06 10:59:10 [INFO] System metrics updated.
2026-09-06 10:59:15 [INFO] System metrics updated.
2026-09-06 10:59:15 [INFO] System metrics updated.
2026-09-06 10:59:15 [INFO] System metrics updated.
2026-09-06 10:59:20 [INFO] System metrics updated.
2026-09-06 10:59:20 [INFO] System metrics updated.
2026-09-06 10:59:20 [INFO] System metrics updated.
2026-09-06 10:59:24 [INFO] Scanning file directories...
2026-09-06 10:59:24 [INFO] Scanning file directories...
2026-09-06 10:59:24 [INFO] Scanning file directories...
2026-09-06 10:59:24 [INFO] Local files found: 0
2026-09-06 10:59:24 [INFO] Local files found: 0
2026-09-06 10:59:24 [INFO] Local files found: 0
2026-09-06 10:59:24 [INFO] Remote files found: 0
2026-09-06 10:59:24 [INFO] Remote files found: 0
2026-09-06 10:59:24 [INFO] Remote files found: 0
2026-09-06 10:59:25 [INFO] System metrics updated.
2026-09-06 10:59:25 [INFO] System metrics updated.
2026-09-06 10:59:25 [INFO] System metrics updated.
2026-09-06 10:59:30 [INFO] System metrics updated.
2026-09-06 10:59:30 [INFO] System metrics updated.
2026-09-06 10:59:30 [INFO] System metrics updated.
2026-09-06 10:59:35 [INFO] System metrics updated.
2026-09-06 10:59:35 [INFO] System metrics updated.
2026-09-06 10:59:35 [INFO] System metrics updated.
2026-09-06 10:59:40 [INFO] System metrics updated.
2026-09-06 10:59:40 [INFO] System metrics updated.
2026-09-06 10:59:40 [INFO] System metrics updated.
2026-09-06 10:59:45 [INFO] System metrics updated.
2026-09-06 10:59:45 [INFO] System metrics updated.
2026-09-06 10:59:45 [INFO] System metrics updated.
2026-09-06 10:59:50 [INFO] System metrics updated.
2026-09-06 10:59:50 [INFO] System metrics updated.
2026-09-06 10:59:50 [INFO] System metrics updated.
2026-09-06 10:59:54 [INFO] Scanning file directories...
2026-09-06 10:59:54 [INFO] Scanning file directories...
2026-09-06 10:59:54 [INFO] Scanning file directories...
2026-09-06 10:59:54 [INFO] Local files found: 0
2026-09-06 10:59:54 [INFO] Local files found: 0
2026-09-06 10:59:54 [INFO] Local files found: 0
2026-09-06 10:59:54 [INFO] Remote files found: 0
2026-09-06 10:59:54 [INFO] Remote files found: 0
2026-09-06 10:59:54 [INFO] Remote files found: 0
2026-09-06 10:59:55 [INFO] System metrics updated.
2026-09-06 10:59:55 [INFO] System metrics updated.
2026-09-06 10:59:55 [INFO] System metrics updated.
2026-09-06 11:00:00 [INFO] System metrics updated.
2026-09-06 11:00:00 [INFO] System metrics updated.
2026-09-06 11:00:00 [INFO] System metrics updated.
2026-09-06 11:00:05 [INFO] System metrics updated.
2026-09-06 11:00:05 [INFO] System metrics updated.
2026-09-06 11:00:05 [INFO] System metrics updated.
2026-09-06 11:00:10 [INFO] System metrics updated.
2026-09-06 11:00:10 [INFO] System metrics updated.
2026-09-06 11:00:10 [INFO] System metrics updated.
2026-09-06 11:00:15 [INFO] System metrics updated.
2026-09-06 11:00:15 [INFO] System metrics updated.
2026-09-06 11:00:15 [INFO] System metrics updated.
2026-09-06 11:00:20 [INFO] System metrics updated.
2026-09-06 11:00:20 [INFO] System metrics updated.
2026-09-06 11:00:20 [INFO] System metrics updated.
2026-09-06 11:00:24 [INFO] Scanning file directories...
2026-09-06 11:00:24 [INFO] Scanning file directories...
2026-09-06 11:00:24 [INFO] Scanning file directories...
2026-09-06 11:00:24 [INFO] Local files found: 0
2026-09-06 11:00:24 [INFO] Local files found: 0
2026-09-06 11:00:24 [INFO] Local files found: 0
2026-09-06 11:00:24 [INFO] Remote files found: 0
2026-09-06 11:00:24 [INFO] Remote files found: 0
2026-09-06 11:00:24 [INFO] Remote files found: 0
2026-09-06 11:00:25 [INFO] System metrics updated.
2026-09-06 11:00:25 [INFO] System metrics updated.
2026-09-06 11:00:25 [INFO] System metrics updated.
2026-09-06 11:00:30 [INFO] System metrics updated.
2026-09-06 11:00:30 [INFO] System metrics updated.
2026-09-06 11:00:30 [INFO] System metrics updated.
2026-09-06 11:00:35 [INFO] System metrics updated.
2026-09-06 11:00:35 [INFO] System metrics updated.
2026-09-06 11:00:35 [INFO] System metrics updated.
2026-09-06 11:00:40 [INFO] System metrics updated.
2026-09-06 11:00:40 [INFO] System metrics updated.
2026-09-06 11:00:40 [INFO] System metrics updated.
2026-09-06 11:00:45 [INFO] System metrics updated.
2026-09-06 11:00:45 [INFO] System metrics updated.
2026-09-06 11:00:45 [INFO] System metrics updated.
2026-09-06 11:00:50 [INFO] System metrics updated.
2026-09-06 11:00:50 [INFO] System metrics updated.
2026-09-06 11:00:50 [INFO] System metrics updated.
2026-09-06 11:00:54 [INFO] Scanning file directories...
2026-09-06 11:00:54 [INFO] Scanning file directories...
2026-09-06 11:00:54 [INFO] Scanning file directories...
2026-09-06 11:00:54 [INFO] Local files found: 0
2026-09-06 11:00:54 [INFO] Local files found: 0
2026-09-06 11:00:54 [INFO] Local files found: 0
2026-09-06 11:00:54 [INFO] Remote files found: 0
2026-09-06 11:00:54 [INFO] Remote files found: 0
2026-09-06 11:00:54 [INFO] Remote files found: 0
2026-09-06 11:00:55 [INFO] System metrics updated.
2026-09-06 11:00:55 [INFO] System metrics updated.
2026-09-06 11:00:55 [INFO] System metrics updated.
2026-09-06 11:01:00 [INFO] System metrics updated.
2026-09-06 11:01:00 [INFO] System metrics updated.
2026-09-06 11:01:00 [INFO] System metrics updated.
2026-09-06 11:01:05 [INFO] System metrics updated.
2026-09-06 11:01:05 [INFO] System metrics updated.
2026-09-06 11:01:05 [INFO] System metrics updated.
2026-09-06 11:01:10 [INFO] System metrics updated.
2026-09-06 11:01:10 [INFO] System metrics updated.
2026-09-06 11:01:10 [INFO] System metrics updated.
2026-09-06 11:01:15 [INFO] System metrics updated.
2026-09-06 11:01:15 [INFO] System metrics updated.
2026-09-06 11:01:15 [INFO] System metrics updated.
2026-09-06 11:01:20 [INFO] System metrics updated.
2026-09-06 11:01:20 [INFO] System metrics updated.
2026-09-06 11:01:20 [INFO] System metrics updated.
2026-09-06 11:01:24 [INFO] Scanning file directories...
2026-09-06 11:01:24 [INFO] Scanning file directories...
2026-09-06 11:01:24 [INFO] Scanning file directories...
2026-09-06 11:01:24 [INFO] Local files found: 0
2026-09-06 11:01:24 [INFO] Local files found: 0
2026-09-06 11:01:24 [INFO] Local files found: 0
2026-09-06 11:01:24 [INFO] Remote files found: 0
2026-09-06 11:01:24 [INFO] Remote files found: 0
2026-09-06 11:01:24 [INFO] Remote files found: 0
2026-09-06 11:01:25 [INFO] System metrics updated.
2026-09-06 11:01:25 [INFO] System metrics updated.
2026-09-06 11:01:25 [INFO] System metrics updated.
2026-09-06 11:01:30 [INFO] System metrics updated.
2026-09-06 11:01:30 [INFO] System metrics updated.
2026-09-06 11:01:30 [INFO] System metrics updated.
2026-09-06 11:01:35 [INFO] System metrics updated.
2026-09-06 11:01:35 [INFO] System metrics updated.
2026-09-06 11:01:35 [INFO] System metrics updated.
2026-09-06 11:01:40 [INFO] System metrics updated.
2026-09-06 11:01:40 [INFO] System metrics updated.
2026-09-06 11:01:40 [INFO] System metrics updated.
2026-09-06 11:01:45 [INFO] System metrics updated.
2026-09-06 11:01:45 [INFO] System metrics updated.
2026-09-06 11:01:45 [INFO] System metrics updated.
2026-09-06 11:01:50 [INFO] System metrics updated.
2026-09-06 11:01:50 [INFO] System metrics updated.
2026-09-06 11:01:50 [INFO] System metrics updated.
2026-09-06 11:01:54 [INFO] Scanning file directories...
2026-09-06 11:01:54 [INFO] Scanning file directories...
2026-09-06 11:01:54 [INFO] Scanning file directories...
2026-09-06 11:01:54 [INFO] Local files found: 0
2026-09-06 11:01:54 [INFO] Local files found: 0
2026-09-06 11:01:54 [INFO] Local files found: 0
2026-09-06 11:01:54 [INFO] Remote files found: 0
2026-09-06 11:01:54 [INFO] Remote files found: 0
2026-09-06 11:01:54 [INFO] Remote files found: 0
2026-09-06 11:01:55 [INFO] System metrics updated.
2026-09-06 11:01:55 [INFO] System metrics updated.
2026-09-06 11:01:55 [INFO] System metrics updated.
2026-09-06 11:02:00 [INFO] System metrics updated.
2026-09-06 11:02:00 [INFO] System metrics updated.
2026-09-06 11:02:00 [INFO] System metrics updated.
2026-09-06 11:02:05 [INFO] System metrics updated.
2026-09-06 11:02:05 [INFO] System metrics updated.
2026-09-06 11:02:05 [INFO] System metrics updated.
2026-09-06 11:02:10 [INFO] System metrics updated.
2026-09-06 11:02:10 [INFO] System metrics updated.
2026-09-06 11:02:10 [INFO] System metrics updated.
2026-09-06 11:02:15 [INFO] System metrics updated.
2026-09-06 11:02:15 [INFO] System metrics updated.
2026-09-06 11:02:15 [INFO] System metrics updated.
2026-09-06 11:02:20 [INFO] System metrics updated.
2026-09-06 11:02:20 [INFO] System metrics updated.
2026-09-06 11:02:20 [INFO] System metrics updated.
2026-09-06 11:02:24 [INFO] Scanning file directories...
2026-09-06 11:02:24 [INFO] Scanning file directories...
2026-09-06 11:02:24 [INFO] Scanning file directories...
2026-09-06 11:02:24 [INFO] Local files found: 0
2026-09-06 11:02:24 [INFO] Local files found: 0
2026-09-06 11:02:24 [INFO] Local files found: 0
2026-09-06 11:02:24 [INFO] Remote files found: 0
2026-09-06 11:02:24 [INFO] Remote files found: 0
2026-09-06 11:02:24 [INFO] Remote files found: 0
2026-09-06 11:02:25 [INFO] System metrics updated.
2026-09-06 11:02:25 [INFO] System metrics updated.
2026-09-06 11:02:25 [INFO] System metrics updated.
2026-09-06 11:02:30 [INFO] System metrics updated.
2026-09-06 11:02:30 [INFO] System metrics updated.
2026-09-06 11:02:30 [INFO] System metrics updated.
2026-09-06 11:02:35 [INFO] System metrics updated.
2026-09-06 11:02:35 [INFO] System metrics updated.
2026-09-06 11:02:35 [INFO] System metrics updated.
2026-09-06 11:02:40 [INFO] System metrics updated.
2026-09-06 11:02:40 [INFO] System metrics updated.
2026-09-06 11:02:40 [INFO] System metrics updated.
2026-09-06 11:02:45 [INFO] System metrics updated.
2026-09-06 11:02:45 [INFO] System metrics updated.
2026-09-06 11:02:45 [INFO] System metrics updated.
2026-09-06 11:02:50 [INFO] System metrics updated.
2026-09-06 11:02:50 [INFO] System metrics updated.
2026-09-06 11:02:50 [INFO] System metrics updated.
2026-09-06 11:02:54 [INFO] Scanning file directories...
2026-09-06 11:02:54 [INFO] Scanning file directories...
2026-09-06 11:02:54 [INFO] Scanning file directories...
2026-09-06 11:02:54 [INFO] Local files found: 0
2026-09-06 11:02:54 [INFO] Local files found: 0
2026-09-06 11:02:54 [INFO] Local files found: 0
2026-09-06 11:02:54 [INFO] Remote files found: 0
2026-09-06 11:02:54 [INFO] Remote files found: 0
2026-09-06 11:02:54 [INFO] Remote files found: 0
2026-09-06 11:02:55 [INFO] System metrics updated.
2026-09-06 11:02:55 [INFO] System metrics updated.
2026-09-06 11:02:55 [INFO] System metrics updated.
2026-09-06 11:03:00 [INFO] System metrics updated.
2026-09-06 11:03:00 [INFO] System metrics updated.
2026-09-06 11:03:00 [INFO] System metrics updated.
2026-09-06 11:03:05 [INFO] System metrics updated.
2026-09-06 11:03:05 [INFO] System metrics updated.
2026-09-06 11:03:05 [INFO] System metrics updated.
2026-09-06 11:03:10 [INFO] System metrics updated.
2026-09-06 11:03:10 [INFO] System metrics updated.
2026-09-06 11:03:10 [INFO] System metrics updated.
2026-09-06 11:03:15 [INFO] System metrics updated.
2026-09-06 11:03:15 [INFO] System metrics updated.
2026-09-06 11:03:15 [INFO] System metrics updated.
2026-09-06 11:03:20 [INFO] System metrics updated.
2026-09-06 11:03:20 [INFO] System metrics updated.
2026-09-06 11:03:20 [INFO] System metrics updated.
2026-09-06 11:03:24 [INFO] Scanning file directories...
2026-09-06 11:03:24 [INFO] Scanning file directories...
2026-09-06 11:03:24 [INFO] Scanning file directories...
2026-09-06 11:03:24 [INFO] Local files found: 0
2026-09-06 11:03:24 [INFO] Local files found: 0
2026-09-06 11:03:24 [INFO] Local files found: 0
2026-09-06 11:03:24 [INFO] Remote files found: 0
2026-09-06 11:03:24 [INFO] Remote files found: 0
2026-09-06 11:03:24 [INFO] Remote files found: 0
2026-09-06 11:03:25 [INFO] System metrics updated.
2026-09-06 11:03:25 [INFO] System metrics updated.
2026-09-06 11:03:25 [INFO] System metrics updated.
2026-09-06 11:03:30 [INFO] System metrics updated.
2026-09-06 11:03:30 [INFO] System metrics updated.
2026-09-06 11:03:30 [INFO] System metrics updated.
2026-09-06 11:03:35 [INFO] System metrics updated.
2026-09-06 11:03:35 [INFO] System metrics updated.
2026-09-06 11:03:35 [INFO] System metrics updated.
2026-09-06 11:03:40 [INFO] System metrics updated.
2026-09-06 11:03:40 [INFO] System metrics updated.
2026-09-06 11:03:40 [INFO] System metrics updated.
2026-09-06 11:03:45 [INFO] System metrics updated.
2026-09-06 11:03:45 [INFO] System metrics updated.
2026-09-06 11:03:45 [INFO] System metrics updated.
2026-09-06 11:03:50 [INFO] System metrics updated.
2026-09-06 11:03:50 [INFO] System metrics updated.
2026-09-06 11:03:50 [INFO] System metrics updated.
2026-09-06 11:03:54 [INFO] Scanning file directories...
2026-09-06 11:03:54 [INFO] Scanning file directories...
2026-09-06 11:03:54 [INFO] Scanning file directories...
2026-09-06 11:03:54 [INFO] Local files found: 0
2026-09-06 11:03:54 [INFO] Local files found: 0
2026-09-06 11:03:54 [INFO] Local files found: 0
2026-09-06 11:03:54 [INFO] Remote files found: 0
2026-09-06 11:03:54 [INFO] Remote files found: 0
2026-09-06 11:03:54 [INFO] Remote files found: 0
2026-09-06 11:03:55 [INFO] System metrics updated.
2026-09-06 11:03:55 [INFO] System metrics updated.
2026-09-06 11:03:55 [INFO] System metrics updated.
2026-09-06 11:04:00 [INFO] System metrics updated.
2026-09-06 11:04:00 [INFO] System metrics updated.
2026-09-06 11:04:00 [INFO] System metrics updated.
2026-09-06 11:04:05 [INFO] System metrics updated.
2026-09-06 11:04:05 [INFO] System metrics updated.
2026-09-06 11:04:05 [INFO] System metrics updated.
2026-09-06 11:04:10 [INFO] System metrics updated.
2026-09-06 11:04:10 [INFO] System metrics updated.
2026-09-06 11:04:10 [INFO] System metrics updated.
2026-09-06 11:04:15 [INFO] System metrics updated.
2026-09-06 11:04:15 [INFO] System metrics updated.
2026-09-06 11:04:15 [INFO] System metrics updated.
2026-09-06 11:04:20 [INFO] System metrics updated.
2026-09-06 11:04:20 [INFO] System metrics updated.
2026-09-06 11:04:20 [INFO] System metrics updated.
2026-09-06 11:04:24 [INFO] Scanning file directories...
2026-09-06 11:04:24 [INFO] Scanning file directories...
2026-09-06 11:04:24 [INFO] Scanning file directories...
2026-09-06 11:04:24 [INFO] Local files found: 0
2026-09-06 11:04:24 [INFO] Local files found: 0
2026-09-06 11:04:24 [INFO] Local files found: 0
2026-09-06 11:04:24 [INFO] Remote files found: 0
2026-09-06 11:04:24 [INFO] Remote files found: 0
2026-09-06 11:04:24 [INFO] Remote files found: 0
2026-09-06 11:04:25 [INFO] System metrics updated.
2026-09-06 11:04:25 [INFO] System metrics updated.
2026-09-06 11:04:25 [INFO] System metrics updated.
2026-09-06 11:04:30 [INFO] System metrics updated.
2026-09-06 11:04:30 [INFO] System metrics updated.
2026-09-06 11:04:30 [INFO] System metrics updated.
2026-09-06 11:04:35 [INFO] System metrics updated.
2026-09-06 11:04:35 [INFO] System metrics updated.
2026-09-06 11:04:35 [INFO] System metrics updated.
2026-09-06 11:04:40 [INFO] System metrics updated.
2026-09-06 11:04:40 [INFO] System metrics updated.
2026-09-06 11:04:40 [INFO] System metrics updated.
2026-09-06 11:04:45 [INFO] System metrics updated.
2026-09-06 11:04:45 [INFO] System metrics updated.
2026-09-06 11:04:45 [INFO] System metrics updated.
2026-09-06 11:04:50 [INFO] System metrics updated.
2026-09-06 11:04:50 [INFO] System metrics updated.
2026-09-06 11:04:50 [INFO] System metrics updated.
2026-09-06 11:04:54 [INFO] Scanning file directories...
2026-09-06 11:04:54 [INFO] Scanning file directories...
2026-09-06 11:04:54 [INFO] Scanning file directories...
2026-09-06 11:04:54 [INFO] Local files found: 0
2026-09-06 11:04:54 [INFO] Local files found: 0
2026-09-06 11:04:54 [INFO] Local files found: 0
2026-09-06 11:04:54 [INFO] Remote files found: 0
2026-09-06 11:04:54 [INFO] Remote files found: 0
2026-09-06 11:04:54 [INFO] Remote files found: 0
2026-09-06 11:04:55 [INFO] System metrics updated.
2026-09-06 11:04:55 [INFO] System metrics updated.
2026-09-06 11:04:55 [INFO] System metrics updated.
2026-09-06 11:05:00 [INFO] System metrics updated.
2026-09-06 11:05:00 [INFO] System metrics updated.
2026-09-06 11:05:00 [INFO] System metrics updated.
2026-09-06 11:05:05 [INFO] System metrics updated.
2026-09-06 11:05:05 [INFO] System metrics updated.
2026-09-06 11:05:05 [INFO] System metrics updated.
2026-09-06 11:05:10 [INFO] System metrics updated.
2026-09-06 11:05:10 [INFO] System metrics updated.
2026-09-06 11:05:10 [INFO] System metrics updated.
2026-09-06 11:05:15 [INFO] System metrics updated.
2026-09-06 11:05:15 [INFO] System metrics updated.
2026-09-06 11:05:15 [INFO] System metrics updated.
2026-09-06 11:05:20 [INFO] System metrics updated.
2026-09-06 11:05:20 [INFO] System metrics updated.
2026-09-06 11:05:20 [INFO] System metrics updated.
2026-09-06 11:05:24 [INFO] Scanning file directories...
2026-09-06 11:05:24 [INFO] Scanning file directories...
2026-09-06 11:05:24 [INFO] Scanning file directories...
2026-09-06 11:05:24 [INFO] Local files found: 0
2026-09-06 11:05:24 [INFO] Local files found: 0
2026-09-06 11:05:24 [INFO] Local files found: 0
2026-09-06 11:05:24 [INFO] Remote files found: 0
2026-09-06 11:05:24 [INFO] Remote files found: 0
2026-09-06 11:05:24 [INFO] Remote files found: 0
2026-09-06 11:05:25 [INFO] System metrics updated.
2026-09-06 11:05:25 [INFO] System metrics updated.
2026-09-06 11:05:25 [INFO] System metrics updated.
2026-09-06 11:05:30 [INFO] System metrics updated.
2026-09-06 11:05:30 [INFO] System metrics updated.
2026-09-06 11:05:30 [INFO] System metrics updated.
2026-09-06 11:05:35 [INFO] System metrics updated.
2026-09-06 11:05:35 [INFO] System metrics updated.
2026-09-06 11:05:35 [INFO] System metrics updated.
2026-09-06 11:05:40 [INFO] System metrics updated.
2026-09-06 11:05:40 [INFO] System metrics updated.
2026-09-06 11:05:40 [INFO] System metrics updated.
2026-09-06 11:05:45 [INFO] System metrics updated.
2026-09-06 11:05:45 [INFO] System metrics updated.
2026-09-06 11:05:45 [INFO] System metrics updated.
2026-09-06 11:05:50 [INFO] System metrics updated.
2026-09-06 11:05:50 [INFO] System metrics updated.
2026-09-06 11:05:50 [INFO] System metrics updated.
2026-09-06 11:05:54 [INFO] Scanning file directories...
2026-09-06 11:05:54 [INFO] Scanning file directories...
2026-09-06 11:05:54 [INFO] Scanning file directories...
2026-09-06 11:05:54 [INFO] Local files found: 0
2026-09-06 11:05:54 [INFO] Local files found: 0
2026-09-06 11:05:54 [INFO] Local files found: 0
2026-09-06 11:05:54 [INFO] Remote files found: 0
2026-09-06 11:05:54 [INFO] Remote files found: 0
2026-09-06 11:05:54 [INFO] Remote files found: 0
2026-09-06 11:05:55 [INFO] System metrics updated.
2026-09-06 11:05:55 [INFO] System metrics updated.
2026-09-06 11:05:55 [INFO] System metrics updated.
2026-09-06 11:06:00 [INFO] System metrics updated.
2026-09-06 11:06:00 [INFO] System metrics updated.
2026-09-06 11:06:00 [INFO] System metrics updated.
2026-09-06 11:06:05 [INFO] System metrics updated.
2026-09-06 11:06:05 [INFO] System metrics updated.
2026-09-06 11:06:05 [INFO] System metrics updated.
2026-09-06 11:06:10 [INFO] System metrics updated.
2026-09-06 11:06:10 [INFO] System metrics updated.
2026-09-06 11:06:10 [INFO] System metrics updated.
2026-09-06 11:06:15 [INFO] System metrics updated.
2026-09-06 11:06:15 [INFO] System metrics updated.
2026-09-06 11:06:15 [INFO] System metrics updated.
2026-09-06 11:06:20 [INFO] System metrics updated.
2026-09-06 11:06:20 [INFO] System metrics updated.
2026-09-06 11:06:20 [INFO] System metrics updated.
2026-09-06 11:06:24 [INFO] Scanning file directories...
2026-09-06 11:06:24 [INFO] Scanning file directories...
2026-09-06 11:06:24 [INFO] Scanning file directories...
2026-09-06 11:06:24 [INFO] Local files found: 0
2026-09-06 11:06:24 [INFO] Local files found: 0
2026-09-06 11:06:24 [INFO] Local files found: 0
2026-09-06 11:06:24 [INFO] Remote files found: 0
2026-09-06 11:06:24 [INFO] Remote files found: 0
2026-09-06 11:06:24 [INFO] Remote files found: 0
2026-09-06 11:06:25 [INFO] System metrics updated.
2026-09-06 11:06:25 [INFO] System metrics updated.
2026-09-06 11:06:25 [INFO] System metrics updated.
2026-09-06 11:06:30 [INFO] System metrics updated.
2026-09-06 11:06:30 [INFO] System metrics updated.
2026-09-06 11:06:30 [INFO] System metrics updated.
2026-09-06 11:06:35 [INFO] System metrics updated.
2026-09-06 11:06:35 [INFO] System metrics updated.
2026-09-06 11:06:35 [INFO] System metrics updated.
2026-09-06 11:06:40 [INFO] System metrics updated.
2026-09-06 11:06:40 [INFO] System metrics updated.
2026-09-06 11:06:40 [INFO] System metrics updated.
2026-09-06 11:06:45 [INFO] System metrics updated.
2026-09-06 11:06:45 [INFO] System metrics updated.
2026-09-06 11:06:45 [INFO] System metrics updated.
2026-09-06 11:06:50 [INFO] System metrics updated.
2026-09-06 11:06:50 [INFO] System metrics updated.
2026-09-06 11:06:50 [INFO] System metrics updated.
2026-09-06 11:06:54 [INFO] Scanning file directories...
2026-09-06 11:06:54 [INFO] Scanning file directories...
2026-09-06 11:06:54 [INFO] Scanning file directories...
2026-09-06 11:06:54 [INFO] Local files found: 0
2026-09-06 11:06:54 [INFO] Local files found: 0
2026-09-06 11:06:54 [INFO] Local files found: 0
2026-09-06 11:06:54 [INFO] Remote files found: 0
2026-09-06 11:06:54 [INFO] Remote files found: 0
2026-09-06 11:06:54 [INFO] Remote files found: 0
2026-09-06 11:06:55 [INFO] System metrics updated.
2026-09-06 11:06:55 [INFO] System metrics updated.
2026-09-06 11:06:55 [INFO] System metrics updated.
2026-09-06 11:07:00 [INFO] System metrics updated.
2026-09-06 11:07:00 [INFO] System metrics updated.
2026-09-06 11:07:00 [INFO] System metrics updated.
2026-09-06 11:07:05 [INFO] System metrics updated.
2026-09-06 11:07:05 [INFO] System metrics updated.
2026-09-06 11:07:05 [INFO] System metrics updated.
2026-09-06 11:07:10 [INFO] System metrics updated.
2026-09-06 11:07:10 [INFO] System metrics updated.
2026-09-06 11:07:10 [INFO] System metrics updated.
2026-09-06 11:07:15 [INFO] System metrics updated.
2026-09-06 11:07:15 [INFO] System metrics updated.
2026-09-06 11:07:15 [INFO] System metrics updated.
2026-09-06 11:07:20 [INFO] System metrics updated.
2026-09-06 11:07:20 [INFO] System metrics updated.
2026-09-06 11:07:20 [INFO] System metrics updated.
2026-09-06 11:07:24 [INFO] Scanning file directories...
2026-09-06 11:07:24 [INFO] Scanning file directories...
2026-09-06 11:07:24 [INFO] Scanning file directories...
2026-09-06 11:07:24 [INFO] Local files found: 0
2026-09-06 11:07:24 [INFO] Local files found: 0
2026-09-06 11:07:24 [INFO] Local files found: 0
2026-09-06 11:07:24 [INFO] Remote files found: 0
2026-09-06 11:07:24 [INFO] Remote files found: 0
2026-09-06 11:07:24 [INFO] Remote files found: 0
2026-09-06 11:07:25 [INFO] System metrics updated.
2026-09-06 11:07:25 [INFO] System metrics updated.
2026-09-06 11:07:25 [INFO] System metrics updated.
2026-09-06 11:07:30 [INFO] System metrics updated.
2026-09-06 11:07:30 [INFO] System metrics updated.
2026-09-06 11:07:30 [INFO] System metrics updated.
2026-09-06 11:07:35 [INFO] System metrics updated.
2026-09-06 11:07:35 [INFO] System metrics updated.
2026-09-06 11:07:35 [INFO] System metrics updated.
2026-09-06 11:07:40 [INFO] System metrics updated.
2026-09-06 11:07:40 [INFO] System metrics updated.
2026-09-06 11:07:40 [INFO] System metrics updated.
2026-09-06 11:07:45 [INFO] System metrics updated.
2026-09-06 11:07:45 [INFO] System metrics updated.
2026-09-06 11:07:45 [INFO] System metrics updated.
2026-09-06 11:07:50 [INFO] System metrics updated.
2026-09-06 11:07:50 [INFO] System metrics updated.
2026-09-06 11:07:50 [INFO] System metrics updated.
2026-09-06 11:07:54 [INFO] Scanning file directories...
2026-09-06 11:07:54 [INFO] Scanning file directories...
2026-09-06 11:07:54 [INFO] Scanning file directories...
2026-09-06 11:07:54 [INFO] Local files found: 0
2026-09-06 11:07:54 [INFO] Local files found: 0
2026-09-06 11:07:54 [INFO] Local files found: 0
2026-09-06 11:07:54 [INFO] Remote files found: 0
2026-09-06 11:07:54 [INFO] Remote files found: 0
2026-09-06 11:07:54 [INFO] Remote files found: 0
2026-09-06 11:07:55 [INFO] System metrics updated.
2026-09-06 11:07:55 [INFO] System metrics updated.
2026-09-06 11:07:55 [INFO] System metrics updated.
2026-09-06 11:08:00 [INFO] System metrics updated.
2026-09-06 11:08:00 [INFO] System metrics updated.
2026-09-06 11:08:00 [INFO] System metrics updated.
2026-09-06 11:08:05 [INFO] System metrics updated.
2026-09-06 11:08:05 [INFO] System metrics updated.
2026-09-06 11:08:05 [INFO] System metrics updated.
2026-09-06 11:08:10 [INFO] System metrics updated.
2026-09-06 11:08:10 [INFO] System metrics updated.
2026-09-06 11:08:10 [INFO] System metrics updated.
2026-09-06 11:08:15 [INFO] System metrics updated.
2026-09-06 11:08:15 [INFO] System metrics updated.
2026-09-06 11:08:15 [INFO] System metrics updated.
2026-09-06 11:08:21 [INFO] System metrics updated.
2026-09-06 11:08:21 [INFO] System metrics updated.
2026-09-06 11:08:21 [INFO] System metrics updated.
2026-09-06 11:08:24 [INFO] Scanning file directories...
2026-09-06 11:08:24 [INFO] Scanning file directories...
2026-09-06 11:08:24 [INFO] Scanning file directories...
2026-09-06 11:08:24 [INFO] Local files found: 0
2026-09-06 11:08:24 [INFO] Local files found: 0
2026-09-06 11:08:24 [INFO] Local files found: 0
2026-09-06 11:08:24 [INFO] Remote files found: 0
2026-09-06 11:08:24 [INFO] Remote files found: 0
2026-09-06 11:08:24 [INFO] Remote files found: 0
2026-09-06 11:08:26 [INFO] System metrics updated.
2026-09-06 11:08:26 [INFO] System metrics updated.
2026-09-06 11:08:26 [INFO] System metrics updated.
2026-09-06 11:08:31 [INFO] System metrics updated.
2026-09-06 11:08:31 [INFO] System metrics updated.
2026-09-06 11:08:31 [INFO] System metrics updated.
2026-09-06 11:08:36 [INFO] System metrics updated.
2026-09-06 11:08:36 [INFO] System metrics updated.
2026-09-06 11:08:36 [INFO] System metrics updated.
2026-09-06 11:08:38 [INFO] Scanning file directories...
2026-09-06 11:08:38 [INFO] Scanning file directories...
2026-09-06 11:08:38 [INFO] Scanning file directories...
2026-09-06 11:08:38 [INFO] System metrics updated.
2026-09-06 11:08:38 [INFO] Starting metrics exporter...
2026-09-06 11:08:38 [INFO] System metrics updated.
2026-09-06 11:08:38 [INFO] System metrics updated.
2026-09-06 11:08:38 [INFO] Starting metrics exporter...
2026-09-06 11:08:38 [INFO] Starting metrics exporter...
2026-09-06 11:08:38 [INFO] Local files found: 0
2026-09-06 11:08:38 [INFO] Local files found: 0
2026-09-06 11:08:38 [INFO] Local files found: 0
2026-09-06 11:08:38 [INFO] Remote files found: 0
2026-09-06 11:08:38 [INFO] Remote files found: 0
2026-09-06 11:08:38 [INFO] Remote files found: 0
2026-09-06 11:08:43 [INFO] System metrics updated.
2026-09-06 11:08:43 [INFO] System metrics updated.
2026-09-06 11:08:43 [INFO] System metrics updated.
2026-09-06 11:08:48 [INFO] System metrics updated.
2026-09-06 11:08:48 [INFO] System metrics updated.
2026-09-06 11:08:48 [INFO] System metrics updated.
2026-09-06 11:08:53 [INFO] System metrics updated.
2026-09-06 11:08:53 [INFO] System metrics updated.
2026-09-06 11:08:53 [INFO] System metrics updated.
2026-09-06 11:08:58 [INFO] System metrics updated.
2026-09-06 11:08:58 [INFO] System metrics updated.
2026-09-06 11:08:58 [INFO] System metrics updated.
2026-09-06 11:09:03 [INFO] System metrics updated.
2026-09-06 11:09:03 [INFO] System metrics updated.
2026-09-06 11:09:03 [INFO] System metrics updated.
2026-09-06 11:09:08 [INFO] Scanning file directories...
2026-09-06 11:09:08 [INFO] Scanning file directories...
2026-09-06 11:09:08 [INFO] Scanning file directories...
2026-09-06 11:09:08 [INFO] Local files found: 0
2026-09-06 11:09:08 [INFO] Local files found: 0
2026-09-06 11:09:08 [INFO] Local files found: 0
2026-09-06 11:09:08 [INFO] Remote files found: 0
2026-09-06 11:09:08 [INFO] Remote files found: 0
2026-09-06 11:09:08 [INFO] Remote files found: 0
2026-09-06 11:09:08 [INFO] System metrics updated.
2026-09-06 11:09:08 [INFO] System metrics updated.
2026-09-06 11:09:08 [INFO] System metrics updated.
2026-09-06 11:09:13 [INFO] System metrics updated.
2026-09-06 11:09:13 [INFO] System metrics updated.
2026-09-06 11:09:13 [INFO] System metrics updated.
2026-09-06 11:09:18 [INFO] System metrics updated.
2026-09-06 11:09:18 [INFO] System metrics updated.
2026-09-06 11:09:18 [INFO] System metrics updated.
2026-09-06 11:09:23 [INFO] System metrics updated.
2026-09-06 11:09:23 [INFO] System metrics updated.
2026-09-06 11:09:23 [INFO] System metrics updated.
2026-09-06 11:09:28 [INFO] System metrics updated.
2026-09-06 11:09:28 [INFO] System metrics updated.
2026-09-06 11:09:28 [INFO] System metrics updated.
2026-09-06 11:09:33 [INFO] System metrics updated.
2026-09-06 11:09:33 [INFO] System metrics updated.
2026-09-06 11:09:33 [INFO] System metrics updated.
2026-09-06 11:09:38 [INFO] Scanning file directories...
2026-09-06 11:09:38 [INFO] Scanning file directories...
2026-09-06 11:09:38 [INFO] Scanning file directories...
2026-09-06 11:09:38 [INFO] Local files found: 0
2026-09-06 11:09:38 [INFO] Local files found: 0
2026-09-06 11:09:38 [INFO] Local files found: 0
2026-09-06 11:09:38 [INFO] Remote files found: 0
2026-09-06 11:09:38 [INFO] Remote files found: 0
2026-09-06 11:09:38 [INFO] Remote files found: 0
2026-09-06 11:09:38 [INFO] System metrics updated.
2026-09-06 11:09:38 [INFO] System metrics updated.
2026-09-06 11:09:38 [INFO] System metrics updated.
2026-09-06 11:09:43 [INFO] System metrics updated.
2026-09-06 11:09:43 [INFO] System metrics updated.
2026-09-06 11:09:43 [INFO] System metrics updated.
2026-09-06 11:09:48 [INFO] System metrics updated.
2026-09-06 11:09:48 [INFO] System metrics updated.
2026-09-06 11:09:48 [INFO] System metrics updated.
2026-09-06 11:09:53 [INFO] System metrics updated.
2026-09-06 11:09:53 [INFO] System metrics updated.
2026-09-06 11:09:53 [INFO] System metrics updated.
2026-09-06 11:09:58 [INFO] System metrics updated.
2026-09-06 11:09:58 [INFO] System metrics updated.
2026-09-06 11:09:58 [INFO] System metrics updated.
2026-09-06 11:10:03 [INFO] System metrics updated.
2026-09-06 11:10:03 [INFO] System metrics updated.
2026-09-06 11:10:03 [INFO] System metrics updated.
2026-09-06 11:10:08 [INFO] Scanning file directories...
2026-09-06 11:10:08 [INFO] Scanning file directories...
2026-09-06 11:10:08 [INFO] Scanning file directories...
2026-09-06 11:10:08 [INFO] Local files found: 0
2026-09-06 11:10:08 [INFO] Local files found: 0
2026-09-06 11:10:08 [INFO] Local files found: 0
2026-09-06 11:10:08 [INFO] Remote files found: 0
2026-09-06 11:10:08 [INFO] Remote files found: 0
2026-09-06 11:10:08 [INFO] Remote files found: 0
2026-09-06 11:10:08 [INFO] System metrics updated.
2026-09-06 11:10:08 [INFO] System metrics updated.
2026-09-06 11:10:08 [INFO] System metrics updated.
2026-09-06 11:10:13 [INFO] System metrics updated.
2026-09-06 11:10:13 [INFO] System metrics updated.
2026-09-06 11:10:13 [INFO] System metrics updated.
2026-09-06 11:10:18 [INFO] System metrics updated.
2026-09-06 11:10:18 [INFO] System metrics updated.
2026-09-06 11:10:18 [INFO] System metrics updated.
2026-09-06 11:10:23 [INFO] System metrics updated.
2026-09-06 11:10:23 [INFO] System metrics updated.
2026-09-06 11:10:23 [INFO] System metrics updated.
2026-09-06 11:10:28 [INFO] System metrics updated.
2026-09-06 11:10:28 [INFO] System metrics updated.
2026-09-06 11:10:28 [INFO] System metrics updated.
2026-09-06 11:10:33 [INFO] System metrics updated.
2026-09-06 11:10:33 [INFO] System metrics updated.
2026-09-06 11:10:33 [INFO] System metrics updated.
2026-09-06 11:10:38 [INFO] Scanning file directories...
2026-09-06 11:10:38 [INFO] Scanning file directories...
2026-09-06 11:10:38 [INFO] Scanning file directories...
2026-09-06 11:10:38 [INFO] Local files found: 0
2026-09-06 11:10:38 [INFO] Local files found: 0
2026-09-06 11:10:38 [INFO] Local files found: 0
2026-09-06 11:10:38 [INFO] Remote files found: 0
2026-09-06 11:10:38 [INFO] Remote files found: 0
2026-09-06 11:10:38 [INFO] Remote files found: 0
2026-09-06 11:10:38 [INFO] System metrics updated.
2026-09-06 11:10:38 [INFO] System metrics updated.
2026-09-06 11:10:38 [INFO] System metrics updated.
2026-09-06 11:10:43 [INFO] System metrics updated.
2026-09-06 11:10:43 [INFO] System metrics updated.
2026-09-06 11:10:43 [INFO] System metrics updated.
2026-09-06 11:10:48 [INFO] System metrics updated.
2026-09-06 11:10:48 [INFO] System metrics updated.
2026-09-06 11:10:48 [INFO] System metrics updated.
2026-09-06 11:10:53 [INFO] System metrics updated.
2026-09-06 11:10:53 [INFO] System metrics updated.
2026-09-06 11:10:53 [INFO] System metrics updated.
2026-09-06 11:10:58 [INFO] System metrics updated.
2026-09-06 11:10:58 [INFO] System metrics updated.
2026-09-06 11:10:58 [INFO] System metrics updated.
2026-09-06 11:11:03 [INFO] System metrics updated.
2026-09-06 11:11:03 [INFO] System metrics updated.
2026-09-06 11:11:03 [INFO] System metrics updated.
2026-09-06 11:11:08 [INFO] Scanning file directories...
2026-09-06 11:11:08 [INFO] Scanning file directories...
2026-09-06 11:11:08 [INFO] Scanning file directories...
2026-09-06 11:11:08 [INFO] Local files found: 0
2026-09-06 11:11:08 [INFO] Local files found: 0
2026-09-06 11:11:08 [INFO] Local files found: 0
2026-09-06 11:11:08 [INFO] Remote files found: 0
2026-09-06 11:11:08 [INFO] Remote files found: 0
2026-09-06 11:11:08 [INFO] Remote files found: 0
2026-09-06 11:11:08 [INFO] System metrics updated.
2026-09-06 11:11:08 [INFO] System metrics updated.
2026-09-06 11:11:08 [INFO] System metrics updated.
2026-09-06 11:11:13 [INFO] System metrics updated.
2026-09-06 11:11:13 [INFO] System metrics updated.
2026-09-06 11:11:13 [INFO] System metrics updated.
2026-09-06 11:11:18 [INFO] System metrics updated.
2026-09-06 11:11:18 [INFO] System metrics updated.
2026-09-06 11:11:18 [INFO] System metrics updated.
2026-09-06 11:11:23 [INFO] System metrics updated.
2026-09-06 11:11:23 [INFO] System metrics updated.
2026-09-06 11:11:23 [INFO] System metrics updated.
2026-09-06 11:11:28 [INFO] System metrics updated.
2026-09-06 11:11:28 [INFO] System metrics updated.
2026-09-06 11:11:28 [INFO] System metrics updated.
2026-09-06 11:11:33 [INFO] System metrics updated.
2026-09-06 11:11:33 [INFO] System metrics updated.
2026-09-06 11:11:33 [INFO] System metrics updated.
2026-09-06 11:11:38 [INFO] Scanning file directories...
2026-09-06 11:11:38 [INFO] Scanning file directories...
2026-09-06 11:11:38 [INFO] Scanning file directories...
2026-09-06 11:11:38 [INFO] Local files found: 0
2026-09-06 11:11:38 [INFO] Local files found: 0
2026-09-06 11:11:38 [INFO] Local files found: 0
2026-09-06 11:11:38 [INFO] Remote files found: 0
2026-09-06 11:11:38 [INFO] Remote files found: 0
2026-09-06 11:11:38 [INFO] Remote files found: 0
2026-09-06 11:11:38 [INFO] System metrics updated.
2026-09-06 11:11:38 [INFO] System metrics updated.
2026-09-06 11:11:38 [INFO] System metrics updated.
2026-09-06 11:11:43 [INFO] System metrics updated.
2026-09-06 11:11:43 [INFO] System metrics updated.
2026-09-06 11:11:43 [INFO] System metrics updated.
2026-09-06 11:11:48 [INFO] System metrics updated.
2026-09-06 11:11:48 [INFO] System metrics updated.
2026-09-06 11:11:48 [INFO] System metrics updated.
2026-09-06 11:11:53 [INFO] System metrics updated.
2026-09-06 11:11:53 [INFO] System metrics updated.
2026-09-06 11:11:53 [INFO] System metrics updated.
2026-09-06 11:11:58 [INFO] System metrics updated.
2026-09-06 11:11:58 [INFO] System metrics updated.
2026-09-06 11:11:58 [INFO] System metrics updated.
2026-09-06 11:12:03 [INFO] System metrics updated.
2026-09-06 11:12:03 [INFO] System metrics updated.
2026-09-06 11:12:03 [INFO] System metrics updated.
2026-09-06 11:12:08 [INFO] Scanning file directories...
2026-09-06 11:12:08 [INFO] Scanning file directories...
2026-09-06 11:12:08 [INFO] Scanning file directories...
2026-09-06 11:12:08 [INFO] Local files found: 0
2026-09-06 11:12:08 [INFO] Local files found: 0
2026-09-06 11:12:08 [INFO] Local files found: 0
2026-09-06 11:12:08 [INFO] Remote files found: 0
2026-09-06 11:12:08 [INFO] Remote files found: 0
2026-09-06 11:12:08 [INFO] Remote files found: 0
2026-09-06 11:12:08 [INFO] System metrics updated.
2026-09-06 11:12:08 [INFO] System metrics updated.
2026-09-06 11:12:08 [INFO] System metrics updated.
2026-09-06 11:12:13 [INFO] System metrics updated.
2026-09-06 11:12:13 [INFO] System metrics updated.
2026-09-06 11:12:13 [INFO] System metrics updated.
2026-09-06 11:12:18 [INFO] System metrics updated.
2026-09-06 11:12:18 [INFO] System metrics updated.
2026-09-06 11:12:18 [INFO] System metrics updated.
2026-09-06 11:12:23 [INFO] System metrics updated.
2026-09-06 11:12:23 [INFO] System metrics updated.
2026-09-06 11:12:23 [INFO] System metrics updated.
2026-09-06 11:12:28 [INFO] System metrics updated.
2026-09-06 11:12:28 [INFO] System metrics updated.
2026-09-06 11:12:28 [INFO] System metrics updated.
2026-09-06 11:12:33 [INFO] System metrics updated.
2026-09-06 11:12:33 [INFO] System metrics updated.
2026-09-06 11:12:33 [INFO] System metrics updated.
2026-09-06 11:12:38 [INFO] Scanning file directories...
2026-09-06 11:12:38 [INFO] Scanning file directories...
2026-09-06 11:12:38 [INFO] Scanning file directories...
2026-09-06 11:12:38 [INFO] Local files found: 0
2026-09-06 11:12:38 [INFO] Local files found: 0
2026-09-06 11:12:38 [INFO] Local files found: 0
2026-09-06 11:12:38 [INFO] Remote files found: 0
2026-09-06 11:12:38 [INFO] Remote files found: 0
2026-09-06 11:12:38 [INFO] Remote files found: 0
2026-09-06 11:12:38 [INFO] System metrics updated.
2026-09-06 11:12:38 [INFO] System metrics updated.
2026-09-06 11:12:38 [INFO] System metrics updated.
2026-09-06 11:12:43 [INFO] System metrics updated.
2026-09-06 11:12:43 [INFO] System metrics updated.
2026-09-06 11:12:43 [INFO] System metrics updated.
2026-09-06 11:12:48 [INFO] System metrics updated.
2026-09-06 11:12:48 [INFO] System metrics updated.
2026-09-06 11:12:48 [INFO] System metrics updated.
2026-09-06 11:12:53 [INFO] System metrics updated.
2026-09-06 11:12:53 [INFO] System metrics updated.
2026-09-06 11:12:53 [INFO] System metrics updated.
2026-09-06 11:12:58 [INFO] System metrics updated.
2026-09-06 11:12:58 [INFO] System metrics updated.
2026-09-06 11:12:58 [INFO] System metrics updated.
2026-09-06 11:13:03 [INFO] System metrics updated.
2026-09-06 11:13:03 [INFO] System metrics updated.
2026-09-06 11:13:03 [INFO] System metrics updated.
2026-09-06 11:13:08 [INFO] Scanning file directories...
2026-09-06 11:13:08 [INFO] Scanning file directories...
2026-09-06 11:13:08 [INFO] Scanning file directories...
2026-09-06 11:13:08 [INFO] Local files found: 0
2026-09-06 11:13:08 [INFO] Local files found: 0
2026-09-06 11:13:08 [INFO] Local files found: 0
2026-09-06 11:13:08 [INFO] Remote files found: 0
2026-09-06 11:13:08 [INFO] Remote files found: 0
2026-09-06 11:13:08 [INFO] Remote files found: 0
2026-09-06 11:13:08 [INFO] System metrics updated.
2026-09-06 11:13:08 [INFO] System metrics updated.
2026-09-06 11:13:08 [INFO] System metrics updated.
2026-09-06 11:13:13 [INFO] System metrics updated.
2026-09-06 11:13:13 [INFO] System metrics updated.
2026-09-06 11:13:13 [INFO] System metrics updated.
2026-09-06 11:13:18 [INFO] System metrics updated.
2026-09-06 11:13:18 [INFO] System metrics updated.
2026-09-06 11:13:18 [INFO] System metrics updated.
2026-09-06 11:13:23 [INFO] System metrics updated.
2026-09-06 11:13:23 [INFO] System metrics updated.
2026-09-06 11:13:23 [INFO] System metrics updated.
2026-09-06 11:13:28 [INFO] System metrics updated.
2026-09-06 11:13:28 [INFO] System metrics updated.
2026-09-06 11:13:28 [INFO] System metrics updated.
2026-09-06 11:13:33 [INFO] System metrics updated.
2026-09-06 11:13:33 [INFO] System metrics updated.
2026-09-06 11:13:33 [INFO] System metrics updated.
2026-09-06 11:13:38 [INFO] Scanning file directories...
2026-09-06 11:13:38 [INFO] Scanning file directories...
2026-09-06 11:13:38 [INFO] Scanning file directories...
2026-09-06 11:13:38 [INFO] Local files found: 0
2026-09-06 11:13:38 [INFO] Local files found: 0
2026-09-06 11:13:38 [INFO] Local files found: 0
2026-09-06 11:13:38 [INFO] Remote files found: 0
2026-09-06 11:13:38 [INFO] Remote files found: 0
2026-09-06 11:13:38 [INFO] Remote files found: 0
2026-09-06 11:13:38 [INFO] System metrics updated.
2026-09-06 11:13:38 [INFO] System metrics updated.
2026-09-06 11:13:38 [INFO] System metrics updated.
2026-09-06 11:13:43 [INFO] System metrics updated.
2026-09-06 11:13:43 [INFO] System metrics updated.
2026-09-06 11:13:43 [INFO] System metrics updated.
2026-09-06 11:13:48 [INFO] System metrics updated.
2026-09-06 11:13:48 [INFO] System metrics updated.
2026-09-06 11:13:48 [INFO] System metrics updated.
2026-09-06 11:13:53 [INFO] System metrics updated.
2026-09-06 11:13:53 [INFO] System metrics updated.
2026-09-06 11:13:53 [INFO] System metrics updated.
2026-09-06 11:13:58 [INFO] System metrics updated.
2026-09-06 11:13:58 [INFO] System metrics updated.
2026-09-06 11:13:58 [INFO] System metrics updated.
2026-09-06 11:14:03 [INFO] System metrics updated.
2026-09-06 11:14:03 [INFO] System metrics updated.
2026-09-06 11:14:03 [INFO] System metrics updated.
2026-09-06 11:14:08 [INFO] Scanning file directories...
2026-09-06 11:14:08 [INFO] Scanning file directories...
2026-09-06 11:14:08 [INFO] Scanning file directories...
2026-09-06 11:14:08 [INFO] Local files found: 0
2026-09-06 11:14:08 [INFO] Local files found: 0
2026-09-06 11:14:08 [INFO] Local files found: 0
2026-09-06 11:14:08 [INFO] Remote files found: 0
2026-09-06 11:14:08 [INFO] Remote files found: 0
2026-09-06 11:14:08 [INFO] Remote files found: 0
2026-09-06 11:14:08 [INFO] System metrics updated.
2026-09-06 11:14:08 [INFO] System metrics updated.
2026-09-06 11:14:08 [INFO] System metrics updated.
2026-09-06 11:14:13 [INFO] System metrics updated.
2026-09-06 11:14:13 [INFO] System metrics updated.
2026-09-06 11:14:13 [INFO] System metrics updated.
2026-09-06 11:14:18 [INFO] System metrics updated.
2026-09-06 11:14:18 [INFO] System metrics updated.
2026-09-06 11:14:18 [INFO] System metrics updated.
2026-09-06 11:14:23 [INFO] System metrics updated.
2026-09-06 11:14:23 [INFO] System metrics updated.
2026-09-06 11:14:23 [INFO] System metrics updated.
2026-09-06 11:14:28 [INFO] System metrics updated.
2026-09-06 11:14:28 [INFO] System metrics updated.
2026-09-06 11:14:28 [INFO] System metrics updated.
2026-09-06 11:14:33 [INFO] System metrics updated.
2026-09-06 11:14:33 [INFO] System metrics updated.
2026-09-06 11:14:33 [INFO] System metrics updated.
2026-09-06 11:14:38 [INFO] Scanning file directories...
2026-09-06 11:14:38 [INFO] Scanning file directories...
2026-09-06 11:14:38 [INFO] Scanning file directories...
2026-09-06 11:14:38 [INFO] Local files found: 0
2026-09-06 11:14:38 [INFO] Local files found: 0
2026-09-06 11:14:38 [INFO] Local files found: 0
2026-09-06 11:14:38 [INFO] Remote files found: 0
2026-09-06 11:14:38 [INFO] Remote files found: 0
2026-09-06 11:14:38 [INFO] Remote files found: 0
2026-09-06 11:14:38 [INFO] System metrics updated.
2026-09-06 11:14:38 [INFO] System metrics updated.
2026-09-06 11:14:38 [INFO] System metrics updated.
2026-09-06 11:14:43 [INFO] System metrics updated.
2026-09-06 11:14:43 [INFO] System metrics updated.
2026-09-06 11:14:43 [INFO] System metrics updated.
2026-09-06 11:14:48 [INFO] System metrics updated.
2026-09-06 11:14:48 [INFO] System metrics updated.
2026-09-06 11:14:48 [INFO] System metrics updated.
2026-09-06 11:14:53 [INFO] System metrics updated.
2026-09-06 11:14:53 [INFO] System metrics updated.
2026-09-06 11:14:53 [INFO] System metrics updated.
2026-09-06 11:14:58 [INFO] System metrics updated.
2026-09-06 11:14:58 [INFO] System metrics updated.
2026-09-06 11:14:58 [INFO] System metrics updated.
2026-09-06 11:15:03 [INFO] System metrics updated.
2026-09-06 11:15:03 [INFO] System metrics updated.
2026-09-06 11:15:03 [INFO] System metrics updated.
2026-09-06 11:15:08 [INFO] Scanning file directories...
2026-09-06 11:15:08 [INFO] Scanning file directories...
2026-09-06 11:15:08 [INFO] Scanning file directories...
2026-09-06 11:15:08 [INFO] Local files found: 0
2026-09-06 11:15:08 [INFO] Local files found: 0
2026-09-06 11:15:08 [INFO] Local files found: 0
2026-09-06 11:15:08 [INFO] Remote files found: 0
2026-09-06 11:15:08 [INFO] Remote files found: 0
2026-09-06 11:15:08 [INFO] Remote files found: 0
2026-09-06 11:15:08 [INFO] System metrics updated.
2026-09-06 11:15:08 [INFO] System metrics updated.
2026-09-06 11:15:08 [INFO] System metrics updated.
2026-09-06 11:15:13 [INFO] System metrics updated.
2026-09-06 11:15:13 [INFO] System metrics updated.
2026-09-06 11:15:13 [INFO] System metrics updated.
2026-09-06 11:15:18 [INFO] System metrics updated.
2026-09-06 11:15:18 [INFO] System metrics updated.
2026-09-06 11:15:18 [INFO] System metrics updated.
2026-09-06 11:15:23 [INFO] System metrics updated.
2026-09-06 11:15:23 [INFO] System metrics updated.
2026-09-06 11:15:23 [INFO] System metrics updated.
2026-09-06 11:15:28 [INFO] System metrics updated.
2026-09-06 11:15:28 [INFO] System metrics updated.
2026-09-06 11:15:28 [INFO] System metrics updated.
2026-09-06 11:15:33 [INFO] System metrics updated.
2026-09-06 11:15:33 [INFO] System metrics updated.
2026-09-06 11:15:33 [INFO] System metrics updated.
2026-09-06 11:15:38 [INFO] Scanning file directories...
2026-09-06 11:15:38 [INFO] Scanning file directories...
2026-09-06 11:15:38 [INFO] Scanning file directories...
2026-09-06 11:15:38 [INFO] Local files found: 0
2026-09-06 11:15:38 [INFO] Local files found: 0
2026-09-06 11:15:38 [INFO] Local files found: 0
2026-09-06 11:15:38 [INFO] Remote files found: 0
2026-09-06 11:15:38 [INFO] Remote files found: 0
2026-09-06 11:15:38 [INFO] Remote files found: 0
2026-09-06 11:15:38 [INFO] System metrics updated.
2026-09-06 11:15:38 [INFO] System metrics updated.
2026-09-06 11:15:38 [INFO] System metrics updated.
2026-09-06 11:15:43 [INFO] System metrics updated.
2026-09-06 11:15:43 [INFO] System metrics updated.
2026-09-06 11:15:43 [INFO] System metrics updated.
2026-09-06 11:15:48 [INFO] System metrics updated.
2026-09-06 11:15:48 [INFO] System metrics updated.
2026-09-06 11:15:48 [INFO] System metrics updated.
2026-09-06 11:15:53 [INFO] System metrics updated.
2026-09-06 11:15:53 [INFO] System metrics updated.
2026-09-06 11:15:53 [INFO] System metrics updated.
2026-09-06 11:15:58 [INFO] System metrics updated.
2026-09-06 11:15:58 [INFO] System metrics updated.
2026-09-06 11:15:58 [INFO] System metrics updated.
2026-09-06 11:16:03 [INFO] System metrics updated.
2026-09-06 11:16:03 [INFO] System metrics updated.
2026-09-06 11:16:03 [INFO] System metrics updated.
2026-09-06 11:16:08 [INFO] Scanning file directories...
2026-09-06 11:16:08 [INFO] Scanning file directories...
2026-09-06 11:16:08 [INFO] Scanning file directories...
2026-09-06 11:16:08 [INFO] Local files found: 0
2026-09-06 11:16:08 [INFO] Local files found: 0
2026-09-06 11:16:08 [INFO] Local files found: 0
2026-09-06 11:16:08 [INFO] Remote files found: 0
2026-09-06 11:16:08 [INFO] Remote files found: 0
2026-09-06 11:16:08 [INFO] Remote files found: 0
2026-09-06 11:16:08 [INFO] System metrics updated.
2026-09-06 11:16:08 [INFO] System metrics updated.
2026-09-06 11:16:08 [INFO] System metrics updated.
2026-09-06 11:16:13 [INFO] System metrics updated.
2026-09-06 11:16:13 [INFO] System metrics updated.
2026-09-06 11:16:13 [INFO] System metrics updated.
2026-09-06 11:16:18 [INFO] System metrics updated.
2026-09-06 11:16:18 [INFO] System metrics updated.
2026-09-06 11:16:18 [INFO] System metrics updated.
2026-09-06 11:16:23 [INFO] System metrics updated.
2026-09-06 11:16:23 [INFO] System metrics updated.
2026-09-06 11:16:23 [INFO] System metrics updated.
2026-09-06 11:16:28 [INFO] System metrics updated.
2026-09-06 11:16:28 [INFO] System metrics updated.
2026-09-06 11:16:28 [INFO] System metrics updated.
2026-09-06 11:16:33 [INFO] System metrics updated.
2026-09-06 11:16:33 [INFO] System metrics updated.
2026-09-06 11:16:33 [INFO] System metrics updated.
2026-09-06 11:16:38 [INFO] Scanning file directories...
2026-09-06 11:16:38 [INFO] Scanning file directories...
2026-09-06 11:16:38 [INFO] Scanning file directories...
2026-09-06 11:16:38 [INFO] Local files found: 0
2026-09-06 11:16:38 [INFO] Local files found: 0
2026-09-06 11:16:38 [INFO] Local files found: 0
2026-09-06 11:16:38 [INFO] Remote files found: 0
2026-09-06 11:16:38 [INFO] Remote files found: 0
2026-09-06 11:16:38 [INFO] Remote files found: 0
2026-09-06 11:16:38 [INFO] System metrics updated.
2026-09-06 11:16:38 [INFO] System metrics updated.
2026-09-06 11:16:38 [INFO] System metrics updated.
2026-09-06 11:16:43 [INFO] System metrics updated.
2026-09-06 11:16:43 [INFO] System metrics updated.
2026-09-06 11:16:43 [INFO] System metrics updated.
2026-09-06 11:16:48 [INFO] System metrics updated.
2026-09-06 11:16:48 [INFO] System metrics updated.
2026-09-06 11:16:48 [INFO] System metrics updated.
2026-09-06 11:16:53 [INFO] System metrics updated.
2026-09-06 11:16:53 [INFO] System metrics updated.
2026-09-06 11:16:53 [INFO] System metrics updated.
2026-09-06 11:16:58 [INFO] System metrics updated.
2026-09-06 11:16:58 [INFO] System metrics updated.
2026-09-06 11:16:58 [INFO] System metrics updated.
2026-09-06 11:17:04 [INFO] System metrics updated.
2026-09-06 11:17:04 [INFO] System metrics updated.
2026-09-06 11:17:04 [INFO] System metrics updated.
2026-09-06 11:17:08 [INFO] Scanning file directories...
2026-09-06 11:17:08 [INFO] Scanning file directories...
2026-09-06 11:17:08 [INFO] Scanning file directories...
2026-09-06 11:17:08 [INFO] Local files found: 0
2026-09-06 11:17:08 [INFO] Local files found: 0
2026-09-06 11:17:08 [INFO] Local files found: 0
2026-09-06 11:17:08 [INFO] Remote files found: 0
2026-09-06 11:17:08 [INFO] Remote files found: 0
2026-09-06 11:17:08 [INFO] Remote files found: 0
2026-09-06 11:17:09 [INFO] System metrics updated.
2026-09-06 11:17:09 [INFO] System metrics updated.
2026-09-06 11:17:09 [INFO] System metrics updated.
2026-09-06 11:17:14 [INFO] System metrics updated.
2026-09-06 11:17:14 [INFO] System metrics updated.
2026-09-06 11:17:14 [INFO] System metrics updated.
2026-09-06 11:17:18 [INFO] System metrics updated.
2026-09-06 11:17:18 [INFO] System metrics updated.
2026-09-06 11:17:18 [INFO] Scanning file directories...
2026-09-06 11:17:18 [INFO] Scanning file directories...
2026-09-06 11:17:18 [INFO] Scanning file directories...
2026-09-06 11:17:18 [INFO] Local files found: 0
2026-09-06 11:17:18 [INFO] Local files found: 0
2026-09-06 11:17:18 [INFO] Local files found: 0
2026-09-06 11:17:18 [INFO] Remote files found: 0
2026-09-06 11:17:18 [INFO] Remote files found: 0
2026-09-06 11:17:18 [INFO] Remote files found: 0
2026-09-06 11:17:18 [INFO] Starting metrics exporter...
2026-09-06 11:17:18 [INFO] Starting metrics exporter...
2026-09-06 11:17:18 [INFO] Starting metrics exporter...
2026-09-06 11:17:23 [INFO] System metrics updated.
2026-09-06 11:17:23 [INFO] System metrics updated.
2026-09-06 11:17:23 [INFO] System metrics updated.
2026-09-06 11:17:28 [INFO] System metrics updated.
2026-09-06 11:17:28 [INFO] System metrics updated.
2026-09-06 11:17:28 [INFO] System metrics updated.
2026-09-06 11:17:33 [INFO] System metrics updated.
2026-09-06 11:17:33 [INFO] System metrics updated.
2026-09-06 11:17:33 [INFO] System metrics updated.
2026-09-06 11:17:38 [INFO] System metrics updated.
2026-09-06 11:17:38 [INFO] System metrics updated.
2026-09-06 11:17:38 [INFO] System metrics updated.
2026-09-06 11:17:43 [INFO] System metrics updated.
2026-09-06 11:17:43 [INFO] System metrics updated.
2026-09-06 11:17:43 [INFO] System metrics updated.
2026-09-06 11:17:48 [INFO] Scanning file directories...
2026-09-06 11:17:48 [INFO] Scanning file directories...
2026-09-06 11:17:48 [INFO] Scanning file directories...
2026-09-06 11:17:48 [INFO] Local files found: 0
2026-09-06 11:17:48 [INFO] Local files found: 0
2026-09-06 11:17:48 [INFO] Local files found: 0
2026-09-06 11:17:48 [INFO] Remote files found: 0
2026-09-06 11:17:48 [INFO] Remote files found: 0
2026-09-06 11:17:48 [INFO] Remote files found: 0
2026-09-06 11:17:48 [INFO] System metrics updated.
2026-09-06 11:17:48 [INFO] System metrics updated.
2026-09-06 11:17:48 [INFO] System metrics updated.
2026-09-06 11:17:53 [INFO] System metrics updated.
2026-09-06 11:17:53 [INFO] System metrics updated.
2026-09-06 11:17:53 [INFO] System metrics updated.
2026-09-06 11:17:58 [INFO] System metrics updated.
2026-09-06 11:17:58 [INFO] System metrics updated.
2026-09-06 11:17:58 [INFO] System metrics updated.
2026-09-06 11:18:03 [INFO] System metrics updated.
2026-09-06 11:18:03 [INFO] System metrics updated.
2026-09-06 11:18:03 [INFO] System metrics updated.
2026-09-06 11:18:08 [INFO] System metrics updated.
2026-09-06 11:18:08 [INFO] System metrics updated.
2026-09-06 11:18:08 [INFO] System metrics updated.
2026-09-06 11:18:13 [INFO] System metrics updated.
2026-09-06 11:18:13 [INFO] System metrics updated.
2026-09-06 11:18:13 [INFO] System metrics updated.
2026-09-06 11:18:18 [INFO] Scanning file directories...
2026-09-06 11:18:18 [INFO] Scanning file directories...
2026-09-06 11:18:18 [INFO] Scanning file directories...
2026-09-06 11:18:18 [INFO] Local files found: 0
2026-09-06 11:18:18 [INFO] Local files found: 0
2026-09-06 11:18:18 [INFO] Local files found: 0
2026-09-06 11:18:18 [INFO] Remote files found: 0
2026-09-06 11:18:18 [INFO] Remote files found: 0
2026-09-06 11:18:18 [INFO] Remote files found: 0
2026-09-06 11:18:18 [INFO] System metrics updated.
2026-09-06 11:18:18 [INFO] System metrics updated.
2026-09-06 11:18:18 [INFO] System metrics updated.
2026-09-06 11:18:23 [INFO] System metrics updated.
2026-09-06 11:18:23 [INFO] System metrics updated.
2026-09-06 11:18:23 [INFO] System metrics updated.
2026-09-06 11:18:28 [INFO] System metrics updated.
2026-09-06 11:18:28 [INFO] System metrics updated.
2026-09-06 11:18:28 [INFO] System metrics updated.
2026-09-06 11:18:33 [INFO] System metrics updated.
2026-09-06 11:18:33 [INFO] System metrics updated.
2026-09-06 11:18:33 [INFO] System metrics updated.
2026-09-06 11:18:38 [INFO] System metrics updated.
2026-09-06 11:18:38 [INFO] System metrics updated.
2026-09-06 11:18:38 [INFO] System metrics updated.
2026-09-06 11:18:43 [INFO] System metrics updated.
2026-09-06 11:18:43 [INFO] System metrics updated.
2026-09-06 11:18:43 [INFO] System metrics updated.
2026-09-06 11:18:48 [INFO] Scanning file directories...
2026-09-06 11:18:48 [INFO] Scanning file directories...
2026-09-06 11:18:48 [INFO] Scanning file directories...
2026-09-06 11:18:48 [INFO] Local files found: 0
2026-09-06 11:18:48 [INFO] Local files found: 0
2026-09-06 11:18:48 [INFO] Local files found: 0
2026-09-06 11:18:48 [INFO] Remote files found: 0
2026-09-06 11:18:48 [INFO] Remote files found: 0
2026-09-06 11:18:48 [INFO] Remote files found: 0
2026-09-06 11:18:48 [INFO] System metrics updated.
2026-09-06 11:18:48 [INFO] System metrics updated.
2026-09-06 11:18:48 [INFO] System metrics updated.
2026-09-06 11:18:53 [INFO] System metrics updated.
2026-09-06 11:18:53 [INFO] System metrics updated.
2026-09-06 11:18:53 [INFO] System metrics updated.
2026-09-06 11:18:58 [INFO] System metrics updated.
2026-09-06 11:18:58 [INFO] System metrics updated.
2026-09-06 11:18:58 [INFO] System metrics updated.
2026-09-06 11:19:03 [INFO] System metrics updated.
2026-09-06 11:19:03 [INFO] System metrics updated.
2026-09-06 11:19:03 [INFO] System metrics updated.
2026-09-06 11:19:08 [INFO] System metrics updated.
2026-09-06 11:19:08 [INFO] System metrics updated.
2026-09-06 11:19:08 [INFO] System metrics updated.
2026-09-06 11:19:13 [INFO] System metrics updated.
2026-09-06 11:19:13 [INFO] System metrics updated.
2026-09-06 11:19:13 [INFO] System metrics updated.
2026-09-06 11:19:18 [INFO] Scanning file directories...
2026-09-06 11:19:18 [INFO] Scanning file directories...
2026-09-06 11:19:18 [INFO] Scanning file directories...
2026-09-06 11:19:18 [INFO] Local files found: 0
2026-09-06 11:19:18 [INFO] Local files found: 0
2026-09-06 11:19:18 [INFO] Local files found: 0
2026-09-06 11:19:18 [INFO] Remote files found: 0
2026-09-06 11:19:18 [INFO] Remote files found: 0
2026-09-06 11:19:18 [INFO] Remote files found: 0
2026-09-06 11:19:18 [INFO] System metrics updated.
2026-09-06 11:19:18 [INFO] System metrics updated.
2026-09-06 11:19:18 [INFO] System metrics updated.
2026-09-06 11:19:23 [INFO] System metrics updated.
2026-09-06 11:19:23 [INFO] System metrics updated.
2026-09-06 11:19:23 [INFO] System metrics updated.
2026-09-06 11:19:28 [INFO] System metrics updated.
2026-09-06 11:19:28 [INFO] System metrics updated.
2026-09-06 11:19:28 [INFO] System metrics updated.
2026-09-06 11:19:33 [INFO] System metrics updated.
2026-09-06 11:19:33 [INFO] System metrics updated.
2026-09-06 11:19:33 [INFO] System metrics updated.
2026-09-06 11:19:38 [INFO] System metrics updated.
2026-09-06 11:19:38 [INFO] System metrics updated.
2026-09-06 11:19:38 [INFO] System metrics updated.
2026-09-06 11:19:43 [INFO] System metrics updated.
2026-09-06 11:19:43 [INFO] System metrics updated.
2026-09-06 11:19:43 [INFO] System metrics updated.
2026-09-06 11:19:48 [INFO] Scanning file directories...
2026-09-06 11:19:48 [INFO] Scanning file directories...
2026-09-06 11:19:48 [INFO] Scanning file directories...
2026-09-06 11:19:48 [INFO] Local files found: 0
2026-09-06 11:19:48 [INFO] Local files found: 0
2026-09-06 11:19:48 [INFO] Local files found: 0
2026-09-06 11:19:48 [INFO] Remote files found: 0
2026-09-06 11:19:48 [INFO] Remote files found: 0
2026-09-06 11:19:48 [INFO] Remote files found: 0
2026-09-06 11:19:48 [INFO] System metrics updated.
2026-09-06 11:19:48 [INFO] System metrics updated.
2026-09-06 11:19:48 [INFO] System metrics updated.
2026-09-06 11:19:53 [INFO] System metrics updated.
2026-09-06 11:19:53 [INFO] System metrics updated.
2026-09-06 11:19:53 [INFO] System metrics updated.
2026-09-06 11:19:58 [INFO] System metrics updated.
2026-09-06 11:19:58 [INFO] System metrics updated.
2026-09-06 11:19:58 [INFO] System metrics updated.
2026-09-06 11:20:03 [INFO] System metrics updated.
2026-09-06 11:20:03 [INFO] System metrics updated.
2026-09-06 11:20:03 [INFO] System metrics updated.
2026-09-06 11:20:08 [INFO] System metrics updated.
2026-09-06 11:20:08 [INFO] System metrics updated.
2026-09-06 11:20:08 [INFO] System metrics updated.
2026-09-06 11:20:13 [INFO] System metrics updated.
2026-09-06 11:20:13 [INFO] System metrics updated.
2026-09-06 11:20:13 [INFO] System metrics updated.
2026-09-06 11:20:18 [INFO] Scanning file directories...
2026-09-06 11:20:18 [INFO] Scanning file directories...
2026-09-06 11:20:18 [INFO] Scanning file directories...
2026-09-06 11:20:18 [INFO] Local files found: 0
2026-09-06 11:20:18 [INFO] Local files found: 0
2026-09-06 11:20:18 [INFO] Local files found: 0
2026-09-06 11:20:18 [INFO] Remote files found: 0
2026-09-06 11:20:18 [INFO] Remote files found: 0
2026-09-06 11:20:18 [INFO] Remote files found: 0
2026-09-06 11:20:18 [INFO] System metrics updated.
2026-09-06 11:20:18 [INFO] System metrics updated.
2026-09-06 11:20:18 [INFO] System metrics updated.
2026-09-06 11:20:23 [INFO] System metrics updated.
2026-09-06 11:20:23 [INFO] System metrics updated.
2026-09-06 11:20:23 [INFO] System metrics updated.
2026-09-06 11:20:28 [INFO] System metrics updated.
2026-09-06 11:20:28 [INFO] System metrics updated.
2026-09-06 11:20:28 [INFO] System metrics updated.
2026-09-06 11:20:33 [INFO] System metrics updated.
2026-09-06 11:20:33 [INFO] System metrics updated.
2026-09-06 11:20:33 [INFO] System metrics updated.
2026-09-06 11:20:38 [INFO] System metrics updated.
2026-09-06 11:20:38 [INFO] System metrics updated.
2026-09-06 11:20:38 [INFO] System metrics updated.
2026-09-06 11:20:43 [INFO] System metrics updated.
2026-09-06 11:20:43 [INFO] System metrics updated.
2026-09-06 11:20:43 [INFO] System metrics updated.
2026-09-06 11:20:49 [INFO] Scanning file directories...
2026-09-06 11:20:49 [INFO] Scanning file directories...
2026-09-06 11:20:49 [INFO] Scanning file directories...
2026-09-06 11:20:49 [INFO] Local files found: 0
2026-09-06 11:20:49 [INFO] Local files found: 0
2026-09-06 11:20:49 [INFO] Local files found: 0
2026-09-06 11:20:49 [INFO] Remote files found: 0
2026-09-06 11:20:49 [INFO] Remote files found: 0
2026-09-06 11:20:49 [INFO] Remote files found: 0
2026-09-06 11:20:49 [INFO] System metrics updated.
2026-09-06 11:20:49 [INFO] System metrics updated.
2026-09-06 11:20:49 [INFO] System metrics updated.
2026-09-06 11:20:54 [INFO] System metrics updated.
2026-09-06 11:20:54 [INFO] System metrics updated.
2026-09-06 11:20:54 [INFO] System metrics updated.
2026-09-06 11:20:59 [INFO] System metrics updated.
2026-09-06 11:20:59 [INFO] System metrics updated.
2026-09-06 11:20:59 [INFO] System metrics updated.
2026-09-06 11:21:04 [INFO] System metrics updated.
2026-09-06 11:21:04 [INFO] System metrics updated.
2026-09-06 11:21:04 [INFO] System metrics updated.
2026-09-06 11:21:06 [INFO] System metrics updated.
2026-09-06 11:21:06 [INFO] System metrics updated.
2026-09-06 11:21:06 [INFO] Scanning file directories...
2026-09-06 11:21:06 [INFO] Scanning file directories...
2026-09-06 11:21:06 [INFO] Scanning file directories...
2026-09-06 11:21:06 [INFO] Starting metrics exporter...
2026-09-06 11:21:06 [INFO] Starting metrics exporter...
2026-09-06 11:21:06 [INFO] Starting metrics exporter...
2026-09-06 11:21:06 [INFO] Local files found: 0
2026-09-06 11:21:06 [INFO] Local files found: 0
2026-09-06 11:21:06 [INFO] Local files found: 0
2026-09-06 11:21:06 [INFO] Remote files found: 0
2026-09-06 11:21:06 [INFO] Remote files found: 0
2026-09-06 11:21:06 [INFO] Remote files found: 0
2026-09-06 11:21:11 [INFO] System metrics updated.
2026-09-06 11:21:11 [INFO] System metrics updated.
2026-09-06 11:21:11 [INFO] System metrics updated.
2026-09-06 11:21:16 [INFO] System metrics updated.
2026-09-06 11:21:16 [INFO] System metrics updated.
2026-09-06 11:21:16 [INFO] System metrics updated.
2026-09-06 11:21:21 [INFO] System metrics updated.
2026-09-06 11:21:21 [INFO] System metrics updated.
2026-09-06 11:21:21 [INFO] System metrics updated.
2026-09-06 11:21:26 [INFO] System metrics updated.
2026-09-06 11:21:26 [INFO] System metrics updated.
2026-09-06 11:21:26 [INFO] System metrics updated.
2026-09-06 11:21:31 [INFO] System metrics updated.
2026-09-06 11:21:31 [INFO] System metrics updated.
2026-09-06 11:21:31 [INFO] System metrics updated.
2026-09-06 11:21:36 [INFO] Scanning file directories...
2026-09-06 11:21:36 [INFO] Scanning file directories...
2026-09-06 11:21:36 [INFO] Scanning file directories...
2026-09-06 11:21:36 [INFO] Local files found: 0
2026-09-06 11:21:36 [INFO] Local files found: 0
2026-09-06 11:21:36 [INFO] Local files found: 0
2026-09-06 11:21:36 [INFO] Remote files found: 0
2026-09-06 11:21:36 [INFO] Remote files found: 0
2026-09-06 11:21:36 [INFO] Remote files found: 0
2026-09-06 11:21:36 [INFO] System metrics updated.
2026-09-06 11:21:36 [INFO] System metrics updated.
2026-09-06 11:21:36 [INFO] System metrics updated.
2026-09-06 11:21:41 [INFO] System metrics updated.
2026-09-06 11:21:41 [INFO] System metrics updated.
2026-09-06 11:21:41 [INFO] System metrics updated.
2026-09-06 11:21:46 [INFO] System metrics updated.
2026-09-06 11:21:46 [INFO] System metrics updated.
2026-09-06 11:21:46 [INFO] System metrics updated.
2026-09-06 11:21:51 [INFO] System metrics updated.
2026-09-06 11:21:51 [INFO] System metrics updated.
2026-09-06 11:21:51 [INFO] System metrics updated.
2026-09-06 11:21:56 [INFO] System metrics updated.
2026-09-06 11:21:56 [INFO] System metrics updated.
2026-09-06 11:21:56 [INFO] System metrics updated.
2026-09-06 11:22:01 [INFO] System metrics updated.
2026-09-06 11:22:01 [INFO] System metrics updated.
2026-09-06 11:22:01 [INFO] System metrics updated.
2026-09-06 11:22:06 [INFO] Scanning file directories...
2026-09-06 11:22:06 [INFO] Scanning file directories...
2026-09-06 11:22:06 [INFO] Scanning file directories...
2026-09-06 11:22:06 [INFO] Local files found: 0
2026-09-06 11:22:06 [INFO] Local files found: 0
2026-09-06 11:22:06 [INFO] Local files found: 0
2026-09-06 11:22:06 [INFO] Remote files found: 0
2026-09-06 11:22:06 [INFO] Remote files found: 0
2026-09-06 11:22:06 [INFO] Remote files found: 0
2026-09-06 11:22:06 [INFO] System metrics updated.
2026-09-06 11:22:06 [INFO] System metrics updated.
2026-09-06 11:22:06 [INFO] System metrics updated.
2026-09-06 11:22:11 [INFO] System metrics updated.
2026-09-06 11:22:11 [INFO] System metrics updated.
2026-09-06 11:22:11 [INFO] System metrics updated.
2026-09-06 11:22:16 [INFO] System metrics updated.
2026-09-06 11:22:16 [INFO] System metrics updated.
2026-09-06 11:22:16 [INFO] System metrics updated.
2026-09-06 11:22:21 [INFO] System metrics updated.
2026-09-06 11:22:21 [INFO] System metrics updated.
2026-09-06 11:22:21 [INFO] System metrics updated.
2026-09-06 11:22:26 [INFO] System metrics updated.
2026-09-06 11:22:26 [INFO] System metrics updated.
2026-09-06 11:22:26 [INFO] System metrics updated.
2026-09-06 11:22:31 [INFO] System metrics updated.
2026-09-06 11:22:31 [INFO] System metrics updated.
2026-09-06 11:22:31 [INFO] System metrics updated.
2026-09-06 11:22:36 [INFO] Scanning file directories...
2026-09-06 11:22:36 [INFO] Scanning file directories...
2026-09-06 11:22:36 [INFO] Scanning file directories...
2026-09-06 11:22:36 [INFO] Local files found: 0
2026-09-06 11:22:36 [INFO] Local files found: 0
2026-09-06 11:22:36 [INFO] Local files found: 0
2026-09-06 11:22:36 [INFO] Remote files found: 0
2026-09-06 11:22:36 [INFO] Remote files found: 0
2026-09-06 11:22:36 [INFO] Remote files found: 0
2026-09-06 11:22:36 [INFO] System metrics updated.
2026-09-06 11:22:36 [INFO] System metrics updated.
2026-09-06 11:22:36 [INFO] System metrics updated.
2026-09-06 11:22:41 [INFO] System metrics updated.
2026-09-06 11:22:41 [INFO] System metrics updated.
2026-09-06 11:22:41 [INFO] System metrics updated.
2026-09-06 11:22:46 [INFO] System metrics updated.
2026-09-06 11:22:46 [INFO] System metrics updated.
2026-09-06 11:22:46 [INFO] System metrics updated.
2026-09-06 11:22:51 [INFO] System metrics updated.
2026-09-06 11:22:51 [INFO] System metrics updated.
2026-09-06 11:22:51 [INFO] System metrics updated.
2026-09-06 11:22:56 [INFO] System metrics updated.
2026-09-06 11:22:56 [INFO] System metrics updated.
2026-09-06 11:22:56 [INFO] System metrics updated.
2026-09-06 11:23:01 [INFO] System metrics updated.
2026-09-06 11:23:01 [INFO] System metrics updated.
2026-09-06 11:23:01 [INFO] System metrics updated.
2026-09-06 11:23:06 [INFO] Scanning file directories...
2026-09-06 11:23:06 [INFO] Scanning file directories...
2026-09-06 11:23:06 [INFO] Scanning file directories...
2026-09-06 11:23:06 [INFO] Local files found: 0
2026-09-06 11:23:06 [INFO] Local files found: 0
2026-09-06 11:23:06 [INFO] Local files found: 0
2026-09-06 11:23:06 [INFO] Remote files found: 0
2026-09-06 11:23:06 [INFO] Remote files found: 0
2026-09-06 11:23:06 [INFO] Remote files found: 0
2026-09-06 11:23:06 [INFO] System metrics updated.
2026-09-06 11:23:06 [INFO] System metrics updated.
2026-09-06 11:23:06 [INFO] System metrics updated.
2026-09-06 11:23:11 [INFO] System metrics updated.
2026-09-06 11:23:11 [INFO] System metrics updated.
2026-09-06 11:23:11 [INFO] System metrics updated.
2026-09-06 11:23:16 [INFO] System metrics updated.
2026-09-06 11:23:16 [INFO] System metrics updated.
2026-09-06 11:23:16 [INFO] System metrics updated.
2026-09-06 11:23:21 [INFO] System metrics updated.
2026-09-06 11:23:21 [INFO] System metrics updated.
2026-09-06 11:23:21 [INFO] System metrics updated.
2026-09-06 11:23:26 [INFO] System metrics updated.
2026-09-06 11:23:26 [INFO] System metrics updated.
2026-09-06 11:23:26 [INFO] System metrics updated.
2026-09-06 11:23:31 [INFO] System metrics updated.
2026-09-06 11:23:31 [INFO] System metrics updated.
2026-09-06 11:23:31 [INFO] System metrics updated.
2026-09-06 11:23:36 [INFO] Scanning file directories...
2026-09-06 11:23:36 [INFO] Scanning file directories...
2026-09-06 11:23:36 [INFO] Scanning file directories...
2026-09-06 11:23:36 [INFO] Local files found: 0
2026-09-06 11:23:36 [INFO] Local files found: 0
2026-09-06 11:23:36 [INFO] Local files found: 0
2026-09-06 11:23:36 [INFO] Remote files found: 0
2026-09-06 11:23:36 [INFO] Remote files found: 0
2026-09-06 11:23:36 [INFO] Remote files found: 0
2026-09-06 11:23:36 [INFO] System metrics updated.
2026-09-06 11:23:36 [INFO] System metrics updated.
2026-09-06 11:23:36 [INFO] System metrics updated.
2026-09-06 11:23:41 [INFO] System metrics updated.
2026-09-06 11:23:41 [INFO] System metrics updated.
2026-09-06 11:23:41 [INFO] System metrics updated.
2026-09-06 11:23:46 [INFO] System metrics updated.
2026-09-06 11:23:46 [INFO] System metrics updated.
2026-09-06 11:23:46 [INFO] System metrics updated.
2026-09-06 11:23:51 [INFO] System metrics updated.
2026-09-06 11:23:51 [INFO] System metrics updated.
2026-09-06 11:23:51 [INFO] System metrics updated.
2026-09-06 11:23:56 [INFO] System metrics updated.
2026-09-06 11:23:56 [INFO] System metrics updated.
2026-09-06 11:23:56 [INFO] System metrics updated.
2026-09-06 11:24:01 [INFO] System metrics updated.
2026-09-06 11:24:01 [INFO] System metrics updated.
2026-09-06 11:24:01 [INFO] System metrics updated.
2026-09-06 11:24:06 [INFO] Scanning file directories...
2026-09-06 11:24:06 [INFO] Scanning file directories...
2026-09-06 11:24:06 [INFO] Scanning file directories...
2026-09-06 11:24:06 [INFO] Local files found: 0
2026-09-06 11:24:06 [INFO] Local files found: 0
2026-09-06 11:24:06 [INFO] Local files found: 0
2026-09-06 11:24:06 [INFO] Remote files found: 0
2026-09-06 11:24:06 [INFO] Remote files found: 0
2026-09-06 11:24:06 [INFO] Remote files found: 0
2026-09-06 11:24:06 [INFO] System metrics updated.
2026-09-06 11:24:06 [INFO] System metrics updated.
2026-09-06 11:24:06 [INFO] System metrics updated.
2026-09-06 11:24:11 [INFO] System metrics updated.
2026-09-06 11:24:11 [INFO] System metrics updated.
2026-09-06 11:24:11 [INFO] System metrics updated.
2026-09-06 11:24:16 [INFO] System metrics updated.
2026-09-06 11:24:16 [INFO] System metrics updated.
2026-09-06 11:24:16 [INFO] System metrics updated.
2026-09-06 11:24:21 [INFO] System metrics updated.
2026-09-06 11:24:21 [INFO] System metrics updated.
2026-09-06 11:24:21 [INFO] System metrics updated.
2026-09-06 11:24:26 [INFO] System metrics updated.
2026-09-06 11:24:26 [INFO] System metrics updated.
2026-09-06 11:24:26 [INFO] System metrics updated.
2026-09-06 11:24:31 [INFO] System metrics updated.
2026-09-06 11:24:31 [INFO] System metrics updated.
2026-09-06 11:24:31 [INFO] System metrics updated.
2026-09-06 11:24:36 [INFO] Scanning file directories...
2026-09-06 11:24:36 [INFO] Scanning file directories...
2026-09-06 11:24:36 [INFO] Scanning file directories...
2026-09-06 11:24:36 [INFO] Local files found: 0
2026-09-06 11:24:36 [INFO] Local files found: 0
2026-09-06 11:24:36 [INFO] Local files found: 0
2026-09-06 11:24:36 [INFO] Remote files found: 0
2026-09-06 11:24:36 [INFO] Remote files found: 0
2026-09-06 11:24:36 [INFO] Remote files found: 0
2026-09-06 11:24:36 [INFO] System metrics updated.
2026-09-06 11:24:36 [INFO] System metrics updated.
2026-09-06 11:24:36 [INFO] System metrics updated.
2026-09-06 11:24:41 [INFO] System metrics updated.
2026-09-06 11:24:41 [INFO] System metrics updated.
2026-09-06 11:24:41 [INFO] System metrics updated.
2026-09-06 11:24:46 [INFO] System metrics updated.
2026-09-06 11:24:46 [INFO] System metrics updated.
2026-09-06 11:24:46 [INFO] System metrics updated.
2026-09-06 11:24:51 [INFO] System metrics updated.
2026-09-06 11:24:51 [INFO] System metrics updated.
2026-09-06 11:24:51 [INFO] System metrics updated.
2026-09-06 11:24:56 [INFO] System metrics updated.
2026-09-06 11:24:56 [INFO] System metrics updated.
2026-09-06 11:24:56 [INFO] System metrics updated.
2026-09-06 11:25:01 [INFO] System metrics updated.
2026-09-06 11:25:01 [INFO] System metrics updated.
2026-09-06 11:25:01 [INFO] System metrics updated.
2026-09-06 11:25:06 [INFO] Scanning file directories...
2026-09-06 11:25:06 [INFO] Scanning file directories...
2026-09-06 11:25:06 [INFO] Scanning file directories...
2026-09-06 11:25:06 [INFO] Local files found: 0
2026-09-06 11:25:06 [INFO] Local files found: 0
2026-09-06 11:25:06 [INFO] Local files found: 0
2026-09-06 11:25:06 [INFO] Remote files found: 0
2026-09-06 11:25:06 [INFO] Remote files found: 0
2026-09-06 11:25:06 [INFO] Remote files found: 0
2026-09-06 11:25:06 [INFO] System metrics updated.
2026-09-06 11:25:06 [INFO] System metrics updated.
2026-09-06 11:25:06 [INFO] System metrics updated.
2026-09-06 11:25:11 [INFO] System metrics updated.
2026-09-06 11:25:11 [INFO] System metrics updated.
2026-09-06 11:25:11 [INFO] System metrics updated.
2026-09-06 11:25:16 [INFO] System metrics updated.
2026-09-06 11:25:16 [INFO] System metrics updated.
2026-09-06 11:25:16 [INFO] System metrics updated.
2026-09-06 11:25:22 [INFO] System metrics updated.
2026-09-06 11:25:22 [INFO] System metrics updated.
2026-09-06 11:25:22 [INFO] System metrics updated.
2026-09-06 11:25:27 [INFO] System metrics updated.
2026-09-06 11:25:27 [INFO] System metrics updated.
2026-09-06 11:25:27 [INFO] System metrics updated.
2026-09-06 11:25:32 [INFO] System metrics updated.
2026-09-06 11:25:32 [INFO] System metrics updated.
2026-09-06 11:25:32 [INFO] System metrics updated.
2026-09-06 11:25:36 [INFO] Scanning file directories...
2026-09-06 11:25:36 [INFO] Scanning file directories...
2026-09-06 11:25:36 [INFO] Scanning file directories...
2026-09-06 11:25:36 [INFO] Local files found: 0
2026-09-06 11:25:36 [INFO] Local files found: 0
2026-09-06 11:25:36 [INFO] Local files found: 0
2026-09-06 11:25:36 [INFO] Remote files found: 0
2026-09-06 11:25:36 [INFO] Remote files found: 0
2026-09-06 11:25:36 [INFO] Remote files found: 0
2026-09-06 11:25:37 [INFO] System metrics updated.
2026-09-06 11:25:37 [INFO] System metrics updated.
2026-09-06 11:25:37 [INFO] System metrics updated.
2026-09-06 11:25:42 [INFO] System metrics updated.
2026-09-06 11:25:42 [INFO] System metrics updated.
2026-09-06 11:25:42 [INFO] System metrics updated.
2026-09-06 11:25:47 [INFO] System metrics updated.
2026-09-06 11:25:47 [INFO] System metrics updated.
2026-09-06 11:25:47 [INFO] System metrics updated.
2026-09-06 11:25:52 [INFO] System metrics updated.
2026-09-06 11:25:52 [INFO] System metrics updated.
2026-09-06 11:25:52 [INFO] System metrics updated.
2026-09-06 11:25:57 [INFO] System metrics updated.
2026-09-06 11:25:57 [INFO] System metrics updated.
2026-09-06 11:25:57 [INFO] System metrics updated.
2026-09-06 11:26:02 [INFO] System metrics updated.
2026-09-06 11:26:02 [INFO] System metrics updated.
2026-09-06 11:26:02 [INFO] System metrics updated.
2026-09-06 11:26:06 [INFO] Scanning file directories...
2026-09-06 11:26:06 [INFO] Scanning file directories...
2026-09-06 11:26:06 [INFO] Scanning file directories...
2026-09-06 11:26:06 [INFO] Local files found: 0
2026-09-06 11:26:06 [INFO] Local files found: 0
2026-09-06 11:26:06 [INFO] Local files found: 0
2026-09-06 11:26:06 [INFO] Remote files found: 0
2026-09-06 11:26:06 [INFO] Remote files found: 0
2026-09-06 11:26:06 [INFO] Remote files found: 0
2026-09-06 11:26:07 [INFO] System metrics updated.
2026-09-06 11:26:07 [INFO] System metrics updated.
2026-09-06 11:26:07 [INFO] System metrics updated.
2026-09-06 11:26:12 [INFO] System metrics updated.
2026-09-06 11:26:12 [INFO] System metrics updated.
2026-09-06 11:26:12 [INFO] System metrics updated.
2026-09-06 11:26:17 [INFO] System metrics updated.
2026-09-06 11:26:17 [INFO] System metrics updated.
2026-09-06 11:26:17 [INFO] System metrics updated.
2026-09-06 11:26:22 [INFO] System metrics updated.
2026-09-06 11:26:22 [INFO] System metrics updated.
2026-09-06 11:26:22 [INFO] System metrics updated.
2026-09-06 11:26:27 [INFO] System metrics updated.
2026-09-06 11:26:27 [INFO] System metrics updated.
2026-09-06 11:26:27 [INFO] System metrics updated.
2026-09-06 11:26:32 [INFO] System metrics updated.
2026-09-06 11:26:32 [INFO] System metrics updated.
2026-09-06 11:26:32 [INFO] System metrics updated.
2026-09-06 11:26:36 [INFO] Scanning file directories...
2026-09-06 11:26:36 [INFO] Scanning file directories...
2026-09-06 11:26:36 [INFO] Scanning file directories...
2026-09-06 11:26:36 [INFO] Local files found: 0
2026-09-06 11:26:36 [INFO] Local files found: 0
2026-09-06 11:26:36 [INFO] Local files found: 0
2026-09-06 11:26:36 [INFO] Remote files found: 0
2026-09-06 11:26:36 [INFO] Remote files found: 0
2026-09-06 11:26:36 [INFO] Remote files found: 0
2026-09-06 11:26:37 [INFO] System metrics updated.
2026-09-06 11:26:37 [INFO] System metrics updated.
2026-09-06 11:26:37 [INFO] System metrics updated.
2026-09-06 11:26:42 [INFO] System metrics updated.
2026-09-06 11:26:42 [INFO] System metrics updated.
2026-09-06 11:26:42 [INFO] System metrics updated.
2026-09-06 11:26:47 [INFO] System metrics updated.
2026-09-06 11:26:47 [INFO] System metrics updated.
2026-09-06 11:26:47 [INFO] System metrics updated.
2026-09-06 11:26:52 [INFO] System metrics updated.
2026-09-06 11:26:52 [INFO] System metrics updated.
2026-09-06 11:26:52 [INFO] System metrics updated.
2026-09-06 11:26:57 [INFO] System metrics updated.
2026-09-06 11:26:57 [INFO] System metrics updated.
2026-09-06 11:26:57 [INFO] System metrics updated.
2026-09-06 11:27:02 [INFO] System metrics updated.
2026-09-06 11:27:02 [INFO] System metrics updated.
2026-09-06 11:27:02 [INFO] System metrics updated.
2026-09-06 11:27:06 [INFO] Scanning file directories...
2026-09-06 11:27:06 [INFO] Scanning file directories...
2026-09-06 11:27:06 [INFO] Scanning file directories...
2026-09-06 11:27:06 [INFO] Local files found: 0
2026-09-06 11:27:06 [INFO] Local files found: 0
2026-09-06 11:27:06 [INFO] Local files found: 0
2026-09-06 11:27:06 [INFO] Remote files found: 0
2026-09-06 11:27:06 [INFO] Remote files found: 0
2026-09-06 11:27:06 [INFO] Remote files found: 0
2026-09-06 11:27:07 [INFO] System metrics updated.
2026-09-06 11:27:07 [INFO] System metrics updated.
2026-09-06 11:27:07 [INFO] System metrics updated.
2026-09-06 11:27:12 [INFO] System metrics updated.
2026-09-06 11:27:12 [INFO] System metrics updated.
2026-09-06 11:27:12 [INFO] System metrics updated.
2026-09-06 11:27:17 [INFO] System metrics updated.
2026-09-06 11:27:17 [INFO] System metrics updated.
2026-09-06 11:27:17 [INFO] System metrics updated.
2026-09-06 11:27:22 [INFO] System metrics updated.
2026-09-06 11:27:22 [INFO] System metrics updated.
2026-09-06 11:27:22 [INFO] System metrics updated.
2026-09-06 11:27:27 [INFO] System metrics updated.
2026-09-06 11:27:27 [INFO] System metrics updated.
2026-09-06 11:27:27 [INFO] System metrics updated.
2026-09-06 11:27:32 [INFO] System metrics updated.
2026-09-06 11:27:32 [INFO] System metrics updated.
2026-09-06 11:27:32 [INFO] System metrics updated.
2026-09-06 11:27:36 [INFO] Scanning file directories...
2026-09-06 11:27:36 [INFO] Scanning file directories...
2026-09-06 11:27:36 [INFO] Scanning file directories...
2026-09-06 11:27:36 [INFO] Local files found: 0
2026-09-06 11:27:36 [INFO] Local files found: 0
2026-09-06 11:27:36 [INFO] Local files found: 0
2026-09-06 11:27:36 [INFO] Remote files found: 0
2026-09-06 11:27:36 [INFO] Remote files found: 0
2026-09-06 11:27:36 [INFO] Remote files found: 0
2026-09-06 11:27:37 [INFO] System metrics updated.
2026-09-06 11:27:37 [INFO] System metrics updated.
2026-09-06 11:27:37 [INFO] System metrics updated.
2026-09-06 11:27:42 [INFO] System metrics updated.
2026-09-06 11:27:42 [INFO] System metrics updated.
2026-09-06 11:27:42 [INFO] System metrics updated.
2026-09-06 11:27:47 [INFO] System metrics updated.
2026-09-06 11:27:47 [INFO] System metrics updated.
2026-09-06 11:27:47 [INFO] System metrics updated.
2026-09-06 11:27:52 [INFO] System metrics updated.
2026-09-06 11:27:52 [INFO] System metrics updated.
2026-09-06 11:27:52 [INFO] System metrics updated.
2026-09-06 11:27:57 [INFO] System metrics updated.
2026-09-06 11:27:57 [INFO] System metrics updated.
2026-09-06 11:27:57 [INFO] System metrics updated.
2026-09-06 11:28:02 [INFO] System metrics updated.
2026-09-06 11:28:02 [INFO] System metrics updated.
2026-09-06 11:28:02 [INFO] System metrics updated.
2026-09-06 11:28:06 [INFO] Scanning file directories...
2026-09-06 11:28:06 [INFO] Scanning file directories...
2026-09-06 11:28:06 [INFO] Scanning file directories...
2026-09-06 11:28:06 [INFO] Local files found: 0
2026-09-06 11:28:06 [INFO] Local files found: 0
2026-09-06 11:28:06 [INFO] Local files found: 0
2026-09-06 11:28:06 [INFO] Remote files found: 0
2026-09-06 11:28:06 [INFO] Remote files found: 0
2026-09-06 11:28:06 [INFO] Remote files found: 0
2026-09-06 11:28:07 [INFO] System metrics updated.
2026-09-06 11:28:07 [INFO] System metrics updated.
2026-09-06 11:28:07 [INFO] System metrics updated.
2026-09-06 11:28:12 [INFO] System metrics updated.
2026-09-06 11:28:12 [INFO] System metrics updated.
2026-09-06 11:28:12 [INFO] System metrics updated.
2026-09-06 11:28:17 [INFO] System metrics updated.
2026-09-06 11:28:17 [INFO] System metrics updated.
2026-09-06 11:28:17 [INFO] System metrics updated.
2026-09-06 11:28:22 [INFO] System metrics updated.
2026-09-06 11:28:22 [INFO] System metrics updated.
2026-09-06 11:28:22 [INFO] System metrics updated.
2026-09-06 11:28:27 [INFO] System metrics updated.
2026-09-06 11:28:27 [INFO] System metrics updated.
2026-09-06 11:28:27 [INFO] System metrics updated.
2026-09-06 11:28:32 [INFO] System metrics updated.
2026-09-06 11:28:32 [INFO] System metrics updated.
2026-09-06 11:28:32 [INFO] System metrics updated.
2026-09-06 11:28:36 [INFO] Scanning file directories...
2026-09-06 11:28:36 [INFO] Scanning file directories...
2026-09-06 11:28:36 [INFO] Scanning file directories...
2026-09-06 11:28:36 [INFO] Local files found: 0
2026-09-06 11:28:36 [INFO] Local files found: 0
2026-09-06 11:28:36 [INFO] Local files found: 0
2026-09-06 11:28:36 [INFO] Remote files found: 0
2026-09-06 11:28:36 [INFO] Remote files found: 0
2026-09-06 11:28:36 [INFO] Remote files found: 0
2026-09-06 11:28:37 [INFO] System metrics updated.
2026-09-06 11:28:37 [INFO] System metrics updated.
2026-09-06 11:28:37 [INFO] System metrics updated.
2026-09-06 11:28:42 [INFO] System metrics updated.
2026-09-06 11:28:42 [INFO] System metrics updated.
2026-09-06 11:28:42 [INFO] System metrics updated.
2026-09-06 11:28:47 [INFO] System metrics updated.
2026-09-06 11:28:47 [INFO] System metrics updated.
2026-09-06 11:28:47 [INFO] System metrics updated.
2026-09-06 11:28:52 [INFO] System metrics updated.
2026-09-06 11:28:52 [INFO] System metrics updated.
2026-09-06 11:28:52 [INFO] System metrics updated.
2026-09-06 11:28:57 [INFO] System metrics updated.
2026-09-06 11:28:57 [INFO] System metrics updated.
2026-09-06 11:28:57 [INFO] System metrics updated.
2026-09-06 11:29:02 [INFO] System metrics updated.
2026-09-06 11:29:02 [INFO] System metrics updated.
2026-09-06 11:29:02 [INFO] System metrics updated.
2026-09-06 11:29:06 [INFO] Scanning file directories...
2026-09-06 11:29:06 [INFO] Scanning file directories...
2026-09-06 11:29:06 [INFO] Scanning file directories...
2026-09-06 11:29:06 [INFO] Local files found: 0
2026-09-06 11:29:06 [INFO] Local files found: 0
2026-09-06 11:29:06 [INFO] Local files found: 0
2026-09-06 11:29:06 [INFO] Remote files found: 0
2026-09-06 11:29:06 [INFO] Remote files found: 0
2026-09-06 11:29:06 [INFO] Remote files found: 0
2026-09-06 11:29:07 [INFO] System metrics updated.
2026-09-06 11:29:07 [INFO] System metrics updated.
2026-09-06 11:29:07 [INFO] System metrics updated.
2026-09-06 11:29:12 [INFO] System metrics updated.
2026-09-06 11:29:12 [INFO] System metrics updated.
2026-09-06 11:29:12 [INFO] System metrics updated.
2026-09-06 11:29:17 [INFO] System metrics updated.
2026-09-06 11:29:17 [INFO] System metrics updated.
2026-09-06 11:29:17 [INFO] System metrics updated.
2026-09-06 11:29:22 [INFO] System metrics updated.
2026-09-06 11:29:22 [INFO] System metrics updated.
2026-09-06 11:29:22 [INFO] System metrics updated.
2026-09-06 11:29:27 [INFO] System metrics updated.
2026-09-06 11:29:27 [INFO] System metrics updated.
2026-09-06 11:29:27 [INFO] System metrics updated.
2026-09-06 11:29:32 [INFO] System metrics updated.
2026-09-06 11:29:32 [INFO] System metrics updated.
2026-09-06 11:29:32 [INFO] System metrics updated.
2026-09-06 11:29:36 [INFO] Scanning file directories...
2026-09-06 11:29:36 [INFO] Scanning file directories...
2026-09-06 11:29:36 [INFO] Scanning file directories...
2026-09-06 11:29:36 [INFO] Local files found: 0
2026-09-06 11:29:36 [INFO] Local files found: 0
2026-09-06 11:29:36 [INFO] Local files found: 0
2026-09-06 11:29:36 [INFO] Remote files found: 0
2026-09-06 11:29:36 [INFO] Remote files found: 0
2026-09-06 11:29:36 [INFO] Remote files found: 0
2026-09-06 11:29:37 [INFO] System metrics updated.
2026-09-06 11:29:37 [INFO] System metrics updated.
2026-09-06 11:29:37 [INFO] System metrics updated.
2026-09-06 11:29:42 [INFO] System metrics updated.
2026-09-06 11:29:42 [INFO] System metrics updated.
2026-09-06 11:29:42 [INFO] System metrics updated.
2026-09-06 11:29:47 [INFO] System metrics updated.
2026-09-06 11:29:47 [INFO] System metrics updated.
2026-09-06 11:29:47 [INFO] System metrics updated.
2026-09-06 11:29:52 [INFO] System metrics updated.
2026-09-06 11:29:52 [INFO] System metrics updated.
2026-09-06 11:29:52 [INFO] System metrics updated.
2026-09-06 11:29:57 [INFO] System metrics updated.
2026-09-06 11:29:57 [INFO] System metrics updated.
2026-09-06 11:29:57 [INFO] System metrics updated.
2026-09-06 11:30:02 [INFO] System metrics updated.
2026-09-06 11:30:02 [INFO] System metrics updated.
2026-09-06 11:30:02 [INFO] System metrics updated.
2026-09-06 11:30:06 [INFO] Scanning file directories...
2026-09-06 11:30:06 [INFO] Scanning file directories...
2026-09-06 11:30:06 [INFO] Scanning file directories...
2026-09-06 11:30:06 [INFO] Local files found: 0
2026-09-06 11:30:06 [INFO] Local files found: 0
2026-09-06 11:30:06 [INFO] Local files found: 0
2026-09-06 11:30:06 [INFO] Remote files found: 0
2026-09-06 11:30:06 [INFO] Remote files found: 0
2026-09-06 11:30:06 [INFO] Remote files found: 0
2026-09-06 11:30:07 [INFO] System metrics updated.
2026-09-06 11:30:07 [INFO] System metrics updated.
2026-09-06 11:30:07 [INFO] System metrics updated.
2026-09-06 11:30:12 [INFO] System metrics updated.
2026-09-06 11:30:12 [INFO] System metrics updated.
2026-09-06 11:30:12 [INFO] System metrics updated.
2026-09-06 11:30:17 [INFO] System metrics updated.
2026-09-06 11:30:17 [INFO] System metrics updated.
2026-09-06 11:30:17 [INFO] System metrics updated.
2026-09-06 11:30:22 [INFO] System metrics updated.
2026-09-06 11:30:22 [INFO] System metrics updated.
2026-09-06 11:30:22 [INFO] System metrics updated.
2026-09-06 11:30:27 [INFO] System metrics updated.
2026-09-06 11:30:27 [INFO] System metrics updated.
2026-09-06 11:30:27 [INFO] System metrics updated.
2026-09-06 11:30:32 [INFO] System metrics updated.
2026-09-06 11:30:32 [INFO] System metrics updated.
2026-09-06 11:30:32 [INFO] System metrics updated.
2026-09-06 11:30:36 [INFO] Scanning file directories...
2026-09-06 11:30:36 [INFO] Scanning file directories...
2026-09-06 11:30:36 [INFO] Scanning file directories...
2026-09-06 11:30:36 [INFO] Local files found: 0
2026-09-06 11:30:36 [INFO] Local files found: 0
2026-09-06 11:30:36 [INFO] Local files found: 0
2026-09-06 11:30:36 [INFO] Remote files found: 0
2026-09-06 11:30:36 [INFO] Remote files found: 0
2026-09-06 11:30:36 [INFO] Remote files found: 0
2026-09-06 11:30:37 [INFO] System metrics updated.
2026-09-06 11:30:37 [INFO] System metrics updated.
2026-09-06 11:30:37 [INFO] System metrics updated.
2026-09-06 11:30:42 [INFO] System metrics updated.
2026-09-06 11:30:42 [INFO] System metrics updated.
2026-09-06 11:30:42 [INFO] System metrics updated.
2026-09-06 11:30:47 [INFO] System metrics updated.
2026-09-06 11:30:47 [INFO] System metrics updated.
2026-09-06 11:30:47 [INFO] System metrics updated.
2026-09-06 11:30:52 [INFO] System metrics updated.
2026-09-06 11:30:52 [INFO] System metrics updated.
2026-09-06 11:30:52 [INFO] System metrics updated.
2026-09-06 11:30:57 [INFO] System metrics updated.
2026-09-06 11:30:57 [INFO] System metrics updated.
2026-09-06 11:30:57 [INFO] System metrics updated.
2026-09-06 11:31:02 [INFO] System metrics updated.
2026-09-06 11:31:02 [INFO] System metrics updated.
2026-09-06 11:31:02 [INFO] System metrics updated.
2026-09-06 11:31:06 [INFO] Scanning file directories...
2026-09-06 11:31:06 [INFO] Scanning file directories...
2026-09-06 11:31:06 [INFO] Scanning file directories...
2026-09-06 11:31:06 [INFO] Local files found: 0
2026-09-06 11:31:06 [INFO] Local files found: 0
2026-09-06 11:31:06 [INFO] Local files found: 0
2026-09-06 11:31:06 [INFO] Remote files found: 0
2026-09-06 11:31:06 [INFO] Remote files found: 0
2026-09-06 11:31:06 [INFO] Remote files found: 0
2026-09-06 11:31:07 [INFO] System metrics updated.
2026-09-06 11:31:07 [INFO] System metrics updated.
2026-09-06 11:31:07 [INFO] System metrics updated.
2026-09-06 11:31:12 [INFO] System metrics updated.
2026-09-06 11:31:12 [INFO] System metrics updated.
2026-09-06 11:31:12 [INFO] System metrics updated.
2026-09-06 11:31:17 [INFO] System metrics updated.
2026-09-06 11:31:17 [INFO] System metrics updated.
2026-09-06 11:31:17 [INFO] System metrics updated.
2026-09-06 11:31:22 [INFO] System metrics updated.
2026-09-06 11:31:22 [INFO] System metrics updated.
2026-09-06 11:31:22 [INFO] System metrics updated.
2026-09-06 11:31:27 [INFO] System metrics updated.
2026-09-06 11:31:27 [INFO] System metrics updated.
2026-09-06 11:31:27 [INFO] System metrics updated.
2026-09-06 11:31:32 [INFO] System metrics updated.
2026-09-06 11:31:32 [INFO] System metrics updated.
2026-09-06 11:31:32 [INFO] System metrics updated.
2026-09-06 11:31:36 [INFO] Scanning file directories...
2026-09-06 11:31:36 [INFO] Scanning file directories...
2026-09-06 11:31:36 [INFO] Scanning file directories...
2026-09-06 11:31:36 [INFO] Local files found: 0
2026-09-06 11:31:36 [INFO] Local files found: 0
2026-09-06 11:31:36 [INFO] Local files found: 0
2026-09-06 11:31:36 [INFO] Remote files found: 0
2026-09-06 11:31:36 [INFO] Remote files found: 0
2026-09-06 11:31:36 [INFO] Remote files found: 0
2026-09-06 11:31:37 [INFO] System metrics updated.
2026-09-06 11:31:37 [INFO] System metrics updated.
2026-09-06 11:31:37 [INFO] System metrics updated.
2026-09-06 11:31:42 [INFO] System metrics updated.
2026-09-06 11:31:42 [INFO] System metrics updated.
2026-09-06 11:31:42 [INFO] System metrics updated.
2026-09-06 11:31:47 [INFO] System metrics updated.
2026-09-06 11:31:47 [INFO] System metrics updated.
2026-09-06 11:31:47 [INFO] System metrics updated.
2026-09-06 11:31:52 [INFO] System metrics updated.
2026-09-06 11:31:52 [INFO] System metrics updated.
2026-09-06 11:31:52 [INFO] System metrics updated.
2026-09-06 11:31:57 [INFO] System metrics updated.
2026-09-06 11:31:57 [INFO] System metrics updated.
2026-09-06 11:31:57 [INFO] System metrics updated.
2026-09-06 11:32:02 [INFO] System metrics updated.
2026-09-06 11:32:02 [INFO] System metrics updated.
2026-09-06 11:32:02 [INFO] System metrics updated.
2026-09-06 11:32:06 [INFO] Scanning file directories...
2026-09-06 11:32:06 [INFO] Scanning file directories...
2026-09-06 11:32:06 [INFO] Scanning file directories...
2026-09-06 11:32:06 [INFO] Local files found: 0
2026-09-06 11:32:06 [INFO] Local files found: 0
2026-09-06 11:32:06 [INFO] Local files found: 0
2026-09-06 11:32:06 [INFO] Remote files found: 0
2026-09-06 11:32:06 [INFO] Remote files found: 0
2026-09-06 11:32:06 [INFO] Remote files found: 0
2026-09-06 11:32:07 [INFO] System metrics updated.
2026-09-06 11:32:07 [INFO] System metrics updated.
2026-09-06 11:32:07 [INFO] System metrics updated.
2026-09-06 11:32:12 [INFO] System metrics updated.
2026-09-06 11:32:12 [INFO] System metrics updated.
2026-09-06 11:32:12 [INFO] System metrics updated.
2026-09-06 11:32:17 [INFO] System metrics updated.
2026-09-06 11:32:17 [INFO] System metrics updated.
2026-09-06 11:32:17 [INFO] System metrics updated.
2026-09-06 11:32:22 [INFO] System metrics updated.
2026-09-06 11:32:22 [INFO] System metrics updated.
2026-09-06 11:32:22 [INFO] System metrics updated.
2026-09-06 11:32:27 [INFO] System metrics updated.
2026-09-06 11:32:27 [INFO] System metrics updated.
2026-09-06 11:32:27 [INFO] System metrics updated.
2026-09-06 11:32:32 [INFO] System metrics updated.
2026-09-06 11:32:32 [INFO] System metrics updated.
2026-09-06 11:32:32 [INFO] System metrics updated.
2026-09-06 11:32:36 [INFO] Scanning file directories...
2026-09-06 11:32:36 [INFO] Scanning file directories...
2026-09-06 11:32:36 [INFO] Scanning file directories...
2026-09-06 11:32:36 [INFO] Local files found: 0
2026-09-06 11:32:36 [INFO] Local files found: 0
2026-09-06 11:32:36 [INFO] Local files found: 0
2026-09-06 11:32:36 [INFO] Remote files found: 0
2026-09-06 11:32:36 [INFO] Remote files found: 0
2026-09-06 11:32:36 [INFO] Remote files found: 0
2026-09-06 11:32:37 [INFO] System metrics updated.
2026-09-06 11:32:37 [INFO] System metrics updated.
2026-09-06 11:32:37 [INFO] System metrics updated.
2026-09-06 11:32:42 [INFO] System metrics updated.
2026-09-06 11:32:42 [INFO] System metrics updated.
2026-09-06 11:32:42 [INFO] System metrics updated.
2026-09-06 11:32:47 [INFO] System metrics updated.
2026-09-06 11:32:47 [INFO] System metrics updated.
2026-09-06 11:32:47 [INFO] System metrics updated.
2026-09-06 11:32:52 [INFO] System metrics updated.
2026-09-06 11:32:52 [INFO] System metrics updated.
2026-09-06 11:32:52 [INFO] System metrics updated.
2026-09-06 11:32:57 [INFO] System metrics updated.
2026-09-06 11:32:57 [INFO] System metrics updated.
2026-09-06 11:32:57 [INFO] System metrics updated.
2026-09-06 11:33:02 [INFO] System metrics updated.
2026-09-06 11:33:02 [INFO] System metrics updated.
2026-09-06 11:33:02 [INFO] System metrics updated.
2026-09-06 11:33:06 [INFO] Scanning file directories...
2026-09-06 11:33:06 [INFO] Scanning file directories...
2026-09-06 11:33:06 [INFO] Scanning file directories...
2026-09-06 11:33:06 [INFO] Local files found: 0
2026-09-06 11:33:06 [INFO] Local files found: 0
2026-09-06 11:33:06 [INFO] Local files found: 0
2026-09-06 11:33:06 [INFO] Remote files found: 0
2026-09-06 11:33:06 [INFO] Remote files found: 0
2026-09-06 11:33:06 [INFO] Remote files found: 0
2026-09-06 11:33:07 [INFO] System metrics updated.
2026-09-06 11:33:07 [INFO] System metrics updated.
2026-09-06 11:33:07 [INFO] System metrics updated.
2026-09-06 11:33:12 [INFO] System metrics updated.
2026-09-06 11:33:12 [INFO] System metrics updated.
2026-09-06 11:33:12 [INFO] System metrics updated.
2026-09-06 11:33:17 [INFO] System metrics updated.
2026-09-06 11:33:17 [INFO] System metrics updated.
2026-09-06 11:33:17 [INFO] System metrics updated.
2026-09-06 11:33:22 [INFO] System metrics updated.
2026-09-06 11:33:22 [INFO] System metrics updated.
2026-09-06 11:33:22 [INFO] System metrics updated.
2026-09-06 11:33:27 [INFO] System metrics updated.
2026-09-06 11:33:27 [INFO] System metrics updated.
2026-09-06 11:33:27 [INFO] System metrics updated.
2026-09-06 11:33:32 [INFO] System metrics updated.
2026-09-06 11:33:32 [INFO] System metrics updated.
2026-09-06 11:33:32 [INFO] System metrics updated.
2026-09-06 11:33:36 [INFO] Scanning file directories...
2026-09-06 11:33:36 [INFO] Scanning file directories...
2026-09-06 11:33:36 [INFO] Scanning file directories...
2026-09-06 11:33:36 [INFO] Local files found: 0
2026-09-06 11:33:36 [INFO] Local files found: 0
2026-09-06 11:33:36 [INFO] Local files found: 0
2026-09-06 11:33:36 [INFO] Remote files found: 0
2026-09-06 11:33:36 [INFO] Remote files found: 0
2026-09-06 11:33:36 [INFO] Remote files found: 0
2026-09-06 11:33:37 [INFO] System metrics updated.
2026-09-06 11:33:37 [INFO] System metrics updated.
2026-09-06 11:33:37 [INFO] System metrics updated.
2026-09-06 11:33:42 [INFO] System metrics updated.
2026-09-06 11:33:42 [INFO] System metrics updated.
2026-09-06 11:33:42 [INFO] System metrics updated.
2026-09-06 11:33:47 [INFO] System metrics updated.
2026-09-06 11:33:47 [INFO] System metrics updated.
2026-09-06 11:33:47 [INFO] System metrics updated.
2026-09-06 11:33:52 [INFO] System metrics updated.
2026-09-06 11:33:52 [INFO] System metrics updated.
2026-09-06 11:33:52 [INFO] System metrics updated.
2026-09-06 11:33:57 [INFO] System metrics updated.
2026-09-06 11:33:57 [INFO] System metrics updated.
2026-09-06 11:33:57 [INFO] System metrics updated.
2026-09-06 11:34:02 [INFO] System metrics updated.
2026-09-06 11:34:02 [INFO] System metrics updated.
2026-09-06 11:34:02 [INFO] System metrics updated.
2026-09-06 11:34:06 [INFO] Scanning file directories...
2026-09-06 11:34:06 [INFO] Scanning file directories...
2026-09-06 11:34:06 [INFO] Scanning file directories...
2026-09-06 11:34:06 [INFO] Local files found: 0
2026-09-06 11:34:06 [INFO] Local files found: 0
2026-09-06 11:34:06 [INFO] Local files found: 0
2026-09-06 11:34:06 [INFO] Remote files found: 0
2026-09-06 11:34:06 [INFO] Remote files found: 0
2026-09-06 11:34:06 [INFO] Remote files found: 0
2026-09-06 11:34:07 [INFO] System metrics updated.
2026-09-06 11:34:07 [INFO] System metrics updated.
2026-09-06 11:34:07 [INFO] System metrics updated.
2026-09-06 11:34:12 [INFO] System metrics updated.
2026-09-06 11:34:12 [INFO] System metrics updated.
2026-09-06 11:34:12 [INFO] System metrics updated.
2026-09-06 11:34:17 [INFO] System metrics updated.
2026-09-06 11:34:17 [INFO] System metrics updated.
2026-09-06 11:34:17 [INFO] System metrics updated.
2026-09-06 11:34:22 [INFO] System metrics updated.
2026-09-06 11:34:22 [INFO] System metrics updated.
2026-09-06 11:34:22 [INFO] System metrics updated.
2026-09-06 11:34:27 [INFO] System metrics updated.
2026-09-06 11:34:27 [INFO] System metrics updated.
2026-09-06 11:34:27 [INFO] System metrics updated.
2026-09-06 11:34:32 [INFO] System metrics updated.
2026-09-06 11:34:32 [INFO] System metrics updated.
2026-09-06 11:34:32 [INFO] System metrics updated.
2026-09-06 11:34:36 [INFO] Scanning file directories...
2026-09-06 11:34:36 [INFO] Scanning file directories...
2026-09-06 11:34:36 [INFO] Scanning file directories...
2026-09-06 11:34:36 [INFO] Local files found: 0
2026-09-06 11:34:36 [INFO] Local files found: 0
2026-09-06 11:34:36 [INFO] Local files found: 0
2026-09-06 11:34:36 [INFO] Remote files found: 0
2026-09-06 11:34:36 [INFO] Remote files found: 0
2026-09-06 11:34:36 [INFO] Remote files found: 0
2026-09-06 11:34:37 [INFO] System metrics updated.
2026-09-06 11:34:37 [INFO] System metrics updated.
2026-09-06 11:34:37 [INFO] System metrics updated.
2026-09-06 11:34:42 [INFO] System metrics updated.
2026-09-06 11:34:42 [INFO] System metrics updated.
2026-09-06 11:34:42 [INFO] System metrics updated.
2026-09-06 11:34:47 [INFO] System metrics updated.
2026-09-06 11:34:47 [INFO] System metrics updated.
2026-09-06 11:34:47 [INFO] System metrics updated.
2026-09-06 11:34:52 [INFO] System metrics updated.
2026-09-06 11:34:52 [INFO] System metrics updated.
2026-09-06 11:34:52 [INFO] System metrics updated.
2026-09-06 11:34:57 [INFO] System metrics updated.
2026-09-06 11:34:57 [INFO] System metrics updated.
2026-09-06 11:34:57 [INFO] System metrics updated.
2026-09-06 11:35:02 [INFO] System metrics updated.
2026-09-06 11:35:02 [INFO] System metrics updated.
2026-09-06 11:35:02 [INFO] System metrics updated.
2026-09-06 11:35:06 [INFO] Scanning file directories...
2026-09-06 11:35:06 [INFO] Scanning file directories...
2026-09-06 11:35:06 [INFO] Scanning file directories...
2026-09-06 11:35:06 [INFO] Local files found: 0
2026-09-06 11:35:06 [INFO] Local files found: 0
2026-09-06 11:35:06 [INFO] Local files found: 0
2026-09-06 11:35:06 [INFO] Remote files found: 0
2026-09-06 11:35:06 [INFO] Remote files found: 0
2026-09-06 11:35:06 [INFO] Remote files found: 0
2026-09-06 11:35:07 [INFO] System metrics updated.
2026-09-06 11:35:07 [INFO] System metrics updated.
2026-09-06 11:35:07 [INFO] System metrics updated.
2026-09-06 11:35:12 [INFO] System metrics updated.
2026-09-06 11:35:12 [INFO] System metrics updated.
2026-09-06 11:35:12 [INFO] System metrics updated.
2026-09-06 11:35:17 [INFO] System metrics updated.
2026-09-06 11:35:17 [INFO] System metrics updated.
2026-09-06 11:35:17 [INFO] System metrics updated.
2026-09-06 11:35:22 [INFO] System metrics updated.
2026-09-06 11:35:22 [INFO] System metrics updated.
2026-09-06 11:35:22 [INFO] System metrics updated.
2026-09-06 11:35:27 [INFO] System metrics updated.
2026-09-06 11:35:27 [INFO] System metrics updated.
2026-09-06 11:35:27 [INFO] System metrics updated.
2026-09-06 11:35:32 [INFO] System metrics updated.
2026-09-06 11:35:32 [INFO] System metrics updated.
2026-09-06 11:35:32 [INFO] System metrics updated.
2026-09-06 11:35:36 [INFO] Scanning file directories...
2026-09-06 11:35:36 [INFO] Scanning file directories...
2026-09-06 11:35:36 [INFO] Scanning file directories...
2026-09-06 11:35:36 [INFO] Local files found: 0
2026-09-06 11:35:36 [INFO] Local files found: 0
2026-09-06 11:35:36 [INFO] Local files found: 0
2026-09-06 11:35:36 [INFO] Remote files found: 0
2026-09-06 11:35:36 [INFO] Remote files found: 0
2026-09-06 11:35:36 [INFO] Remote files found: 0
2026-09-06 11:35:37 [INFO] System metrics updated.
2026-09-06 11:35:37 [INFO] System metrics updated.
2026-09-06 11:35:37 [INFO] System metrics updated.
2026-09-06 11:35:42 [INFO] System metrics updated.
2026-09-06 11:35:42 [INFO] System metrics updated.
2026-09-06 11:35:42 [INFO] System metrics updated.
2026-09-06 11:35:47 [INFO] System metrics updated.
2026-09-06 11:35:47 [INFO] System metrics updated.
2026-09-06 11:35:47 [INFO] System metrics updated.
2026-09-06 11:35:52 [INFO] System metrics updated.
2026-09-06 11:35:52 [INFO] System metrics updated.
2026-09-06 11:35:52 [INFO] System metrics updated.
2026-09-06 11:35:57 [INFO] System metrics updated.
2026-09-06 11:35:57 [INFO] System metrics updated.
2026-09-06 11:35:57 [INFO] System metrics updated.
2026-09-06 11:36:02 [INFO] System metrics updated.
2026-09-06 11:36:02 [INFO] System metrics updated.
2026-09-06 11:36:02 [INFO] System metrics updated.
2026-09-06 11:36:06 [INFO] Scanning file directories...
2026-09-06 11:36:06 [INFO] Scanning file directories...
2026-09-06 11:36:06 [INFO] Scanning file directories...
2026-09-06 11:36:06 [INFO] Local files found: 0
2026-09-06 11:36:06 [INFO] Local files found: 0
2026-09-06 11:36:06 [INFO] Local files found: 0
2026-09-06 11:36:06 [INFO] Remote files found: 0
2026-09-06 11:36:06 [INFO] Remote files found: 0
2026-09-06 11:36:06 [INFO] Remote files found: 0
2026-09-06 11:36:07 [INFO] System metrics updated.
2026-09-06 11:36:07 [INFO] System metrics updated.
2026-09-06 11:36:07 [INFO] System metrics updated.
2026-09-06 11:36:12 [INFO] System metrics updated.
2026-09-06 11:36:12 [INFO] System metrics updated.
2026-09-06 11:36:12 [INFO] System metrics updated.
2026-09-06 11:36:17 [INFO] System metrics updated.
2026-09-06 11:36:17 [INFO] System metrics updated.
2026-09-06 11:36:17 [INFO] System metrics updated.
2026-09-06 11:36:22 [INFO] System metrics updated.
2026-09-06 11:36:22 [INFO] System metrics updated.
2026-09-06 11:36:22 [INFO] System metrics updated.
2026-09-06 11:36:27 [INFO] System metrics updated.
2026-09-06 11:36:27 [INFO] System metrics updated.
2026-09-06 11:36:27 [INFO] System metrics updated.
2026-09-06 11:36:32 [INFO] System metrics updated.
2026-09-06 11:36:32 [INFO] System metrics updated.
2026-09-06 11:36:32 [INFO] System metrics updated.
2026-09-06 11:36:36 [INFO] Scanning file directories...
2026-09-06 11:36:36 [INFO] Scanning file directories...
2026-09-06 11:36:36 [INFO] Scanning file directories...
2026-09-06 11:36:36 [INFO] Local files found: 0
2026-09-06 11:36:36 [INFO] Local files found: 0
2026-09-06 11:36:36 [INFO] Local files found: 0
2026-09-06 11:36:36 [INFO] Remote files found: 0
2026-09-06 11:36:36 [INFO] Remote files found: 0
2026-09-06 11:36:36 [INFO] Remote files found: 0
2026-09-06 11:36:37 [INFO] System metrics updated.
2026-09-06 11:36:37 [INFO] System metrics updated.
2026-09-06 11:36:37 [INFO] System metrics updated.
2026-09-06 11:36:42 [INFO] System metrics updated.
2026-09-06 11:36:42 [INFO] System metrics updated.
2026-09-06 11:36:42 [INFO] System metrics updated.
2026-09-06 11:36:47 [INFO] System metrics updated.
2026-09-06 11:36:47 [INFO] System metrics updated.
2026-09-06 11:36:47 [INFO] System metrics updated.
2026-09-06 11:36:52 [INFO] System metrics updated.
2026-09-06 11:36:52 [INFO] System metrics updated.
2026-09-06 11:36:52 [INFO] System metrics updated.
2026-09-06 11:36:57 [INFO] System metrics updated.
2026-09-06 11:36:57 [INFO] System metrics updated.
2026-09-06 11:36:57 [INFO] System metrics updated.
2026-09-06 11:37:02 [INFO] System metrics updated.
2026-09-06 11:37:02 [INFO] System metrics updated.
2026-09-06 11:37:02 [INFO] System metrics updated.
2026-09-06 11:37:06 [INFO] Scanning file directories...
2026-09-06 11:37:06 [INFO] Scanning file directories...
2026-09-06 11:37:06 [INFO] Scanning file directories...
2026-09-06 11:37:06 [INFO] Local files found: 0
2026-09-06 11:37:06 [INFO] Local files found: 0
2026-09-06 11:37:06 [INFO] Local files found: 0
2026-09-06 11:37:06 [INFO] Remote files found: 0
2026-09-06 11:37:06 [INFO] Remote files found: 0
2026-09-06 11:37:06 [INFO] Remote files found: 0
2026-09-06 11:37:07 [INFO] System metrics updated.
2026-09-06 11:37:07 [INFO] System metrics updated.
2026-09-06 11:37:07 [INFO] System metrics updated.
2026-09-06 11:37:13 [INFO] Scanning file directories...
2026-09-06 11:37:13 [INFO] System metrics updated.
2026-09-06 11:37:13 [INFO] Scanning file directories...
2026-09-06 11:37:13 [INFO] System metrics updated.
2026-09-06 11:37:13 [INFO] Starting metrics exporter...
2026-09-06 11:37:13 [INFO] Scanning file directories...
2026-09-06 11:37:13 [INFO] System metrics updated.
2026-09-06 11:37:13 [INFO] Starting metrics exporter...
2026-09-06 11:37:13 [INFO] Starting metrics exporter...
2026-09-06 11:37:13 [INFO] Local files found: 0
2026-09-06 11:37:13 [INFO] Local files found: 0
2026-09-06 11:37:13 [INFO] Local files found: 0
2026-09-06 11:37:13 [INFO] Remote files found: 0
2026-09-06 11:37:13 [INFO] Remote files found: 0
2026-09-06 11:37:13 [INFO] Remote files found: 0
2026-09-06 11:37:18 [INFO] System metrics updated.
2026-09-06 11:37:18 [INFO] System metrics updated.
2026-09-06 11:37:18 [INFO] System metrics updated.
2026-09-06 11:37:23 [INFO] System metrics updated.
2026-09-06 11:37:23 [INFO] System metrics updated.
2026-09-06 11:37:23 [INFO] System metrics updated.
2026-09-06 11:37:28 [INFO] System metrics updated.
2026-09-06 11:37:28 [INFO] System metrics updated.
2026-09-06 11:37:28 [INFO] System metrics updated.
2026-09-06 11:37:33 [INFO] System metrics updated.
2026-09-06 11:37:33 [INFO] System metrics updated.
2026-09-06 11:37:33 [INFO] System metrics updated.
2026-09-06 11:37:38 [INFO] System metrics updated.
2026-09-06 11:37:38 [INFO] System metrics updated.
2026-09-06 11:37:38 [INFO] System metrics updated.
2026-09-06 11:37:43 [INFO] Scanning file directories...
2026-09-06 11:37:43 [INFO] Scanning file directories...
2026-09-06 11:37:43 [INFO] Scanning file directories...
2026-09-06 11:37:43 [INFO] Local files found: 0
2026-09-06 11:37:43 [INFO] Local files found: 0
2026-09-06 11:37:43 [INFO] Local files found: 0
2026-09-06 11:37:43 [INFO] Remote files found: 0
2026-09-06 11:37:43 [INFO] Remote files found: 0
2026-09-06 11:37:43 [INFO] Remote files found: 0
2026-09-06 11:37:43 [INFO] System metrics updated.
2026-09-06 11:37:43 [INFO] System metrics updated.
2026-09-06 11:37:43 [INFO] System metrics updated.
2026-09-06 11:37:48 [INFO] System metrics updated.
2026-09-06 11:37:48 [INFO] System metrics updated.
2026-09-06 11:37:48 [INFO] System metrics updated.
2026-09-06 11:37:53 [INFO] System metrics updated.
2026-09-06 11:37:53 [INFO] System metrics updated.
2026-09-06 11:37:53 [INFO] System metrics updated.
2026-09-06 11:37:58 [INFO] System metrics updated.
2026-09-06 11:37:58 [INFO] System metrics updated.
2026-09-06 11:37:58 [INFO] System metrics updated.
2026-09-06 11:38:03 [INFO] System metrics updated.
2026-09-06 11:38:03 [INFO] System metrics updated.
2026-09-06 11:38:03 [INFO] System metrics updated.
2026-09-06 11:38:08 [INFO] System metrics updated.
2026-09-06 11:38:08 [INFO] System metrics updated.
2026-09-06 11:38:08 [INFO] System metrics updated.
2026-09-06 11:38:13 [INFO] Scanning file directories...
2026-09-06 11:38:13 [INFO] Scanning file directories...
2026-09-06 11:38:13 [INFO] Scanning file directories...
2026-09-06 11:38:13 [INFO] Local files found: 0
2026-09-06 11:38:13 [INFO] Local files found: 0
2026-09-06 11:38:13 [INFO] Local files found: 0
2026-09-06 11:38:13 [INFO] Remote files found: 0
2026-09-06 11:38:13 [INFO] Remote files found: 0
2026-09-06 11:38:13 [INFO] Remote files found: 0
2026-09-06 11:38:13 [INFO] System metrics updated.
2026-09-06 11:38:13 [INFO] System metrics updated.
2026-09-06 11:38:13 [INFO] System metrics updated.
2026-09-06 11:38:18 [INFO] System metrics updated.
2026-09-06 11:38:18 [INFO] System metrics updated.
2026-09-06 11:38:18 [INFO] System metrics updated.
2026-09-06 11:38:23 [INFO] System metrics updated.
2026-09-06 11:38:23 [INFO] System metrics updated.
2026-09-06 11:38:23 [INFO] System metrics updated.
2026-09-06 11:38:28 [INFO] System metrics updated.
2026-09-06 11:38:28 [INFO] System metrics updated.
2026-09-06 11:38:28 [INFO] System metrics updated.
2026-09-06 11:38:33 [INFO] System metrics updated.
2026-09-06 11:38:33 [INFO] System metrics updated.
2026-09-06 11:38:33 [INFO] System metrics updated.
2026-09-06 11:38:38 [INFO] System metrics updated.
2026-09-06 11:38:38 [INFO] System metrics updated.
2026-09-06 11:38:38 [INFO] System metrics updated.
2026-09-06 11:38:43 [INFO] Scanning file directories...
2026-09-06 11:38:43 [INFO] Scanning file directories...
2026-09-06 11:38:43 [INFO] Scanning file directories...
2026-09-06 11:38:43 [INFO] Local files found: 0
2026-09-06 11:38:43 [INFO] Local files found: 0
2026-09-06 11:38:43 [INFO] Local files found: 0
2026-09-06 11:38:43 [INFO] Remote files found: 0
2026-09-06 11:38:43 [INFO] Remote files found: 0
2026-09-06 11:38:43 [INFO] Remote files found: 0
2026-09-06 11:38:43 [INFO] System metrics updated.
2026-09-06 11:38:43 [INFO] System metrics updated.
2026-09-06 11:38:43 [INFO] System metrics updated.
2026-09-06 11:38:48 [INFO] System metrics updated.
2026-09-06 11:38:48 [INFO] System metrics updated.
2026-09-06 11:38:48 [INFO] System metrics updated.
2026-09-06 11:38:53 [INFO] System metrics updated.
2026-09-06 11:38:53 [INFO] System metrics updated.
2026-09-06 11:38:53 [INFO] System metrics updated.
2026-09-06 11:38:58 [INFO] System metrics updated.
2026-09-06 11:38:58 [INFO] System metrics updated.
2026-09-06 11:38:58 [INFO] System metrics updated.
2026-09-06 11:39:03 [INFO] System metrics updated.
2026-09-06 11:39:03 [INFO] System metrics updated.
2026-09-06 11:39:03 [INFO] System metrics updated.
2026-09-06 11:39:08 [INFO] System metrics updated.
2026-09-06 11:39:08 [INFO] System metrics updated.
2026-09-06 11:39:08 [INFO] System metrics updated.
2026-09-06 11:39:13 [INFO] Scanning file directories...
2026-09-06 11:39:13 [INFO] Scanning file directories...
2026-09-06 11:39:13 [INFO] Scanning file directories...
2026-09-06 11:39:13 [INFO] Local files found: 0
2026-09-06 11:39:13 [INFO] Local files found: 0
2026-09-06 11:39:13 [INFO] Local files found: 0
2026-09-06 11:39:13 [INFO] Remote files found: 0
2026-09-06 11:39:13 [INFO] Remote files found: 0
2026-09-06 11:39:13 [INFO] Remote files found: 0
2026-09-06 11:39:13 [INFO] System metrics updated.
2026-09-06 11:39:13 [INFO] System metrics updated.
2026-09-06 11:39:13 [INFO] System metrics updated.
2026-09-06 11:39:18 [INFO] System metrics updated.
2026-09-06 11:39:18 [INFO] System metrics updated.
2026-09-06 11:39:18 [INFO] System metrics updated.
2026-09-06 11:39:23 [INFO] System metrics updated.
2026-09-06 11:39:23 [INFO] System metrics updated.
2026-09-06 11:39:23 [INFO] System metrics updated.
2026-09-06 11:39:28 [INFO] System metrics updated.
2026-09-06 11:39:28 [INFO] System metrics updated.
2026-09-06 11:39:28 [INFO] System metrics updated.
2026-09-06 11:39:33 [INFO] System metrics updated.
2026-09-06 11:39:33 [INFO] System metrics updated.
2026-09-06 11:39:33 [INFO] System metrics updated.
2026-09-06 11:39:38 [INFO] System metrics updated.
2026-09-06 11:39:38 [INFO] System metrics updated.
2026-09-06 11:39:38 [INFO] System metrics updated.
2026-09-06 11:39:43 [INFO] Scanning file directories...
2026-09-06 11:39:43 [INFO] Scanning file directories...
2026-09-06 11:39:43 [INFO] Scanning file directories...
2026-09-06 11:39:43 [INFO] Local files found: 0
2026-09-06 11:39:43 [INFO] Local files found: 0
2026-09-06 11:39:43 [INFO] Local files found: 0
2026-09-06 11:39:43 [INFO] Remote files found: 0
2026-09-06 11:39:43 [INFO] Remote files found: 0
2026-09-06 11:39:43 [INFO] Remote files found: 0
2026-09-06 11:39:43 [INFO] System metrics updated.
2026-09-06 11:39:43 [INFO] System metrics updated.
2026-09-06 11:39:43 [INFO] System metrics updated.
2026-09-06 11:39:48 [INFO] System metrics updated.
2026-09-06 11:39:48 [INFO] System metrics updated.
2026-09-06 11:39:48 [INFO] System metrics updated.
2026-09-06 11:39:53 [INFO] System metrics updated.
2026-09-06 11:39:53 [INFO] System metrics updated.
2026-09-06 11:39:53 [INFO] System metrics updated.
2026-09-06 11:39:58 [INFO] System metrics updated.
2026-09-06 11:39:58 [INFO] System metrics updated.
2026-09-06 11:39:58 [INFO] System metrics updated.
2026-09-06 11:40:03 [INFO] System metrics updated.
2026-09-06 11:40:03 [INFO] System metrics updated.
2026-09-06 11:40:03 [INFO] System metrics updated.
2026-09-06 11:40:08 [INFO] System metrics updated.
2026-09-06 11:40:08 [INFO] System metrics updated.
2026-09-06 11:40:08 [INFO] System metrics updated.
2026-09-06 11:40:13 [INFO] Scanning file directories...
2026-09-06 11:40:13 [INFO] Scanning file directories...
2026-09-06 11:40:13 [INFO] Scanning file directories...
2026-09-06 11:40:13 [INFO] Local files found: 0
2026-09-06 11:40:13 [INFO] Local files found: 0
2026-09-06 11:40:13 [INFO] Local files found: 0
2026-09-06 11:40:13 [INFO] Remote files found: 0
2026-09-06 11:40:13 [INFO] Remote files found: 0
2026-09-06 11:40:13 [INFO] Remote files found: 0
2026-09-06 11:40:13 [INFO] System metrics updated.
2026-09-06 11:40:13 [INFO] System metrics updated.
2026-09-06 11:40:13 [INFO] System metrics updated.
2026-09-06 11:40:18 [INFO] System metrics updated.
2026-09-06 11:40:18 [INFO] System metrics updated.
2026-09-06 11:40:18 [INFO] System metrics updated.
2026-09-06 11:40:23 [INFO] System metrics updated.
2026-09-06 11:40:23 [INFO] System metrics updated.
2026-09-06 11:40:23 [INFO] System metrics updated.
2026-09-06 11:40:28 [INFO] System metrics updated.
2026-09-06 11:40:28 [INFO] System metrics updated.
2026-09-06 11:40:28 [INFO] System metrics updated.
2026-09-06 11:40:33 [INFO] System metrics updated.
2026-09-06 11:40:33 [INFO] System metrics updated.
2026-09-06 11:40:33 [INFO] System metrics updated.
2026-09-06 11:40:38 [INFO] System metrics updated.
2026-09-06 11:40:38 [INFO] System metrics updated.
2026-09-06 11:40:38 [INFO] System metrics updated.
2026-09-06 11:40:43 [INFO] Scanning file directories...
2026-09-06 11:40:43 [INFO] Scanning file directories...
2026-09-06 11:40:43 [INFO] Scanning file directories...
2026-09-06 11:40:43 [INFO] Local files found: 0
2026-09-06 11:40:43 [INFO] Local files found: 0
2026-09-06 11:40:43 [INFO] Local files found: 0
2026-09-06 11:40:43 [INFO] Remote files found: 0
2026-09-06 11:40:43 [INFO] Remote files found: 0
2026-09-06 11:40:43 [INFO] Remote files found: 0
2026-09-06 11:40:43 [INFO] System metrics updated.
2026-09-06 11:40:43 [INFO] System metrics updated.
2026-09-06 11:40:43 [INFO] System metrics updated.
2026-09-06 11:40:48 [INFO] System metrics updated.
2026-09-06 11:40:48 [INFO] System metrics updated.
2026-09-06 11:40:48 [INFO] System metrics updated.
2026-09-06 11:40:53 [INFO] System metrics updated.
2026-09-06 11:40:53 [INFO] System metrics updated.
2026-09-06 11:40:53 [INFO] System metrics updated.
2026-09-06 11:40:58 [INFO] System metrics updated.
2026-09-06 11:40:58 [INFO] System metrics updated.
2026-09-06 11:40:58 [INFO] System metrics updated.
2026-09-06 11:41:03 [INFO] System metrics updated.
2026-09-06 11:41:03 [INFO] System metrics updated.
2026-09-06 11:41:03 [INFO] System metrics updated.
2026-09-06 11:41:08 [INFO] System metrics updated.
2026-09-06 11:41:08 [INFO] System metrics updated.
2026-09-06 11:41:08 [INFO] System metrics updated.
2026-09-06 11:41:13 [INFO] Scanning file directories...
2026-09-06 11:41:13 [INFO] Scanning file directories...
2026-09-06 11:41:13 [INFO] Scanning file directories...
2026-09-06 11:41:13 [INFO] Local files found: 0
2026-09-06 11:41:13 [INFO] Local files found: 0
2026-09-06 11:41:13 [INFO] Local files found: 0
2026-09-06 11:41:13 [INFO] Remote files found: 0
2026-09-06 11:41:13 [INFO] Remote files found: 0
2026-09-06 11:41:13 [INFO] Remote files found: 0
2026-09-06 11:41:13 [INFO] System metrics updated.
2026-09-06 11:41:13 [INFO] System metrics updated.
2026-09-06 11:41:13 [INFO] System metrics updated.
2026-09-06 11:41:18 [INFO] System metrics updated.
2026-09-06 11:41:18 [INFO] System metrics updated.
2026-09-06 11:41:18 [INFO] System metrics updated.
2026-09-06 11:41:23 [INFO] System metrics updated.
2026-09-06 11:41:23 [INFO] System metrics updated.
2026-09-06 11:41:23 [INFO] System metrics updated.
2026-09-06 11:41:28 [INFO] System metrics updated.
2026-09-06 11:41:28 [INFO] System metrics updated.
2026-09-06 11:41:28 [INFO] System metrics updated.
2026-09-06 11:41:33 [INFO] System metrics updated.
2026-09-06 11:41:33 [INFO] System metrics updated.
2026-09-06 11:41:33 [INFO] System metrics updated.
2026-09-06 11:41:38 [INFO] System metrics updated.
2026-09-06 11:41:38 [INFO] System metrics updated.
2026-09-06 11:41:38 [INFO] System metrics updated.
2026-09-06 11:41:43 [INFO] Scanning file directories...
2026-09-06 11:41:43 [INFO] Scanning file directories...
2026-09-06 11:41:43 [INFO] Scanning file directories...
2026-09-06 11:41:43 [INFO] Local files found: 0
2026-09-06 11:41:43 [INFO] Local files found: 0
2026-09-06 11:41:43 [INFO] Local files found: 0
2026-09-06 11:41:43 [INFO] Remote files found: 0
2026-09-06 11:41:43 [INFO] Remote files found: 0
2026-09-06 11:41:43 [INFO] Remote files found: 0
2026-09-06 11:41:43 [INFO] System metrics updated.
2026-09-06 11:41:43 [INFO] System metrics updated.
2026-09-06 11:41:43 [INFO] System metrics updated.
2026-09-06 11:41:48 [INFO] System metrics updated.
2026-09-06 11:41:48 [INFO] System metrics updated.
2026-09-06 11:41:48 [INFO] System metrics updated.
2026-09-06 11:41:53 [INFO] System metrics updated.
2026-09-06 11:41:53 [INFO] System metrics updated.
2026-09-06 11:41:53 [INFO] System metrics updated.
2026-09-06 11:41:58 [INFO] System metrics updated.
2026-09-06 11:41:58 [INFO] System metrics updated.
2026-09-06 11:41:58 [INFO] System metrics updated.
2026-09-06 11:42:03 [INFO] System metrics updated.
2026-09-06 11:42:03 [INFO] System metrics updated.
2026-09-06 11:42:03 [INFO] System metrics updated.
2026-09-06 11:42:08 [INFO] System metrics updated.
2026-09-06 11:42:08 [INFO] System metrics updated.
2026-09-06 11:42:08 [INFO] System metrics updated.
2026-09-06 11:42:13 [INFO] Scanning file directories...
2026-09-06 11:42:13 [INFO] Scanning file directories...
2026-09-06 11:42:13 [INFO] Scanning file directories...
2026-09-06 11:42:13 [INFO] Local files found: 0
2026-09-06 11:42:13 [INFO] Local files found: 0
2026-09-06 11:42:13 [INFO] Local files found: 0
2026-09-06 11:42:13 [INFO] Remote files found: 0
2026-09-06 11:42:13 [INFO] Remote files found: 0
2026-09-06 11:42:13 [INFO] Remote files found: 0
2026-09-06 11:42:13 [INFO] System metrics updated.
2026-09-06 11:42:13 [INFO] System metrics updated.
2026-09-06 11:42:13 [INFO] System metrics updated.
2026-09-06 11:42:18 [INFO] System metrics updated.
2026-09-06 11:42:18 [INFO] System metrics updated.
2026-09-06 11:42:18 [INFO] System metrics updated.
2026-09-06 11:42:23 [INFO] System metrics updated.
2026-09-06 11:42:23 [INFO] System metrics updated.
2026-09-06 11:42:23 [INFO] System metrics updated.
2026-09-06 11:42:28 [INFO] System metrics updated.
2026-09-06 11:42:28 [INFO] System metrics updated.
2026-09-06 11:42:28 [INFO] System metrics updated.
2026-09-06 11:42:33 [INFO] System metrics updated.
2026-09-06 11:42:33 [INFO] System metrics updated.
2026-09-06 11:42:33 [INFO] System metrics updated.
2026-09-06 11:42:38 [INFO] System metrics updated.
2026-09-06 11:42:38 [INFO] System metrics updated.
2026-09-06 11:42:38 [INFO] System metrics updated.
2026-09-06 11:42:43 [INFO] Scanning file directories...
2026-09-06 11:42:43 [INFO] Scanning file directories...
2026-09-06 11:42:43 [INFO] Scanning file directories...
2026-09-06 11:42:43 [INFO] Local files found: 0
2026-09-06 11:42:43 [INFO] Local files found: 0
2026-09-06 11:42:43 [INFO] Local files found: 0
2026-09-06 11:42:43 [INFO] Remote files found: 0
2026-09-06 11:42:43 [INFO] Remote files found: 0
2026-09-06 11:42:43 [INFO] Remote files found: 0
2026-09-06 11:42:43 [INFO] System metrics updated.
2026-09-06 11:42:43 [INFO] System metrics updated.
2026-09-06 11:42:43 [INFO] System metrics updated.
2026-09-06 11:42:48 [INFO] System metrics updated.
2026-09-06 11:42:48 [INFO] System metrics updated.
2026-09-06 11:42:48 [INFO] System metrics updated.
2026-09-06 11:42:53 [INFO] System metrics updated.
2026-09-06 11:42:53 [INFO] System metrics updated.
2026-09-06 11:42:53 [INFO] System metrics updated.
2026-09-06 11:42:58 [INFO] System metrics updated.
2026-09-06 11:42:58 [INFO] System metrics updated.
2026-09-06 11:42:58 [INFO] System metrics updated.
2026-09-06 11:43:03 [INFO] System metrics updated.
2026-09-06 11:43:03 [INFO] System metrics updated.
2026-09-06 11:43:03 [INFO] System metrics updated.
2026-09-06 11:43:08 [INFO] System metrics updated.
2026-09-06 11:43:08 [INFO] System metrics updated.
2026-09-06 11:43:08 [INFO] System metrics updated.
2026-09-06 11:43:13 [INFO] Scanning file directories...
2026-09-06 11:43:13 [INFO] Scanning file directories...
2026-09-06 11:43:13 [INFO] Scanning file directories...
2026-09-06 11:43:13 [INFO] Local files found: 0
2026-09-06 11:43:13 [INFO] Local files found: 0
2026-09-06 11:43:13 [INFO] Local files found: 0
2026-09-06 11:43:13 [INFO] Remote files found: 0
2026-09-06 11:43:13 [INFO] Remote files found: 0
2026-09-06 11:43:13 [INFO] Remote files found: 0
2026-09-06 11:43:13 [INFO] System metrics updated.
2026-09-06 11:43:13 [INFO] System metrics updated.
2026-09-06 11:43:13 [INFO] System metrics updated.
2026-09-06 11:43:18 [INFO] System metrics updated.
2026-09-06 11:43:18 [INFO] System metrics updated.
2026-09-06 11:43:18 [INFO] System metrics updated.
2026-09-06 11:43:23 [INFO] System metrics updated.
2026-09-06 11:43:23 [INFO] System metrics updated.
2026-09-06 11:43:23 [INFO] System metrics updated.
2026-09-06 11:43:28 [INFO] System metrics updated.
2026-09-06 11:43:28 [INFO] System metrics updated.
2026-09-06 11:43:28 [INFO] System metrics updated.
2026-09-06 11:43:33 [INFO] System metrics updated.
2026-09-06 11:43:33 [INFO] System metrics updated.
2026-09-06 11:43:33 [INFO] System metrics updated.
2026-09-06 11:43:38 [INFO] System metrics updated.
2026-09-06 11:43:38 [INFO] System metrics updated.
2026-09-06 11:43:38 [INFO] System metrics updated.
2026-09-06 11:43:43 [INFO] Scanning file directories...
2026-09-06 11:43:43 [INFO] Scanning file directories...
2026-09-06 11:43:43 [INFO] Scanning file directories...
2026-09-06 11:43:43 [INFO] Local files found: 0
2026-09-06 11:43:43 [INFO] Local files found: 0
2026-09-06 11:43:43 [INFO] Local files found: 0
2026-09-06 11:43:43 [INFO] Remote files found: 0
2026-09-06 11:43:43 [INFO] Remote files found: 0
2026-09-06 11:43:43 [INFO] Remote files found: 0
2026-09-06 11:43:43 [INFO] System metrics updated.
2026-09-06 11:43:43 [INFO] System metrics updated.
2026-09-06 11:43:43 [INFO] System metrics updated.
2026-09-06 11:43:48 [INFO] System metrics updated.
2026-09-06 11:43:48 [INFO] System metrics updated.
2026-09-06 11:43:48 [INFO] System metrics updated.
2026-09-06 11:43:53 [INFO] System metrics updated.
2026-09-06 11:43:53 [INFO] System metrics updated.
2026-09-06 11:43:53 [INFO] System metrics updated.
2026-09-06 11:43:58 [INFO] System metrics updated.
2026-09-06 11:43:58 [INFO] System metrics updated.
2026-09-06 11:43:58 [INFO] System metrics updated.
2026-09-06 11:44:03 [INFO] System metrics updated.
2026-09-06 11:44:03 [INFO] System metrics updated.
2026-09-06 11:44:03 [INFO] System metrics updated.
2026-09-06 11:44:08 [INFO] System metrics updated.
2026-09-06 11:44:08 [INFO] System metrics updated.
2026-09-06 11:44:08 [INFO] System metrics updated.
2026-09-06 11:44:13 [INFO] Scanning file directories...
2026-09-06 11:44:13 [INFO] Scanning file directories...
2026-09-06 11:44:13 [INFO] Scanning file directories...
2026-09-06 11:44:13 [INFO] Local files found: 0
2026-09-06 11:44:13 [INFO] Local files found: 0
2026-09-06 11:44:13 [INFO] Local files found: 0
2026-09-06 11:44:13 [INFO] Remote files found: 0
2026-09-06 11:44:13 [INFO] Remote files found: 0
2026-09-06 11:44:13 [INFO] Remote files found: 0
2026-09-06 11:44:13 [INFO] System metrics updated.
2026-09-06 11:44:13 [INFO] System metrics updated.
2026-09-06 11:44:13 [INFO] System metrics updated.
2026-09-06 11:44:18 [INFO] System metrics updated.
2026-09-06 11:44:18 [INFO] System metrics updated.
2026-09-06 11:44:18 [INFO] System metrics updated.
2026-09-06 11:44:23 [INFO] System metrics updated.
2026-09-06 11:44:23 [INFO] System metrics updated.
2026-09-06 11:44:23 [INFO] System metrics updated.
2026-09-06 11:44:28 [INFO] System metrics updated.
2026-09-06 11:44:28 [INFO] System metrics updated.
2026-09-06 11:44:28 [INFO] System metrics updated.
2026-09-06 11:44:33 [INFO] System metrics updated.
2026-09-06 11:44:33 [INFO] System metrics updated.
2026-09-06 11:44:33 [INFO] System metrics updated.
2026-09-06 11:44:38 [INFO] System metrics updated.
2026-09-06 11:44:38 [INFO] System metrics updated.
2026-09-06 11:44:38 [INFO] System metrics updated.
2026-09-06 11:44:43 [INFO] Scanning file directories...
2026-09-06 11:44:43 [INFO] Scanning file directories...
2026-09-06 11:44:43 [INFO] Scanning file directories...
2026-09-06 11:44:43 [INFO] Local files found: 0
2026-09-06 11:44:43 [INFO] Local files found: 0
2026-09-06 11:44:43 [INFO] Local files found: 0
2026-09-06 11:44:43 [INFO] Remote files found: 0
2026-09-06 11:44:43 [INFO] Remote files found: 0
2026-09-06 11:44:43 [INFO] Remote files found: 0
2026-09-06 11:44:43 [INFO] System metrics updated.
2026-09-06 11:44:43 [INFO] System metrics updated.
2026-09-06 11:44:43 [INFO] System metrics updated.
2026-09-06 11:44:48 [INFO] System metrics updated.
2026-09-06 11:44:48 [INFO] System metrics updated.
2026-09-06 11:44:48 [INFO] System metrics updated.
2026-09-06 11:44:53 [INFO] System metrics updated.
2026-09-06 11:44:53 [INFO] System metrics updated.
2026-09-06 11:44:53 [INFO] System metrics updated.
2026-09-06 11:44:58 [INFO] System metrics updated.
2026-09-06 11:44:58 [INFO] System metrics updated.
2026-09-06 11:44:58 [INFO] System metrics updated.
2026-09-06 11:45:03 [INFO] System metrics updated.
2026-09-06 11:45:03 [INFO] System metrics updated.
2026-09-06 11:45:03 [INFO] System metrics updated.
2026-09-06 11:45:08 [INFO] System metrics updated.
2026-09-06 11:45:08 [INFO] System metrics updated.
2026-09-06 11:45:08 [INFO] System metrics updated.
2026-09-06 11:45:13 [INFO] Scanning file directories...
2026-09-06 11:45:13 [INFO] Scanning file directories...
2026-09-06 11:45:13 [INFO] Scanning file directories...
2026-09-06 11:45:13 [INFO] Local files found: 0
2026-09-06 11:45:13 [INFO] Local files found: 0
2026-09-06 11:45:13 [INFO] Local files found: 0
2026-09-06 11:45:13 [INFO] Remote files found: 0
2026-09-06 11:45:13 [INFO] Remote files found: 0
2026-09-06 11:45:13 [INFO] Remote files found: 0
2026-09-06 11:45:13 [INFO] System metrics updated.
2026-09-06 11:45:13 [INFO] System metrics updated.
2026-09-06 11:45:13 [INFO] System metrics updated.
2026-09-06 11:45:18 [INFO] System metrics updated.
2026-09-06 11:45:18 [INFO] System metrics updated.
2026-09-06 11:45:18 [INFO] System metrics updated.
2026-09-06 11:45:23 [INFO] System metrics updated.
2026-09-06 11:45:23 [INFO] System metrics updated.
2026-09-06 11:45:23 [INFO] System metrics updated.
2026-09-06 11:45:28 [INFO] System metrics updated.
2026-09-06 11:45:28 [INFO] System metrics updated.
2026-09-06 11:45:28 [INFO] System metrics updated.
2026-09-06 11:45:33 [INFO] System metrics updated.
2026-09-06 11:45:33 [INFO] System metrics updated.
2026-09-06 11:45:33 [INFO] System metrics updated.
2026-09-06 11:45:38 [INFO] System metrics updated.
2026-09-06 11:45:38 [INFO] System metrics updated.
2026-09-06 11:45:38 [INFO] System metrics updated.
2026-09-06 11:45:43 [INFO] Scanning file directories...
2026-09-06 11:45:43 [INFO] Scanning file directories...
2026-09-06 11:45:43 [INFO] Scanning file directories...
2026-09-06 11:45:43 [INFO] Local files found: 0
2026-09-06 11:45:43 [INFO] Local files found: 0
2026-09-06 11:45:43 [INFO] Local files found: 0
2026-09-06 11:45:43 [INFO] Remote files found: 0
2026-09-06 11:45:43 [INFO] Remote files found: 0
2026-09-06 11:45:43 [INFO] Remote files found: 0
2026-09-06 11:45:43 [INFO] System metrics updated.
2026-09-06 11:45:43 [INFO] System metrics updated.
2026-09-06 11:45:43 [INFO] System metrics updated.
2026-09-06 11:45:48 [INFO] System metrics updated.
2026-09-06 11:45:48 [INFO] System metrics updated.
2026-09-06 11:45:48 [INFO] System metrics updated.
2026-09-06 11:45:53 [INFO] System metrics updated.
2026-09-06 11:45:53 [INFO] System metrics updated.
2026-09-06 11:45:53 [INFO] System metrics updated.
2026-09-06 11:45:58 [INFO] System metrics updated.
2026-09-06 11:45:58 [INFO] System metrics updated.
2026-09-06 11:45:58 [INFO] System metrics updated.
2026-09-06 11:46:03 [INFO] System metrics updated.
2026-09-06 11:46:03 [INFO] System metrics updated.
2026-09-06 11:46:03 [INFO] System metrics updated.
2026-09-06 11:46:08 [INFO] System metrics updated.
2026-09-06 11:46:08 [INFO] System metrics updated.
2026-09-06 11:46:08 [INFO] System metrics updated.
2026-09-06 11:46:13 [INFO] Scanning file directories...
2026-09-06 11:46:13 [INFO] Scanning file directories...
2026-09-06 11:46:13 [INFO] Scanning file directories...
2026-09-06 11:46:13 [INFO] Local files found: 0
2026-09-06 11:46:13 [INFO] Local files found: 0
2026-09-06 11:46:13 [INFO] Local files found: 0
2026-09-06 11:46:13 [INFO] Remote files found: 0
2026-09-06 11:46:13 [INFO] Remote files found: 0
2026-09-06 11:46:13 [INFO] Remote files found: 0
2026-09-06 11:46:13 [INFO] System metrics updated.
2026-09-06 11:46:13 [INFO] System metrics updated.
2026-09-06 11:46:13 [INFO] System metrics updated.
2026-09-06 11:46:18 [INFO] System metrics updated.
2026-09-06 11:46:18 [INFO] System metrics updated.
2026-09-06 11:46:18 [INFO] System metrics updated.
2026-09-06 11:46:23 [INFO] System metrics updated.
2026-09-06 11:46:23 [INFO] System metrics updated.
2026-09-06 11:46:23 [INFO] System metrics updated.
2026-09-06 11:46:28 [INFO] System metrics updated.
2026-09-06 11:46:28 [INFO] System metrics updated.
2026-09-06 11:46:28 [INFO] System metrics updated.
2026-09-06 11:46:33 [INFO] System metrics updated.
2026-09-06 11:46:33 [INFO] System metrics updated.
2026-09-06 11:46:33 [INFO] System metrics updated.
2026-09-06 11:46:38 [INFO] System metrics updated.
2026-09-06 11:46:38 [INFO] System metrics updated.
2026-09-06 11:46:38 [INFO] System metrics updated.
2026-09-06 11:46:43 [INFO] Scanning file directories...
2026-09-06 11:46:43 [INFO] Scanning file directories...
2026-09-06 11:46:43 [INFO] Scanning file directories...
2026-09-06 11:46:43 [INFO] Local files found: 0
2026-09-06 11:46:43 [INFO] Local files found: 0
2026-09-06 11:46:43 [INFO] Local files found: 0
2026-09-06 11:46:43 [INFO] Remote files found: 0
2026-09-06 11:46:43 [INFO] Remote files found: 0
2026-09-06 11:46:43 [INFO] Remote files found: 0
2026-09-06 11:46:43 [INFO] System metrics updated.
2026-09-06 11:46:43 [INFO] System metrics updated.
2026-09-06 11:46:43 [INFO] System metrics updated.
2026-09-06 11:46:48 [INFO] System metrics updated.
2026-09-06 11:46:48 [INFO] System metrics updated.
2026-09-06 11:46:48 [INFO] System metrics updated.
2026-09-06 11:46:53 [INFO] System metrics updated.
2026-09-06 11:46:53 [INFO] System metrics updated.
2026-09-06 11:46:53 [INFO] System metrics updated.
2026-09-06 11:46:58 [INFO] System metrics updated.
2026-09-06 11:46:58 [INFO] System metrics updated.
2026-09-06 11:46:58 [INFO] System metrics updated.
2026-09-06 11:47:03 [INFO] System metrics updated.
2026-09-06 11:47:03 [INFO] System metrics updated.
2026-09-06 11:47:03 [INFO] System metrics updated.
2026-09-06 11:47:08 [INFO] System metrics updated.
2026-09-06 11:47:08 [INFO] System metrics updated.
2026-09-06 11:47:08 [INFO] System metrics updated.
2026-09-06 11:47:13 [INFO] Scanning file directories...
2026-09-06 11:47:13 [INFO] Scanning file directories...
2026-09-06 11:47:13 [INFO] Scanning file directories...
2026-09-06 11:47:13 [INFO] Local files found: 0
2026-09-06 11:47:13 [INFO] Local files found: 0
2026-09-06 11:47:13 [INFO] Local files found: 0
2026-09-06 11:47:13 [INFO] Remote files found: 0
2026-09-06 11:47:13 [INFO] Remote files found: 0
2026-09-06 11:47:13 [INFO] Remote files found: 0
2026-09-06 11:47:13 [INFO] System metrics updated.
2026-09-06 11:47:13 [INFO] System metrics updated.
2026-09-06 11:47:13 [INFO] System metrics updated.
2026-09-06 11:47:18 [INFO] System metrics updated.
2026-09-06 11:47:18 [INFO] System metrics updated.
2026-09-06 11:47:18 [INFO] System metrics updated.
2026-09-06 11:47:23 [INFO] System metrics updated.
2026-09-06 11:47:23 [INFO] System metrics updated.
2026-09-06 11:47:23 [INFO] System metrics updated.
2026-09-06 11:47:28 [INFO] System metrics updated.
2026-09-06 11:47:28 [INFO] System metrics updated.
2026-09-06 11:47:28 [INFO] System metrics updated.
2026-09-06 11:47:33 [INFO] System metrics updated.
2026-09-06 11:47:33 [INFO] System metrics updated.
2026-09-06 11:47:33 [INFO] System metrics updated.
2026-09-06 11:47:38 [INFO] System metrics updated.
2026-09-06 11:47:38 [INFO] System metrics updated.
2026-09-06 11:47:38 [INFO] System metrics updated.
2026-09-06 11:47:43 [INFO] Scanning file directories...
2026-09-06 11:47:43 [INFO] Scanning file directories...
2026-09-06 11:47:43 [INFO] Scanning file directories...
2026-09-06 11:47:43 [INFO] Local files found: 0
2026-09-06 11:47:43 [INFO] Local files found: 0
2026-09-06 11:47:43 [INFO] Local files found: 0
2026-09-06 11:47:43 [INFO] Remote files found: 0
2026-09-06 11:47:43 [INFO] Remote files found: 0
2026-09-06 11:47:43 [INFO] Remote files found: 0
2026-09-06 11:47:43 [INFO] System metrics updated.
2026-09-06 11:47:43 [INFO] System metrics updated.
2026-09-06 11:47:43 [INFO] System metrics updated.
2026-09-06 11:47:48 [INFO] System metrics updated.
2026-09-06 11:47:48 [INFO] System metrics updated.
2026-09-06 11:47:48 [INFO] System metrics updated.
2026-09-06 11:47:53 [INFO] System metrics updated.
2026-09-06 11:47:53 [INFO] System metrics updated.
2026-09-06 11:47:53 [INFO] System metrics updated.
2026-09-06 11:47:58 [INFO] System metrics updated.
2026-09-06 11:47:58 [INFO] System metrics updated.
2026-09-06 11:47:58 [INFO] System metrics updated.
2026-09-06 11:48:03 [INFO] System metrics updated.
2026-09-06 11:48:03 [INFO] System metrics updated.
2026-09-06 11:48:03 [INFO] System metrics updated.
2026-09-06 11:48:08 [INFO] System metrics updated.
2026-09-06 11:48:08 [INFO] System metrics updated.
2026-09-06 11:48:08 [INFO] System metrics updated.
2026-09-06 11:48:13 [INFO] Scanning file directories...
2026-09-06 11:48:13 [INFO] Scanning file directories...
2026-09-06 11:48:13 [INFO] Scanning file directories...
2026-09-06 11:48:13 [INFO] Local files found: 0
2026-09-06 11:48:13 [INFO] Local files found: 0
2026-09-06 11:48:13 [INFO] Local files found: 0
2026-09-06 11:48:13 [INFO] Remote files found: 0
2026-09-06 11:48:13 [INFO] Remote files found: 0
2026-09-06 11:48:13 [INFO] Remote files found: 0
2026-09-06 11:48:13 [INFO] System metrics updated.
2026-09-06 11:48:13 [INFO] System metrics updated.
2026-09-06 11:48:13 [INFO] System metrics updated.
2026-09-06 11:48:18 [INFO] System metrics updated.
2026-09-06 11:48:18 [INFO] System metrics updated.
2026-09-06 11:48:18 [INFO] System metrics updated.
2026-09-06 11:48:23 [INFO] System metrics updated.
2026-09-06 11:48:23 [INFO] System metrics updated.
2026-09-06 11:48:23 [INFO] System metrics updated.
2026-09-06 11:48:28 [INFO] System metrics updated.
2026-09-06 11:48:28 [INFO] System metrics updated.
2026-09-06 11:48:28 [INFO] System metrics updated.
2026-09-06 11:48:33 [INFO] System metrics updated.
2026-09-06 11:48:33 [INFO] System metrics updated.
2026-09-06 11:48:33 [INFO] System metrics updated.
2026-09-06 11:48:38 [INFO] System metrics updated.
2026-09-06 11:48:38 [INFO] System metrics updated.
2026-09-06 11:48:38 [INFO] System metrics updated.
2026-09-06 11:48:43 [INFO] Scanning file directories...
2026-09-06 11:48:43 [INFO] Scanning file directories...
2026-09-06 11:48:43 [INFO] Scanning file directories...
2026-09-06 11:48:43 [INFO] Local files found: 0
2026-09-06 11:48:43 [INFO] Local files found: 0
2026-09-06 11:48:43 [INFO] Local files found: 0
2026-09-06 11:48:43 [INFO] Remote files found: 0
2026-09-06 11:48:43 [INFO] Remote files found: 0
2026-09-06 11:48:43 [INFO] Remote files found: 0
2026-09-06 11:48:43 [INFO] System metrics updated.
2026-09-06 11:48:43 [INFO] System metrics updated.
2026-09-06 11:48:43 [INFO] System metrics updated.
2026-09-06 11:48:48 [INFO] System metrics updated.
2026-09-06 11:48:48 [INFO] System metrics updated.
2026-09-06 11:48:48 [INFO] System metrics updated.
2026-09-06 11:48:53 [INFO] System metrics updated.
2026-09-06 11:48:53 [INFO] System metrics updated.
2026-09-06 11:48:53 [INFO] System metrics updated.
2026-09-06 11:48:58 [INFO] System metrics updated.
2026-09-06 11:48:58 [INFO] System metrics updated.
2026-09-06 11:48:58 [INFO] System metrics updated.
2026-09-06 11:49:03 [INFO] System metrics updated.
2026-09-06 11:49:03 [INFO] System metrics updated.
2026-09-06 11:49:03 [INFO] System metrics updated.
2026-09-06 11:49:08 [INFO] System metrics updated.
2026-09-06 11:49:08 [INFO] System metrics updated.
2026-09-06 11:49:08 [INFO] System metrics updated.
2026-09-06 11:49:13 [INFO] Scanning file directories...
2026-09-06 11:49:13 [INFO] Scanning file directories...
2026-09-06 11:49:13 [INFO] Scanning file directories...
2026-09-06 11:49:13 [INFO] Local files found: 0
2026-09-06 11:49:13 [INFO] Local files found: 0
2026-09-06 11:49:13 [INFO] Local files found: 0
2026-09-06 11:49:13 [INFO] Remote files found: 0
2026-09-06 11:49:13 [INFO] Remote files found: 0
2026-09-06 11:49:13 [INFO] Remote files found: 0
2026-09-06 11:49:13 [INFO] System metrics updated.
2026-09-06 11:49:13 [INFO] System metrics updated.
2026-09-06 11:49:13 [INFO] System metrics updated.
2026-09-06 11:49:18 [INFO] System metrics updated.
2026-09-06 11:49:18 [INFO] System metrics updated.
2026-09-06 11:49:18 [INFO] System metrics updated.
2026-09-06 11:49:23 [INFO] System metrics updated.
2026-09-06 11:49:23 [INFO] System metrics updated.
2026-09-06 11:49:23 [INFO] System metrics updated.
2026-09-06 11:49:28 [INFO] System metrics updated.
2026-09-06 11:49:28 [INFO] System metrics updated.
2026-09-06 11:49:28 [INFO] System metrics updated.
2026-09-06 11:49:33 [INFO] System metrics updated.
2026-09-06 11:49:33 [INFO] System metrics updated.
2026-09-06 11:49:33 [INFO] System metrics updated.
2026-09-06 11:49:38 [INFO] System metrics updated.
2026-09-06 11:49:38 [INFO] System metrics updated.
2026-09-06 11:49:38 [INFO] System metrics updated.
2026-09-06 11:49:43 [INFO] Scanning file directories...
2026-09-06 11:49:43 [INFO] Scanning file directories...
2026-09-06 11:49:43 [INFO] Scanning file directories...
2026-09-06 11:49:43 [INFO] Local files found: 0
2026-09-06 11:49:43 [INFO] Local files found: 0
2026-09-06 11:49:43 [INFO] Local files found: 0
2026-09-06 11:49:43 [INFO] Remote files found: 0
2026-09-06 11:49:43 [INFO] Remote files found: 0
2026-09-06 11:49:43 [INFO] Remote files found: 0
2026-09-06 11:49:43 [INFO] System metrics updated.
2026-09-06 11:49:43 [INFO] System metrics updated.
2026-09-06 11:49:43 [INFO] System metrics updated.
2026-09-06 11:49:48 [INFO] System metrics updated.
2026-09-06 11:49:48 [INFO] System metrics updated.
2026-09-06 11:49:48 [INFO] System metrics updated.
2026-09-06 11:49:54 [INFO] System metrics updated.
2026-09-06 11:49:54 [INFO] System metrics updated.
2026-09-06 11:49:54 [INFO] System metrics updated.
2026-09-06 11:49:59 [INFO] System metrics updated.
2026-09-06 11:49:59 [INFO] System metrics updated.
2026-09-06 11:49:59 [INFO] System metrics updated.
2026-09-06 11:50:04 [INFO] System metrics updated.
2026-09-06 11:50:04 [INFO] System metrics updated.
2026-09-06 11:50:04 [INFO] System metrics updated.
2026-09-06 11:50:09 [INFO] System metrics updated.
2026-09-06 11:50:09 [INFO] System metrics updated.
2026-09-06 11:50:09 [INFO] System metrics updated.
2026-09-06 11:50:13 [INFO] Scanning file directories...
2026-09-06 11:50:13 [INFO] Scanning file directories...
2026-09-06 11:50:13 [INFO] Scanning file directories...
2026-09-06 11:50:13 [INFO] Local files found: 0
2026-09-06 11:50:13 [INFO] Local files found: 0
2026-09-06 11:50:13 [INFO] Local files found: 0
2026-09-06 11:50:13 [INFO] Remote files found: 0
2026-09-06 11:50:13 [INFO] Remote files found: 0
2026-09-06 11:50:13 [INFO] Remote files found: 0
2026-09-06 11:50:14 [INFO] System metrics updated.
2026-09-06 11:50:14 [INFO] System metrics updated.
2026-09-06 11:50:14 [INFO] System metrics updated.
2026-09-06 11:50:19 [INFO] System metrics updated.
2026-09-06 11:50:19 [INFO] System metrics updated.
2026-09-06 11:50:19 [INFO] System metrics updated.
2026-09-06 11:50:24 [INFO] System metrics updated.
2026-09-06 11:50:24 [INFO] System metrics updated.
2026-09-06 11:50:24 [INFO] System metrics updated.
2026-09-06 11:50:29 [INFO] System metrics updated.
2026-09-06 11:50:29 [INFO] System metrics updated.
2026-09-06 11:50:29 [INFO] System metrics updated.
2026-09-06 11:50:34 [INFO] System metrics updated.
2026-09-06 11:50:34 [INFO] System metrics updated.
2026-09-06 11:50:34 [INFO] System metrics updated.
2026-09-06 11:50:39 [INFO] System metrics updated.
2026-09-06 11:50:39 [INFO] System metrics updated.
2026-09-06 11:50:39 [INFO] System metrics updated.
2026-09-06 11:50:43 [INFO] Scanning file directories...
2026-09-06 11:50:43 [INFO] Scanning file directories...
2026-09-06 11:50:43 [INFO] Scanning file directories...
2026-09-06 11:50:43 [INFO] Local files found: 0
2026-09-06 11:50:43 [INFO] Local files found: 0
2026-09-06 11:50:43 [INFO] Local files found: 0
2026-09-06 11:50:43 [INFO] Remote files found: 0
2026-09-06 11:50:43 [INFO] Remote files found: 0
2026-09-06 11:50:43 [INFO] Remote files found: 0
2026-09-06 11:50:44 [INFO] System metrics updated.
2026-09-06 11:50:44 [INFO] System metrics updated.
2026-09-06 11:50:44 [INFO] System metrics updated.
2026-09-06 11:50:49 [INFO] System metrics updated.
2026-09-06 11:50:49 [INFO] System metrics updated.
2026-09-06 11:50:49 [INFO] System metrics updated.
2026-09-06 11:50:54 [INFO] System metrics updated.
2026-09-06 11:50:54 [INFO] System metrics updated.
2026-09-06 11:50:54 [INFO] System metrics updated.
2026-09-06 11:50:59 [INFO] System metrics updated.
2026-09-06 11:50:59 [INFO] System metrics updated.
2026-09-06 11:50:59 [INFO] System metrics updated.
2026-09-06 11:51:04 [INFO] System metrics updated.
2026-09-06 11:51:04 [INFO] System metrics updated.
2026-09-06 11:51:04 [INFO] System metrics updated.
2026-09-06 11:51:09 [INFO] System metrics updated.
2026-09-06 11:51:09 [INFO] System metrics updated.
2026-09-06 11:51:09 [INFO] System metrics updated.
2026-09-06 11:51:13 [INFO] Scanning file directories...
2026-09-06 11:51:13 [INFO] Scanning file directories...
2026-09-06 11:51:13 [INFO] Scanning file directories...
2026-09-06 11:51:13 [INFO] Local files found: 0
2026-09-06 11:51:13 [INFO] Local files found: 0
2026-09-06 11:51:13 [INFO] Local files found: 0
2026-09-06 11:51:13 [INFO] Remote files found: 0
2026-09-06 11:51:13 [INFO] Remote files found: 0
2026-09-06 11:51:13 [INFO] Remote files found: 0
2026-09-06 11:51:14 [INFO] System metrics updated.
2026-09-06 11:51:14 [INFO] System metrics updated.
2026-09-06 11:51:14 [INFO] System metrics updated.
2026-09-06 11:51:19 [INFO] System metrics updated.
2026-09-06 11:51:19 [INFO] System metrics updated.
2026-09-06 11:51:19 [INFO] System metrics updated.
2026-09-06 11:51:24 [INFO] System metrics updated.
2026-09-06 11:51:24 [INFO] System metrics updated.
2026-09-06 11:51:24 [INFO] System metrics updated.
2026-09-06 11:51:29 [INFO] System metrics updated.
2026-09-06 11:51:29 [INFO] System metrics updated.
2026-09-06 11:51:29 [INFO] System metrics updated.
2026-09-06 11:51:34 [INFO] System metrics updated.
2026-09-06 11:51:34 [INFO] System metrics updated.
2026-09-06 11:51:34 [INFO] System metrics updated.
2026-09-06 11:51:39 [INFO] System metrics updated.
2026-09-06 11:51:39 [INFO] System metrics updated.
2026-09-06 11:51:39 [INFO] System metrics updated.
2026-09-06 11:51:43 [INFO] Scanning file directories...
2026-09-06 11:51:43 [INFO] Scanning file directories...
2026-09-06 11:51:43 [INFO] Scanning file directories...
2026-09-06 11:51:43 [INFO] Local files found: 0
2026-09-06 11:51:43 [INFO] Local files found: 0
2026-09-06 11:51:43 [INFO] Local files found: 0
2026-09-06 11:51:43 [INFO] Remote files found: 0
2026-09-06 11:51:43 [INFO] Remote files found: 0
2026-09-06 11:51:43 [INFO] Remote files found: 0
2026-09-06 11:51:44 [INFO] System metrics updated.
2026-09-06 11:51:44 [INFO] System metrics updated.
2026-09-06 11:51:44 [INFO] System metrics updated.
2026-09-06 11:51:49 [INFO] System metrics updated.
2026-09-06 11:51:49 [INFO] System metrics updated.
2026-09-06 11:51:49 [INFO] System metrics updated.
2026-09-06 11:51:54 [INFO] System metrics updated.
2026-09-06 11:51:54 [INFO] System metrics updated.
2026-09-06 11:51:54 [INFO] System metrics updated.
2026-09-06 11:51:59 [INFO] System metrics updated.
2026-09-06 11:51:59 [INFO] System metrics updated.
2026-09-06 11:51:59 [INFO] System metrics updated.
2026-09-06 11:52:04 [INFO] System metrics updated.
2026-09-06 11:52:04 [INFO] System metrics updated.
2026-09-06 11:52:04 [INFO] System metrics updated.
2026-09-06 11:52:09 [INFO] System metrics updated.
2026-09-06 11:52:09 [INFO] System metrics updated.
2026-09-06 11:52:09 [INFO] System metrics updated.
2026-09-06 11:52:13 [INFO] Scanning file directories...
2026-09-06 11:52:13 [INFO] Scanning file directories...
2026-09-06 11:52:13 [INFO] Scanning file directories...
2026-09-06 11:52:13 [INFO] Local files found: 0
2026-09-06 11:52:13 [INFO] Local files found: 0
2026-09-06 11:52:13 [INFO] Local files found: 0
2026-09-06 11:52:13 [INFO] Remote files found: 0
2026-09-06 11:52:13 [INFO] Remote files found: 0
2026-09-06 11:52:13 [INFO] Remote files found: 0
2026-09-06 11:52:14 [INFO] System metrics updated.
2026-09-06 11:52:14 [INFO] System metrics updated.
2026-09-06 11:52:14 [INFO] System metrics updated.
2026-09-06 11:52:19 [INFO] System metrics updated.
2026-09-06 11:52:19 [INFO] System metrics updated.
2026-09-06 11:52:19 [INFO] System metrics updated.
2026-09-06 11:52:24 [INFO] System metrics updated.
2026-09-06 11:52:24 [INFO] System metrics updated.
2026-09-06 11:52:24 [INFO] System metrics updated.
2026-09-06 11:52:29 [INFO] System metrics updated.
2026-09-06 11:52:29 [INFO] System metrics updated.
2026-09-06 11:52:29 [INFO] System metrics updated.
2026-09-06 11:52:34 [INFO] System metrics updated.
2026-09-06 11:52:34 [INFO] System metrics updated.
2026-09-06 11:52:34 [INFO] System metrics updated.
2026-09-06 11:52:39 [INFO] System metrics updated.
2026-09-06 11:52:39 [INFO] System metrics updated.
2026-09-06 11:52:39 [INFO] System metrics updated.
2026-09-06 11:52:43 [INFO] Scanning file directories...
2026-09-06 11:52:43 [INFO] Scanning file directories...
2026-09-06 11:52:43 [INFO] Scanning file directories...
2026-09-06 11:52:43 [INFO] Local files found: 0
2026-09-06 11:52:43 [INFO] Local files found: 0
2026-09-06 11:52:43 [INFO] Local files found: 0
2026-09-06 11:52:43 [INFO] Remote files found: 0
2026-09-06 11:52:43 [INFO] Remote files found: 0
2026-09-06 11:52:43 [INFO] Remote files found: 0
2026-09-06 11:52:44 [INFO] System metrics updated.
2026-09-06 11:52:44 [INFO] System metrics updated.
2026-09-06 11:52:44 [INFO] System metrics updated.
2026-09-06 11:52:49 [INFO] System metrics updated.
2026-09-06 11:52:49 [INFO] System metrics updated.
2026-09-06 11:52:49 [INFO] System metrics updated.
2026-09-06 11:52:54 [INFO] System metrics updated.
2026-09-06 11:52:54 [INFO] System metrics updated.
2026-09-06 11:52:54 [INFO] System metrics updated.
2026-09-06 11:52:59 [INFO] System metrics updated.
2026-09-06 11:52:59 [INFO] System metrics updated.
2026-09-06 11:52:59 [INFO] System metrics updated.
2026-09-06 11:53:04 [INFO] System metrics updated.
2026-09-06 11:53:04 [INFO] System metrics updated.
2026-09-06 11:53:04 [INFO] System metrics updated.
2026-09-06 11:53:09 [INFO] System metrics updated.
2026-09-06 11:53:09 [INFO] System metrics updated.
2026-09-06 11:53:09 [INFO] System metrics updated.
2026-09-06 11:53:13 [INFO] Scanning file directories...
2026-09-06 11:53:13 [INFO] Scanning file directories...
2026-09-06 11:53:13 [INFO] Scanning file directories...
2026-09-06 11:53:13 [INFO] Local files found: 0
2026-09-06 11:53:13 [INFO] Local files found: 0
2026-09-06 11:53:13 [INFO] Local files found: 0
2026-09-06 11:53:13 [INFO] Remote files found: 0
2026-09-06 11:53:13 [INFO] Remote files found: 0
2026-09-06 11:53:13 [INFO] Remote files found: 0
2026-09-06 11:53:14 [INFO] System metrics updated.
2026-09-06 11:53:14 [INFO] System metrics updated.
2026-09-06 11:53:14 [INFO] System metrics updated.
2026-09-06 11:53:19 [INFO] System metrics updated.
2026-09-06 11:53:19 [INFO] System metrics updated.
2026-09-06 11:53:19 [INFO] System metrics updated.
2026-09-06 11:53:24 [INFO] System metrics updated.
2026-09-06 11:53:24 [INFO] System metrics updated.
2026-09-06 11:53:24 [INFO] System metrics updated.
2026-09-06 11:53:29 [INFO] System metrics updated.
2026-09-06 11:53:29 [INFO] System metrics updated.
2026-09-06 11:53:29 [INFO] System metrics updated.
2026-09-06 11:53:34 [INFO] System metrics updated.
2026-09-06 11:53:34 [INFO] System metrics updated.
2026-09-06 11:53:34 [INFO] System metrics updated.
2026-09-06 11:53:39 [INFO] System metrics updated.
2026-09-06 11:53:39 [INFO] System metrics updated.
2026-09-06 11:53:39 [INFO] System metrics updated.
2026-09-06 11:53:44 [INFO] Scanning file directories...
2026-09-06 11:53:44 [INFO] Scanning file directories...
2026-09-06 11:53:44 [INFO] Scanning file directories...
2026-09-06 11:53:44 [INFO] Local files found: 0
2026-09-06 11:53:44 [INFO] Local files found: 0
2026-09-06 11:53:44 [INFO] Local files found: 0
2026-09-06 11:53:44 [INFO] Remote files found: 0
2026-09-06 11:53:44 [INFO] Remote files found: 0
2026-09-06 11:53:44 [INFO] Remote files found: 0
2026-09-06 11:53:44 [INFO] System metrics updated.
2026-09-06 11:53:44 [INFO] System metrics updated.
2026-09-06 11:53:44 [INFO] System metrics updated.
2026-09-06 11:53:49 [INFO] System metrics updated.
2026-09-06 11:53:49 [INFO] System metrics updated.
2026-09-06 11:53:49 [INFO] System metrics updated.
2026-09-06 11:53:54 [INFO] System metrics updated.
2026-09-06 11:53:54 [INFO] System metrics updated.
2026-09-06 11:53:54 [INFO] System metrics updated.
2026-09-06 11:53:59 [INFO] System metrics updated.
2026-09-06 11:53:59 [INFO] System metrics updated.
2026-09-06 11:53:59 [INFO] System metrics updated.
2026-09-06 11:54:04 [INFO] System metrics updated.
2026-09-06 11:54:04 [INFO] System metrics updated.
2026-09-06 11:54:04 [INFO] System metrics updated.
2026-09-06 11:54:09 [INFO] System metrics updated.
2026-09-06 11:54:09 [INFO] System metrics updated.
2026-09-06 11:54:09 [INFO] System metrics updated.
2026-09-06 11:54:14 [INFO] Scanning file directories...
2026-09-06 11:54:14 [INFO] Scanning file directories...
2026-09-06 11:54:14 [INFO] Scanning file directories...
2026-09-06 11:54:14 [INFO] Local files found: 0
2026-09-06 11:54:14 [INFO] Local files found: 0
2026-09-06 11:54:14 [INFO] Local files found: 0
2026-09-06 11:54:14 [INFO] Remote files found: 0
2026-09-06 11:54:14 [INFO] Remote files found: 0
2026-09-06 11:54:14 [INFO] Remote files found: 0
2026-09-06 11:54:14 [INFO] System metrics updated.
2026-09-06 11:54:14 [INFO] System metrics updated.
2026-09-06 11:54:14 [INFO] System metrics updated.
2026-09-06 11:54:19 [INFO] System metrics updated.
2026-09-06 11:54:19 [INFO] System metrics updated.
2026-09-06 11:54:19 [INFO] System metrics updated.
2026-09-06 11:54:24 [INFO] System metrics updated.
2026-09-06 11:54:24 [INFO] System metrics updated.
2026-09-06 11:54:24 [INFO] System metrics updated.
2026-09-06 11:54:29 [INFO] System metrics updated.
2026-09-06 11:54:29 [INFO] System metrics updated.
2026-09-06 11:54:29 [INFO] System metrics updated.
2026-09-06 11:54:34 [INFO] System metrics updated.
2026-09-06 11:54:34 [INFO] System metrics updated.
2026-09-06 11:54:34 [INFO] System metrics updated.
2026-09-06 11:54:39 [INFO] System metrics updated.
2026-09-06 11:54:39 [INFO] System metrics updated.
2026-09-06 11:54:39 [INFO] System metrics updated.
2026-09-06 11:54:44 [INFO] Scanning file directories...
2026-09-06 11:54:44 [INFO] Scanning file directories...
2026-09-06 11:54:44 [INFO] Scanning file directories...
2026-09-06 11:54:44 [INFO] Local files found: 0
2026-09-06 11:54:44 [INFO] Local files found: 0
2026-09-06 11:54:44 [INFO] Local files found: 0
2026-09-06 11:54:44 [INFO] Remote files found: 0
2026-09-06 11:54:44 [INFO] Remote files found: 0
2026-09-06 11:54:44 [INFO] Remote files found: 0
2026-09-06 11:54:44 [INFO] System metrics updated.
2026-09-06 11:54:44 [INFO] System metrics updated.
2026-09-06 11:54:44 [INFO] System metrics updated.
2026-09-06 11:54:49 [INFO] System metrics updated.
2026-09-06 11:54:49 [INFO] System metrics updated.
2026-09-06 11:54:49 [INFO] System metrics updated.
2026-09-06 11:54:54 [INFO] System metrics updated.
2026-09-06 11:54:54 [INFO] System metrics updated.
2026-09-06 11:54:54 [INFO] System metrics updated.
2026-09-06 11:54:59 [INFO] System metrics updated.
2026-09-06 11:54:59 [INFO] System metrics updated.
2026-09-06 11:54:59 [INFO] System metrics updated.
2026-09-06 11:55:04 [INFO] System metrics updated.
2026-09-06 11:55:04 [INFO] System metrics updated.
2026-09-06 11:55:04 [INFO] System metrics updated.
2026-09-06 11:55:09 [INFO] System metrics updated.
2026-09-06 11:55:09 [INFO] System metrics updated.
2026-09-06 11:55:09 [INFO] System metrics updated.
2026-09-06 11:55:14 [INFO] Scanning file directories...
2026-09-06 11:55:14 [INFO] Scanning file directories...
2026-09-06 11:55:14 [INFO] Scanning file directories...
2026-09-06 11:55:14 [INFO] Local files found: 0
2026-09-06 11:55:14 [INFO] Local files found: 0
2026-09-06 11:55:14 [INFO] Local files found: 0
2026-09-06 11:55:14 [INFO] Remote files found: 0
2026-09-06 11:55:14 [INFO] Remote files found: 0
2026-09-06 11:55:14 [INFO] Remote files found: 0
2026-09-06 11:55:14 [INFO] System metrics updated.
2026-09-06 11:55:14 [INFO] System metrics updated.
2026-09-06 11:55:14 [INFO] System metrics updated.
2026-09-06 11:55:19 [INFO] System metrics updated.
2026-09-06 11:55:19 [INFO] System metrics updated.
2026-09-06 11:55:19 [INFO] System metrics updated.
2026-09-06 11:55:24 [INFO] System metrics updated.
2026-09-06 11:55:24 [INFO] System metrics updated.
2026-09-06 11:55:24 [INFO] System metrics updated.
2026-09-06 11:55:29 [INFO] System metrics updated.
2026-09-06 11:55:29 [INFO] System metrics updated.
2026-09-06 11:55:29 [INFO] System metrics updated.
2026-09-06 11:55:34 [INFO] System metrics updated.
2026-09-06 11:55:34 [INFO] System metrics updated.
2026-09-06 11:55:34 [INFO] System metrics updated.
2026-09-06 11:55:39 [INFO] System metrics updated.
2026-09-06 11:55:39 [INFO] System metrics updated.
2026-09-06 11:55:39 [INFO] System metrics updated.
2026-09-06 11:55:44 [INFO] Scanning file directories...
2026-09-06 11:55:44 [INFO] Scanning file directories...
2026-09-06 11:55:44 [INFO] Scanning file directories...
2026-09-06 11:55:44 [INFO] Local files found: 0
2026-09-06 11:55:44 [INFO] Local files found: 0
2026-09-06 11:55:44 [INFO] Local files found: 0
2026-09-06 11:55:44 [INFO] Remote files found: 0
2026-09-06 11:55:44 [INFO] Remote files found: 0
2026-09-06 11:55:44 [INFO] Remote files found: 0
2026-09-06 11:55:44 [INFO] System metrics updated.
2026-09-06 11:55:44 [INFO] System metrics updated.
2026-09-06 11:55:44 [INFO] System metrics updated.
2026-09-06 11:55:49 [INFO] System metrics updated.
2026-09-06 11:55:49 [INFO] System metrics updated.
2026-09-06 11:55:49 [INFO] System metrics updated.
2026-09-06 11:55:54 [INFO] System metrics updated.
2026-09-06 11:55:54 [INFO] System metrics updated.
2026-09-06 11:55:54 [INFO] System metrics updated.
2026-09-06 11:55:59 [INFO] System metrics updated.
2026-09-06 11:55:59 [INFO] System metrics updated.
2026-09-06 11:55:59 [INFO] System metrics updated.
2026-09-06 11:56:04 [INFO] System metrics updated.
2026-09-06 11:56:04 [INFO] System metrics updated.
2026-09-06 11:56:04 [INFO] System metrics updated.
2026-09-06 11:56:09 [INFO] System metrics updated.
2026-09-06 11:56:09 [INFO] System metrics updated.
2026-09-06 11:56:09 [INFO] System metrics updated.
2026-09-06 11:56:14 [INFO] Scanning file directories...
2026-09-06 11:56:14 [INFO] Scanning file directories...
2026-09-06 11:56:14 [INFO] Scanning file directories...
2026-09-06 11:56:14 [INFO] Local files found: 0
2026-09-06 11:56:14 [INFO] Local files found: 0
2026-09-06 11:56:14 [INFO] Local files found: 0
2026-09-06 11:56:14 [INFO] Remote files found: 0
2026-09-06 11:56:14 [INFO] Remote files found: 0
2026-09-06 11:56:14 [INFO] Remote files found: 0
2026-09-06 11:56:14 [INFO] System metrics updated.
2026-09-06 11:56:14 [INFO] System metrics updated.
2026-09-06 11:56:14 [INFO] System metrics updated.
2026-09-06 11:56:19 [INFO] System metrics updated.
2026-09-06 11:56:19 [INFO] System metrics updated.
2026-09-06 11:56:19 [INFO] System metrics updated.
2026-09-06 11:56:24 [INFO] System metrics updated.
2026-09-06 11:56:24 [INFO] System metrics updated.
2026-09-06 11:56:24 [INFO] System metrics updated.
2026-09-06 11:56:29 [INFO] System metrics updated.
2026-09-06 11:56:29 [INFO] System metrics updated.
2026-09-06 11:56:29 [INFO] System metrics updated.
2026-09-06 11:56:34 [INFO] System metrics updated.
2026-09-06 11:56:34 [INFO] System metrics updated.
2026-09-06 11:56:34 [INFO] System metrics updated.
2026-09-06 11:56:39 [INFO] System metrics updated.
2026-09-06 11:56:39 [INFO] System metrics updated.
2026-09-06 11:56:39 [INFO] System metrics updated.
2026-09-06 11:56:44 [INFO] Scanning file directories...
2026-09-06 11:56:44 [INFO] Scanning file directories...
2026-09-06 11:56:44 [INFO] Scanning file directories...
2026-09-06 11:56:44 [INFO] Local files found: 0
2026-09-06 11:56:44 [INFO] Local files found: 0
2026-09-06 11:56:44 [INFO] Local files found: 0
2026-09-06 11:56:44 [INFO] Remote files found: 0
2026-09-06 11:56:44 [INFO] Remote files found: 0
2026-09-06 11:56:44 [INFO] Remote files found: 0
2026-09-06 11:56:44 [INFO] System metrics updated.
2026-09-06 11:56:44 [INFO] System metrics updated.
2026-09-06 11:56:44 [INFO] System metrics updated.
2026-09-06 11:56:49 [INFO] System metrics updated.
2026-09-06 11:56:49 [INFO] System metrics updated.
2026-09-06 11:56:49 [INFO] System metrics updated.
2026-09-06 11:56:54 [INFO] System metrics updated.
2026-09-06 11:56:54 [INFO] System metrics updated.
2026-09-06 11:56:54 [INFO] System metrics updated.
2026-09-06 11:56:59 [INFO] System metrics updated.
2026-09-06 11:56:59 [INFO] System metrics updated.
2026-09-06 11:56:59 [INFO] System metrics updated.
2026-09-06 11:57:04 [INFO] System metrics updated.
2026-09-06 11:57:04 [INFO] System metrics updated.
2026-09-06 11:57:04 [INFO] System metrics updated.
2026-09-06 11:57:09 [INFO] System metrics updated.
2026-09-06 11:57:09 [INFO] System metrics updated.
2026-09-06 11:57:09 [INFO] System metrics updated.
2026-09-06 11:57:14 [INFO] Scanning file directories...
2026-09-06 11:57:14 [INFO] Scanning file directories...
2026-09-06 11:57:14 [INFO] Scanning file directories...
2026-09-06 11:57:14 [INFO] Local files found: 0
2026-09-06 11:57:14 [INFO] Local files found: 0
2026-09-06 11:57:14 [INFO] Local files found: 0
2026-09-06 11:57:14 [INFO] Remote files found: 0
2026-09-06 11:57:14 [INFO] Remote files found: 0
2026-09-06 11:57:14 [INFO] Remote files found: 0
2026-09-06 11:57:14 [INFO] System metrics updated.
2026-09-06 11:57:14 [INFO] System metrics updated.
2026-09-06 11:57:14 [INFO] System metrics updated.
2026-09-06 11:57:19 [INFO] System metrics updated.
2026-09-06 11:57:19 [INFO] System metrics updated.
2026-09-06 11:57:19 [INFO] System metrics updated.
2026-09-06 11:57:24 [INFO] System metrics updated.
2026-09-06 11:57:24 [INFO] System metrics updated.
2026-09-06 11:57:24 [INFO] System metrics updated.
2026-09-06 11:57:29 [INFO] System metrics updated.
2026-09-06 11:57:29 [INFO] System metrics updated.
2026-09-06 11:57:29 [INFO] System metrics updated.
2026-09-06 11:57:34 [INFO] System metrics updated.
2026-09-06 11:57:34 [INFO] System metrics updated.
2026-09-06 11:57:34 [INFO] System metrics updated.
2026-09-06 11:57:39 [INFO] System metrics updated.
2026-09-06 11:57:39 [INFO] System metrics updated.
2026-09-06 11:57:39 [INFO] System metrics updated.
2026-09-06 11:57:44 [INFO] Scanning file directories...
2026-09-06 11:57:44 [INFO] Scanning file directories...
2026-09-06 11:57:44 [INFO] Scanning file directories...
2026-09-06 11:57:44 [INFO] Local files found: 0
2026-09-06 11:57:44 [INFO] Local files found: 0
2026-09-06 11:57:44 [INFO] Local files found: 0
2026-09-06 11:57:44 [INFO] Remote files found: 0
2026-09-06 11:57:44 [INFO] Remote files found: 0
2026-09-06 11:57:44 [INFO] Remote files found: 0
2026-09-06 11:57:44 [INFO] System metrics updated.
2026-09-06 11:57:44 [INFO] System metrics updated.
2026-09-06 11:57:44 [INFO] System metrics updated.
2026-09-06 11:57:49 [INFO] System metrics updated.
2026-09-06 11:57:49 [INFO] System metrics updated.
2026-09-06 11:57:49 [INFO] System metrics updated.
2026-09-06 11:57:54 [INFO] System metrics updated.
2026-09-06 11:57:54 [INFO] System metrics updated.
2026-09-06 11:57:54 [INFO] System metrics updated.
2026-09-06 11:57:59 [INFO] System metrics updated.
2026-09-06 11:57:59 [INFO] System metrics updated.
2026-09-06 11:57:59 [INFO] System metrics updated.
2026-09-06 11:58:04 [INFO] System metrics updated.
2026-09-06 11:58:04 [INFO] System metrics updated.
2026-09-06 11:58:04 [INFO] System metrics updated.
2026-09-06 11:58:09 [INFO] System metrics updated.
2026-09-06 11:58:09 [INFO] System metrics updated.
2026-09-06 11:58:09 [INFO] System metrics updated.
2026-09-06 11:58:14 [INFO] Scanning file directories...
2026-09-06 11:58:14 [INFO] Scanning file directories...
2026-09-06 11:58:14 [INFO] Scanning file directories...
2026-09-06 11:58:14 [INFO] Local files found: 0
2026-09-06 11:58:14 [INFO] Local files found: 0
2026-09-06 11:58:14 [INFO] Local files found: 0
2026-09-06 11:58:14 [INFO] Remote files found: 0
2026-09-06 11:58:14 [INFO] Remote files found: 0
2026-09-06 11:58:14 [INFO] Remote files found: 0
2026-09-06 11:58:14 [INFO] System metrics updated.
2026-09-06 11:58:14 [INFO] System metrics updated.
2026-09-06 11:58:14 [INFO] System metrics updated.
2026-09-06 11:58:19 [INFO] System metrics updated.
2026-09-06 11:58:19 [INFO] System metrics updated.
2026-09-06 11:58:19 [INFO] System metrics updated.
2026-09-06 11:58:24 [INFO] System metrics updated.
2026-09-06 11:58:24 [INFO] System metrics updated.
2026-09-06 11:58:24 [INFO] System metrics updated.
2026-09-06 11:58:29 [INFO] System metrics updated.
2026-09-06 11:58:29 [INFO] System metrics updated.
2026-09-06 11:58:29 [INFO] System metrics updated.
2026-09-06 11:58:34 [INFO] System metrics updated.
2026-09-06 11:58:34 [INFO] System metrics updated.
2026-09-06 11:58:34 [INFO] System metrics updated.
2026-09-06 11:58:39 [INFO] System metrics updated.
2026-09-06 11:58:39 [INFO] System metrics updated.
2026-09-06 11:58:39 [INFO] System metrics updated.
2026-09-06 11:58:44 [INFO] Scanning file directories...
2026-09-06 11:58:44 [INFO] Scanning file directories...
2026-09-06 11:58:44 [INFO] Scanning file directories...
2026-09-06 11:58:44 [INFO] Local files found: 0
2026-09-06 11:58:44 [INFO] Local files found: 0
2026-09-06 11:58:44 [INFO] Local files found: 0
2026-09-06 11:58:44 [INFO] Remote files found: 0
2026-09-06 11:58:44 [INFO] Remote files found: 0
2026-09-06 11:58:44 [INFO] Remote files found: 0
2026-09-06 11:58:44 [INFO] System metrics updated.
2026-09-06 11:58:44 [INFO] System metrics updated.
2026-09-06 11:58:44 [INFO] System metrics updated.
2026-09-06 11:58:49 [INFO] Scanning file directories...
2026-09-06 11:58:49 [INFO] Starting metrics exporter...
2026-09-06 11:58:49 [INFO] Scanning file directories...
2026-09-06 11:58:49 [INFO] Scanning file directories...
2026-09-06 11:58:49 [INFO] System metrics updated.
2026-09-06 11:58:49 [INFO] Starting metrics exporter...
2026-09-06 11:58:49 [INFO] Starting metrics exporter...
2026-09-06 11:58:49 [INFO] Local files found: 0
2026-09-06 11:58:49 [INFO] System metrics updated.
2026-09-06 11:58:49 [INFO] System metrics updated.
2026-09-06 11:58:49 [INFO] Local files found: 0
2026-09-06 11:58:49 [INFO] Local files found: 0
2026-09-06 11:58:49 [INFO] Remote files found: 0
2026-09-06 11:58:49 [INFO] Remote files found: 0
2026-09-06 11:58:49 [INFO] Remote files found: 0
2026-09-06 11:58:54 [INFO] System metrics updated.
2026-09-06 11:58:54 [INFO] System metrics updated.
2026-09-06 11:58:54 [INFO] System metrics updated.
2026-09-06 11:58:59 [INFO] System metrics updated.
2026-09-06 11:58:59 [INFO] System metrics updated.
2026-09-06 11:58:59 [INFO] System metrics updated.
2026-09-06 11:59:04 [INFO] System metrics updated.
2026-09-06 11:59:04 [INFO] System metrics updated.
2026-09-06 11:59:04 [INFO] System metrics updated.
2026-09-06 11:59:09 [INFO] System metrics updated.
2026-09-06 11:59:09 [INFO] System metrics updated.
2026-09-06 11:59:09 [INFO] System metrics updated.
2026-09-06 11:59:14 [INFO] System metrics updated.
2026-09-06 11:59:14 [INFO] System metrics updated.
2026-09-06 11:59:14 [INFO] System metrics updated.
2026-09-06 11:59:19 [INFO] Scanning file directories...
2026-09-06 11:59:19 [INFO] Scanning file directories...
2026-09-06 11:59:19 [INFO] Scanning file directories...
2026-09-06 11:59:19 [INFO] Local files found: 0
2026-09-06 11:59:19 [INFO] Local files found: 0
2026-09-06 11:59:19 [INFO] Local files found: 0
2026-09-06 11:59:19 [INFO] Remote files found: 0
2026-09-06 11:59:19 [INFO] Remote files found: 0
2026-09-06 11:59:19 [INFO] Remote files found: 0
2026-09-06 11:59:19 [INFO] System metrics updated.
2026-09-06 11:59:19 [INFO] System metrics updated.
2026-09-06 11:59:19 [INFO] System metrics updated.
2026-09-06 11:59:24 [INFO] System metrics updated.
2026-09-06 11:59:24 [INFO] System metrics updated.
2026-09-06 11:59:24 [INFO] System metrics updated.
2026-09-06 11:59:29 [INFO] System metrics updated.
2026-09-06 11:59:29 [INFO] System metrics updated.
2026-09-06 11:59:29 [INFO] System metrics updated.
2026-09-06 11:59:34 [INFO] System metrics updated.
2026-09-06 11:59:34 [INFO] System metrics updated.
2026-09-06 11:59:34 [INFO] System metrics updated.
2026-09-06 11:59:39 [INFO] System metrics updated.
2026-09-06 11:59:39 [INFO] System metrics updated.
2026-09-06 11:59:39 [INFO] System metrics updated.
2026-09-06 11:59:44 [INFO] System metrics updated.
2026-09-06 11:59:44 [INFO] System metrics updated.
2026-09-06 11:59:44 [INFO] System metrics updated.
2026-09-06 11:59:49 [INFO] Scanning file directories...
2026-09-06 11:59:49 [INFO] Scanning file directories...
2026-09-06 11:59:49 [INFO] Scanning file directories...
2026-09-06 11:59:49 [INFO] Local files found: 0
2026-09-06 11:59:49 [INFO] Local files found: 0
2026-09-06 11:59:49 [INFO] Local files found: 0
2026-09-06 11:59:49 [INFO] Remote files found: 0
2026-09-06 11:59:49 [INFO] Remote files found: 0
2026-09-06 11:59:49 [INFO] Remote files found: 0
2026-09-06 11:59:49 [INFO] System metrics updated.
2026-09-06 11:59:49 [INFO] System metrics updated.
2026-09-06 11:59:49 [INFO] System metrics updated.
2026-09-06 11:59:54 [INFO] System metrics updated.
2026-09-06 11:59:54 [INFO] System metrics updated.
2026-09-06 11:59:54 [INFO] System metrics updated.
2026-09-06 11:59:59 [INFO] System metrics updated.
2026-09-06 11:59:59 [INFO] System metrics updated.
2026-09-06 11:59:59 [INFO] System metrics updated.
2026-09-06 12:00:04 [INFO] System metrics updated.
2026-09-06 12:00:04 [INFO] System metrics updated.
2026-09-06 12:00:04 [INFO] System metrics updated.
2026-09-06 12:00:09 [INFO] System metrics updated.
2026-09-06 12:00:09 [INFO] System metrics updated.
2026-09-06 12:00:09 [INFO] System metrics updated.
2026-09-06 12:00:14 [INFO] System metrics updated.
2026-09-06 12:00:14 [INFO] System metrics updated.
2026-09-06 12:00:14 [INFO] System metrics updated.
2026-09-06 12:00:19 [INFO] Scanning file directories...
2026-09-06 12:00:19 [INFO] Scanning file directories...
2026-09-06 12:00:19 [INFO] Scanning file directories...
2026-09-06 12:00:19 [INFO] Local files found: 0
2026-09-06 12:00:19 [INFO] Local files found: 0
2026-09-06 12:00:19 [INFO] Local files found: 0
2026-09-06 12:00:19 [INFO] Remote files found: 0
2026-09-06 12:00:19 [INFO] Remote files found: 0
2026-09-06 12:00:19 [INFO] Remote files found: 0
2026-09-06 12:00:19 [INFO] System metrics updated.
2026-09-06 12:00:19 [INFO] System metrics updated.
2026-09-06 12:00:19 [INFO] System metrics updated.
2026-09-06 12:00:24 [INFO] System metrics updated.
2026-09-06 12:00:24 [INFO] System metrics updated.
2026-09-06 12:00:24 [INFO] System metrics updated.
2026-09-06 12:00:29 [INFO] System metrics updated.
2026-09-06 12:00:29 [INFO] System metrics updated.
2026-09-06 12:00:29 [INFO] System metrics updated.
2026-09-06 12:00:34 [INFO] System metrics updated.
2026-09-06 12:00:34 [INFO] System metrics updated.
2026-09-06 12:00:34 [INFO] System metrics updated.
2026-09-06 12:00:39 [INFO] System metrics updated.
2026-09-06 12:00:39 [INFO] System metrics updated.
2026-09-06 12:00:39 [INFO] System metrics updated.
2026-09-06 12:00:44 [INFO] System metrics updated.
2026-09-06 12:00:44 [INFO] System metrics updated.
2026-09-06 12:00:44 [INFO] System metrics updated.
2026-09-06 12:00:49 [INFO] Scanning file directories...
2026-09-06 12:00:49 [INFO] Scanning file directories...
2026-09-06 12:00:49 [INFO] Scanning file directories...
2026-09-06 12:00:49 [INFO] Local files found: 0
2026-09-06 12:00:49 [INFO] Local files found: 0
2026-09-06 12:00:49 [INFO] Local files found: 0
2026-09-06 12:00:49 [INFO] Remote files found: 0
2026-09-06 12:00:49 [INFO] Remote files found: 0
2026-09-06 12:00:49 [INFO] Remote files found: 0
2026-09-06 12:00:49 [INFO] System metrics updated.
2026-09-06 12:00:49 [INFO] System metrics updated.
2026-09-06 12:00:49 [INFO] System metrics updated.
2026-09-06 12:00:54 [INFO] System metrics updated.
2026-09-06 12:00:54 [INFO] System metrics updated.
2026-09-06 12:00:54 [INFO] System metrics updated.
2026-09-06 12:00:59 [INFO] System metrics updated.
2026-09-06 12:00:59 [INFO] System metrics updated.
2026-09-06 12:00:59 [INFO] System metrics updated.
2026-09-06 12:01:04 [INFO] System metrics updated.
2026-09-06 12:01:04 [INFO] System metrics updated.
2026-09-06 12:01:04 [INFO] System metrics updated.
2026-09-06 12:01:09 [INFO] System metrics updated.
2026-09-06 12:01:09 [INFO] System metrics updated.
2026-09-06 12:01:09 [INFO] System metrics updated.
2026-09-06 12:01:14 [INFO] System metrics updated.
2026-09-06 12:01:14 [INFO] System metrics updated.
2026-09-06 12:01:14 [INFO] System metrics updated.
2026-09-06 12:01:19 [INFO] Scanning file directories...
2026-09-06 12:01:19 [INFO] Scanning file directories...
2026-09-06 12:01:19 [INFO] Scanning file directories...
2026-09-06 12:01:19 [INFO] Local files found: 0
2026-09-06 12:01:19 [INFO] Local files found: 0
2026-09-06 12:01:19 [INFO] Local files found: 0
2026-09-06 12:01:19 [INFO] Remote files found: 0
2026-09-06 12:01:19 [INFO] Remote files found: 0
2026-09-06 12:01:19 [INFO] Remote files found: 0
2026-09-06 12:01:19 [INFO] System metrics updated.
2026-09-06 12:01:19 [INFO] System metrics updated.
2026-09-06 12:01:19 [INFO] System metrics updated.
2026-09-06 12:01:24 [INFO] System metrics updated.
2026-09-06 12:01:24 [INFO] System metrics updated.
2026-09-06 12:01:24 [INFO] System metrics updated.
2026-09-06 12:01:29 [INFO] System metrics updated.
2026-09-06 12:01:29 [INFO] System metrics updated.
2026-09-06 12:01:29 [INFO] System metrics updated.
2026-09-06 12:01:34 [INFO] System metrics updated.
2026-09-06 12:01:34 [INFO] System metrics updated.
2026-09-06 12:01:34 [INFO] System metrics updated.
2026-09-06 12:01:39 [INFO] System metrics updated.
2026-09-06 12:01:39 [INFO] System metrics updated.
2026-09-06 12:01:39 [INFO] System metrics updated.
2026-09-06 12:01:44 [INFO] System metrics updated.
2026-09-06 12:01:44 [INFO] System metrics updated.
2026-09-06 12:01:44 [INFO] System metrics updated.
2026-09-06 12:01:49 [INFO] Scanning file directories...
2026-09-06 12:01:49 [INFO] Scanning file directories...
2026-09-06 12:01:49 [INFO] Scanning file directories...
2026-09-06 12:01:49 [INFO] Local files found: 0
2026-09-06 12:01:49 [INFO] Local files found: 0
2026-09-06 12:01:49 [INFO] Local files found: 0
2026-09-06 12:01:49 [INFO] Remote files found: 0
2026-09-06 12:01:49 [INFO] Remote files found: 0
2026-09-06 12:01:49 [INFO] Remote files found: 0
2026-09-06 12:01:49 [INFO] System metrics updated.
2026-09-06 12:01:49 [INFO] System metrics updated.
2026-09-06 12:01:49 [INFO] System metrics updated.
2026-09-06 12:01:54 [INFO] System metrics updated.
2026-09-06 12:01:54 [INFO] System metrics updated.
2026-09-06 12:01:54 [INFO] System metrics updated.
2026-09-06 12:01:59 [INFO] System metrics updated.
2026-09-06 12:01:59 [INFO] System metrics updated.
2026-09-06 12:01:59 [INFO] System metrics updated.
2026-09-06 12:02:04 [INFO] System metrics updated.
2026-09-06 12:02:04 [INFO] System metrics updated.
2026-09-06 12:02:04 [INFO] System metrics updated.
2026-09-06 12:02:09 [INFO] System metrics updated.
2026-09-06 12:02:09 [INFO] System metrics updated.
2026-09-06 12:02:09 [INFO] System metrics updated.
2026-09-06 12:02:14 [INFO] System metrics updated.
2026-09-06 12:02:14 [INFO] System metrics updated.
2026-09-06 12:02:14 [INFO] System metrics updated.
2026-09-06 12:02:19 [INFO] Scanning file directories...
2026-09-06 12:02:19 [INFO] Scanning file directories...
2026-09-06 12:02:19 [INFO] Scanning file directories...
2026-09-06 12:02:19 [INFO] Local files found: 0
2026-09-06 12:02:19 [INFO] Local files found: 0
2026-09-06 12:02:19 [INFO] Local files found: 0
2026-09-06 12:02:19 [INFO] Remote files found: 0
2026-09-06 12:02:19 [INFO] Remote files found: 0
2026-09-06 12:02:19 [INFO] Remote files found: 0
2026-09-06 12:02:19 [INFO] System metrics updated.
2026-09-06 12:02:19 [INFO] System metrics updated.
2026-09-06 12:02:19 [INFO] System metrics updated.
2026-09-06 12:02:24 [INFO] System metrics updated.
2026-09-06 12:02:24 [INFO] System metrics updated.
2026-09-06 12:02:24 [INFO] System metrics updated.
2026-09-06 12:02:29 [INFO] System metrics updated.
2026-09-06 12:02:29 [INFO] System metrics updated.
2026-09-06 12:02:29 [INFO] System metrics updated.
2026-09-06 12:02:34 [INFO] System metrics updated.
2026-09-06 12:02:34 [INFO] System metrics updated.
2026-09-06 12:02:34 [INFO] System metrics updated.
2026-09-06 12:02:39 [INFO] System metrics updated.
2026-09-06 12:02:39 [INFO] System metrics updated.
2026-09-06 12:02:39 [INFO] System metrics updated.
2026-09-06 12:02:44 [INFO] System metrics updated.
2026-09-06 12:02:44 [INFO] System metrics updated.
2026-09-06 12:02:44 [INFO] System metrics updated.
2026-09-06 12:02:49 [INFO] Scanning file directories...
2026-09-06 12:02:49 [INFO] Scanning file directories...
2026-09-06 12:02:49 [INFO] Scanning file directories...
2026-09-06 12:02:49 [INFO] Local files found: 0
2026-09-06 12:02:49 [INFO] Local files found: 0
2026-09-06 12:02:49 [INFO] Local files found: 0
2026-09-06 12:02:49 [INFO] Remote files found: 0
2026-09-06 12:02:49 [INFO] Remote files found: 0
2026-09-06 12:02:49 [INFO] Remote files found: 0
2026-09-06 12:02:49 [INFO] System metrics updated.
2026-09-06 12:02:49 [INFO] System metrics updated.
2026-09-06 12:02:49 [INFO] System metrics updated.
2026-09-06 12:02:54 [INFO] System metrics updated.
2026-09-06 12:02:54 [INFO] System metrics updated.
2026-09-06 12:02:54 [INFO] System metrics updated.
2026-09-06 12:02:59 [INFO] System metrics updated.
2026-09-06 12:02:59 [INFO] System metrics updated.
2026-09-06 12:02:59 [INFO] System metrics updated.
2026-09-06 12:03:04 [INFO] System metrics updated.
2026-09-06 12:03:04 [INFO] System metrics updated.
2026-09-06 12:03:04 [INFO] System metrics updated.
2026-09-06 12:03:09 [INFO] System metrics updated.
2026-09-06 12:03:09 [INFO] System metrics updated.
2026-09-06 12:03:09 [INFO] System metrics updated.
2026-09-06 12:03:14 [INFO] System metrics updated.
2026-09-06 12:03:14 [INFO] System metrics updated.
2026-09-06 12:03:14 [INFO] System metrics updated.
2026-09-06 12:03:19 [INFO] Scanning file directories...
2026-09-06 12:03:19 [INFO] Scanning file directories...
2026-09-06 12:03:19 [INFO] Scanning file directories...
2026-09-06 12:03:19 [INFO] Local files found: 0
2026-09-06 12:03:19 [INFO] Local files found: 0
2026-09-06 12:03:19 [INFO] Local files found: 0
2026-09-06 12:03:19 [INFO] Remote files found: 0
2026-09-06 12:03:19 [INFO] Remote files found: 0
2026-09-06 12:03:19 [INFO] Remote files found: 0
2026-09-06 12:03:19 [INFO] System metrics updated.
2026-09-06 12:03:19 [INFO] System metrics updated.
2026-09-06 12:03:19 [INFO] System metrics updated.
2026-09-06 12:03:24 [INFO] System metrics updated.
2026-09-06 12:03:24 [INFO] System metrics updated.
2026-09-06 12:03:24 [INFO] System metrics updated.
2026-09-06 12:03:29 [INFO] System metrics updated.
2026-09-06 12:03:29 [INFO] System metrics updated.
2026-09-06 12:03:29 [INFO] System metrics updated.
2026-09-06 12:03:34 [INFO] System metrics updated.
2026-09-06 12:03:34 [INFO] System metrics updated.
2026-09-06 12:03:34 [INFO] System metrics updated.
2026-09-06 12:03:39 [INFO] System metrics updated.
2026-09-06 12:03:39 [INFO] System metrics updated.
2026-09-06 12:03:39 [INFO] System metrics updated.
2026-09-06 12:03:44 [INFO] System metrics updated.
2026-09-06 12:03:44 [INFO] System metrics updated.
2026-09-06 12:03:44 [INFO] System metrics updated.
2026-09-06 12:03:49 [INFO] Scanning file directories...
2026-09-06 12:03:49 [INFO] Scanning file directories...
2026-09-06 12:03:49 [INFO] Scanning file directories...
2026-09-06 12:03:49 [INFO] Local files found: 0
2026-09-06 12:03:49 [INFO] Local files found: 0
2026-09-06 12:03:49 [INFO] Local files found: 0
2026-09-06 12:03:49 [INFO] Remote files found: 0
2026-09-06 12:03:49 [INFO] Remote files found: 0
2026-09-06 12:03:49 [INFO] Remote files found: 0
2026-09-06 12:03:49 [INFO] System metrics updated.
2026-09-06 12:03:49 [INFO] System metrics updated.
2026-09-06 12:03:49 [INFO] System metrics updated.
2026-09-06 12:03:54 [INFO] System metrics updated.
2026-09-06 12:03:54 [INFO] System metrics updated.
2026-09-06 12:03:54 [INFO] System metrics updated.
2026-09-06 12:03:59 [INFO] System metrics updated.
2026-09-06 12:03:59 [INFO] System metrics updated.
2026-09-06 12:03:59 [INFO] System metrics updated.
2026-09-06 12:04:04 [INFO] System metrics updated.
2026-09-06 12:04:04 [INFO] System metrics updated.
2026-09-06 12:04:04 [INFO] System metrics updated.
2026-09-06 12:04:09 [INFO] System metrics updated.
2026-09-06 12:04:09 [INFO] System metrics updated.
2026-09-06 12:04:09 [INFO] System metrics updated.
2026-09-06 12:04:14 [INFO] System metrics updated.
2026-09-06 12:04:14 [INFO] System metrics updated.
2026-09-06 12:04:14 [INFO] System metrics updated.
2026-09-06 12:04:19 [INFO] Scanning file directories...
2026-09-06 12:04:19 [INFO] Scanning file directories...
2026-09-06 12:04:19 [INFO] Scanning file directories...
2026-09-06 12:04:19 [INFO] Local files found: 0
2026-09-06 12:04:19 [INFO] Local files found: 0
2026-09-06 12:04:19 [INFO] Local files found: 0
2026-09-06 12:04:19 [INFO] Remote files found: 0
2026-09-06 12:04:19 [INFO] Remote files found: 0
2026-09-06 12:04:19 [INFO] Remote files found: 0
2026-09-06 12:04:19 [INFO] System metrics updated.
2026-09-06 12:04:19 [INFO] System metrics updated.
2026-09-06 12:04:19 [INFO] System metrics updated.
2026-09-06 12:04:24 [INFO] System metrics updated.
2026-09-06 12:04:24 [INFO] System metrics updated.
2026-09-06 12:04:24 [INFO] System metrics updated.
2026-09-06 12:04:29 [INFO] System metrics updated.
2026-09-06 12:04:29 [INFO] System metrics updated.
2026-09-06 12:04:29 [INFO] System metrics updated.
2026-09-06 12:04:34 [INFO] System metrics updated.
2026-09-06 12:04:34 [INFO] System metrics updated.
2026-09-06 12:04:34 [INFO] System metrics updated.
2026-09-06 12:04:39 [INFO] System metrics updated.
2026-09-06 12:04:39 [INFO] System metrics updated.
2026-09-06 12:04:39 [INFO] System metrics updated.
2026-09-06 12:04:44 [INFO] System metrics updated.
2026-09-06 12:04:44 [INFO] System metrics updated.
2026-09-06 12:04:44 [INFO] System metrics updated.
2026-09-06 12:04:49 [INFO] Scanning file directories...
2026-09-06 12:04:49 [INFO] Scanning file directories...
2026-09-06 12:04:49 [INFO] Scanning file directories...
2026-09-06 12:04:49 [INFO] Local files found: 0
2026-09-06 12:04:49 [INFO] Local files found: 0
2026-09-06 12:04:49 [INFO] Local files found: 0
2026-09-06 12:04:49 [INFO] Remote files found: 0
2026-09-06 12:04:49 [INFO] Remote files found: 0
2026-09-06 12:04:49 [INFO] Remote files found: 0
2026-09-06 12:04:50 [INFO] System metrics updated.
2026-09-06 12:04:50 [INFO] System metrics updated.
2026-09-06 12:04:50 [INFO] System metrics updated.
2026-09-06 12:04:55 [INFO] System metrics updated.
2026-09-06 12:04:55 [INFO] System metrics updated.
2026-09-06 12:04:55 [INFO] System metrics updated.
2026-09-06 12:05:00 [INFO] System metrics updated.
2026-09-06 12:05:00 [INFO] System metrics updated.
2026-09-06 12:05:00 [INFO] System metrics updated.
2026-09-06 12:05:05 [INFO] System metrics updated.
2026-09-06 12:05:05 [INFO] System metrics updated.
2026-09-06 12:05:05 [INFO] System metrics updated.
2026-09-06 12:05:10 [INFO] System metrics updated.
2026-09-06 12:05:10 [INFO] System metrics updated.
2026-09-06 12:05:10 [INFO] System metrics updated.
2026-09-06 12:05:15 [INFO] System metrics updated.
2026-09-06 12:05:15 [INFO] System metrics updated.
2026-09-06 12:05:15 [INFO] System metrics updated.
2026-09-06 12:05:19 [INFO] Scanning file directories...
2026-09-06 12:05:19 [INFO] Scanning file directories...
2026-09-06 12:05:19 [INFO] Scanning file directories...
2026-09-06 12:05:19 [INFO] Local files found: 0
2026-09-06 12:05:19 [INFO] Local files found: 0
2026-09-06 12:05:19 [INFO] Local files found: 0
2026-09-06 12:05:19 [INFO] Remote files found: 0
2026-09-06 12:05:19 [INFO] Remote files found: 0
2026-09-06 12:05:19 [INFO] Remote files found: 0
2026-09-06 12:05:20 [INFO] System metrics updated.
2026-09-06 12:05:20 [INFO] System metrics updated.
2026-09-06 12:05:20 [INFO] System metrics updated.
2026-09-06 12:05:25 [INFO] System metrics updated.
2026-09-06 12:05:25 [INFO] System metrics updated.
2026-09-06 12:05:25 [INFO] System metrics updated.
2026-09-06 12:05:30 [INFO] System metrics updated.
2026-09-06 12:05:30 [INFO] System metrics updated.
2026-09-06 12:05:30 [INFO] System metrics updated.
2026-09-06 12:05:35 [INFO] System metrics updated.
2026-09-06 12:05:35 [INFO] System metrics updated.
2026-09-06 12:05:35 [INFO] System metrics updated.
2026-09-06 12:05:40 [INFO] System metrics updated.
2026-09-06 12:05:40 [INFO] System metrics updated.
2026-09-06 12:05:40 [INFO] System metrics updated.
2026-09-06 12:05:45 [INFO] System metrics updated.
2026-09-06 12:05:45 [INFO] System metrics updated.
2026-09-06 12:05:45 [INFO] System metrics updated.
2026-09-06 12:05:49 [INFO] Scanning file directories...
2026-09-06 12:05:49 [INFO] Scanning file directories...
2026-09-06 12:05:49 [INFO] Scanning file directories...
2026-09-06 12:05:49 [INFO] Local files found: 0
2026-09-06 12:05:49 [INFO] Local files found: 0
2026-09-06 12:05:49 [INFO] Local files found: 0
2026-09-06 12:05:49 [INFO] Remote files found: 0
2026-09-06 12:05:49 [INFO] Remote files found: 0
2026-09-06 12:05:49 [INFO] Remote files found: 0
2026-09-06 12:05:50 [INFO] System metrics updated.
2026-09-06 12:05:50 [INFO] System metrics updated.
2026-09-06 12:05:50 [INFO] System metrics updated.
2026-09-06 12:05:55 [INFO] System metrics updated.
2026-09-06 12:05:55 [INFO] System metrics updated.
2026-09-06 12:05:55 [INFO] System metrics updated.
2026-09-06 12:06:00 [INFO] System metrics updated.
2026-09-06 12:06:00 [INFO] System metrics updated.
2026-09-06 12:06:00 [INFO] System metrics updated.
2026-09-06 12:06:05 [INFO] System metrics updated.
2026-09-06 12:06:05 [INFO] System metrics updated.
2026-09-06 12:06:05 [INFO] System metrics updated.
2026-09-06 12:06:10 [INFO] System metrics updated.
2026-09-06 12:06:10 [INFO] System metrics updated.
2026-09-06 12:06:10 [INFO] System metrics updated.
2026-09-06 12:06:15 [INFO] System metrics updated.
2026-09-06 12:06:15 [INFO] System metrics updated.
2026-09-06 12:06:15 [INFO] System metrics updated.
2026-09-06 12:06:19 [INFO] Scanning file directories...
2026-09-06 12:06:19 [INFO] Scanning file directories...
2026-09-06 12:06:19 [INFO] Scanning file directories...
2026-09-06 12:06:19 [INFO] Local files found: 0
2026-09-06 12:06:19 [INFO] Local files found: 0
2026-09-06 12:06:19 [INFO] Local files found: 0
2026-09-06 12:06:19 [INFO] Remote files found: 0
2026-09-06 12:06:19 [INFO] Remote files found: 0
2026-09-06 12:06:19 [INFO] Remote files found: 0
2026-09-06 12:06:20 [INFO] System metrics updated.
2026-09-06 12:06:20 [INFO] System metrics updated.
2026-09-06 12:06:20 [INFO] System metrics updated.
2026-09-06 12:06:25 [INFO] System metrics updated.
2026-09-06 12:06:25 [INFO] System metrics updated.
2026-09-06 12:06:25 [INFO] System metrics updated.
2026-09-06 12:06:30 [INFO] System metrics updated.
2026-09-06 12:06:30 [INFO] System metrics updated.
2026-09-06 12:06:30 [INFO] System metrics updated.
2026-09-06 12:06:35 [INFO] System metrics updated.
2026-09-06 12:06:35 [INFO] System metrics updated.
2026-09-06 12:06:35 [INFO] System metrics updated.
2026-09-06 12:06:40 [INFO] System metrics updated.
2026-09-06 12:06:40 [INFO] System metrics updated.
2026-09-06 12:06:40 [INFO] System metrics updated.
2026-09-06 12:06:45 [INFO] System metrics updated.
2026-09-06 12:06:45 [INFO] System metrics updated.
2026-09-06 12:06:45 [INFO] System metrics updated.
2026-09-06 12:06:49 [INFO] Scanning file directories...
2026-09-06 12:06:49 [INFO] Scanning file directories...
2026-09-06 12:06:49 [INFO] Scanning file directories...
2026-09-06 12:06:49 [INFO] Local files found: 0
2026-09-06 12:06:49 [INFO] Local files found: 0
2026-09-06 12:06:49 [INFO] Local files found: 0
2026-09-06 12:06:49 [INFO] Remote files found: 0
2026-09-06 12:06:49 [INFO] Remote files found: 0
2026-09-06 12:06:49 [INFO] Remote files found: 0
2026-09-06 12:06:50 [INFO] System metrics updated.
2026-09-06 12:06:50 [INFO] System metrics updated.
2026-09-06 12:06:50 [INFO] System metrics updated.
2026-09-06 12:06:55 [INFO] System metrics updated.
2026-09-06 12:06:55 [INFO] System metrics updated.
2026-09-06 12:06:55 [INFO] System metrics updated.
2026-09-06 12:07:00 [INFO] System metrics updated.
2026-09-06 12:07:00 [INFO] System metrics updated.
2026-09-06 12:07:00 [INFO] System metrics updated.
2026-09-06 12:07:05 [INFO] System metrics updated.
2026-09-06 12:07:05 [INFO] System metrics updated.
2026-09-06 12:07:05 [INFO] System metrics updated.
2026-09-06 12:07:10 [INFO] System metrics updated.
2026-09-06 12:07:10 [INFO] System metrics updated.
2026-09-06 12:07:10 [INFO] System metrics updated.
2026-09-06 12:07:15 [INFO] System metrics updated.
2026-09-06 12:07:15 [INFO] System metrics updated.
2026-09-06 12:07:15 [INFO] System metrics updated.
2026-09-06 12:07:19 [INFO] Scanning file directories...
2026-09-06 12:07:19 [INFO] Scanning file directories...
2026-09-06 12:07:19 [INFO] Scanning file directories...
2026-09-06 12:07:19 [INFO] Local files found: 0
2026-09-06 12:07:19 [INFO] Local files found: 0
2026-09-06 12:07:19 [INFO] Local files found: 0
2026-09-06 12:07:19 [INFO] Remote files found: 0
2026-09-06 12:07:19 [INFO] Remote files found: 0
2026-09-06 12:07:19 [INFO] Remote files found: 0
2026-09-06 12:07:20 [INFO] System metrics updated.
2026-09-06 12:07:20 [INFO] System metrics updated.
2026-09-06 12:07:20 [INFO] System metrics updated.
2026-09-06 12:07:25 [INFO] System metrics updated.
2026-09-06 12:07:25 [INFO] System metrics updated.
2026-09-06 12:07:25 [INFO] System metrics updated.
2026-09-06 12:07:30 [INFO] System metrics updated.
2026-09-06 12:07:30 [INFO] System metrics updated.
2026-09-06 12:07:30 [INFO] System metrics updated.
2026-09-06 12:07:35 [INFO] System metrics updated.
2026-09-06 12:07:35 [INFO] System metrics updated.
2026-09-06 12:07:35 [INFO] System metrics updated.
2026-09-06 12:07:40 [INFO] System metrics updated.
2026-09-06 12:07:40 [INFO] System metrics updated.
2026-09-06 12:07:40 [INFO] System metrics updated.
2026-09-06 12:07:45 [INFO] System metrics updated.
2026-09-06 12:07:45 [INFO] System metrics updated.
2026-09-06 12:07:45 [INFO] System metrics updated.
2026-09-06 12:07:49 [INFO] Scanning file directories...
2026-09-06 12:07:49 [INFO] Scanning file directories...
2026-09-06 12:07:49 [INFO] Scanning file directories...
2026-09-06 12:07:49 [INFO] Local files found: 0
2026-09-06 12:07:49 [INFO] Local files found: 0
2026-09-06 12:07:49 [INFO] Local files found: 0
2026-09-06 12:07:49 [INFO] Remote files found: 0
2026-09-06 12:07:49 [INFO] Remote files found: 0
2026-09-06 12:07:49 [INFO] Remote files found: 0
2026-09-06 12:07:50 [INFO] System metrics updated.
2026-09-06 12:07:50 [INFO] System metrics updated.
2026-09-06 12:07:50 [INFO] System metrics updated.
2026-09-06 12:07:55 [INFO] System metrics updated.
2026-09-06 12:07:55 [INFO] System metrics updated.
2026-09-06 12:07:55 [INFO] System metrics updated.
2026-09-06 12:08:00 [INFO] System metrics updated.
2026-09-06 12:08:00 [INFO] System metrics updated.
2026-09-06 12:08:00 [INFO] System metrics updated.
2026-09-06 12:08:05 [INFO] System metrics updated.
2026-09-06 12:08:05 [INFO] System metrics updated.
2026-09-06 12:08:05 [INFO] System metrics updated.
2026-09-06 12:08:10 [INFO] System metrics updated.
2026-09-06 12:08:10 [INFO] System metrics updated.
2026-09-06 12:08:10 [INFO] System metrics updated.
2026-09-06 12:08:15 [INFO] System metrics updated.
2026-09-06 12:08:15 [INFO] System metrics updated.
2026-09-06 12:08:15 [INFO] System metrics updated.
2026-09-06 12:08:19 [INFO] Scanning file directories...
2026-09-06 12:08:19 [INFO] Scanning file directories...
2026-09-06 12:08:19 [INFO] Scanning file directories...
2026-09-06 12:08:19 [INFO] Local files found: 0
2026-09-06 12:08:19 [INFO] Local files found: 0
2026-09-06 12:08:19 [INFO] Local files found: 0
2026-09-06 12:08:19 [INFO] Remote files found: 0
2026-09-06 12:08:19 [INFO] Remote files found: 0
2026-09-06 12:08:19 [INFO] Remote files found: 0
2026-09-06 12:08:20 [INFO] System metrics updated.
2026-09-06 12:08:20 [INFO] System metrics updated.
2026-09-06 12:08:20 [INFO] System metrics updated.
2026-09-06 12:08:25 [INFO] System metrics updated.
2026-09-06 12:08:25 [INFO] System metrics updated.
2026-09-06 12:08:25 [INFO] System metrics updated.
2026-09-06 12:08:30 [INFO] System metrics updated.
2026-09-06 12:08:30 [INFO] System metrics updated.
2026-09-06 12:08:30 [INFO] System metrics updated.
2026-09-06 12:08:35 [INFO] System metrics updated.
2026-09-06 12:08:35 [INFO] System metrics updated.
2026-09-06 12:08:35 [INFO] System metrics updated.
2026-09-06 12:08:40 [INFO] System metrics updated.
2026-09-06 12:08:40 [INFO] System metrics updated.
2026-09-06 12:08:40 [INFO] System metrics updated.
2026-09-06 12:08:45 [INFO] System metrics updated.
2026-09-06 12:08:45 [INFO] System metrics updated.
2026-09-06 12:08:45 [INFO] System metrics updated.
2026-09-06 12:08:49 [INFO] Scanning file directories...
2026-09-06 12:08:49 [INFO] Scanning file directories...
2026-09-06 12:08:49 [INFO] Scanning file directories...
2026-09-06 12:08:49 [INFO] Local files found: 0
2026-09-06 12:08:49 [INFO] Local files found: 0
2026-09-06 12:08:49 [INFO] Local files found: 0
2026-09-06 12:08:49 [INFO] Remote files found: 0
2026-09-06 12:08:49 [INFO] Remote files found: 0
2026-09-06 12:08:49 [INFO] Remote files found: 0
2026-09-06 12:08:50 [INFO] System metrics updated.
2026-09-06 12:08:50 [INFO] System metrics updated.
2026-09-06 12:08:50 [INFO] System metrics updated.
2026-09-06 12:08:55 [INFO] System metrics updated.
2026-09-06 12:08:55 [INFO] System metrics updated.
2026-09-06 12:08:55 [INFO] System metrics updated.
2026-09-06 12:09:00 [INFO] System metrics updated.
2026-09-06 12:09:00 [INFO] System metrics updated.
2026-09-06 12:09:00 [INFO] System metrics updated.
2026-09-06 12:09:05 [INFO] System metrics updated.
2026-09-06 12:09:05 [INFO] System metrics updated.
2026-09-06 12:09:05 [INFO] System metrics updated.
2026-09-06 12:09:10 [INFO] System metrics updated.
2026-09-06 12:09:10 [INFO] System metrics updated.
2026-09-06 12:09:10 [INFO] System metrics updated.
2026-09-06 12:09:15 [INFO] System metrics updated.
2026-09-06 12:09:15 [INFO] System metrics updated.
2026-09-06 12:09:15 [INFO] System metrics updated.
2026-09-06 12:09:19 [INFO] Scanning file directories...
2026-09-06 12:09:19 [INFO] Scanning file directories...
2026-09-06 12:09:19 [INFO] Scanning file directories...
2026-09-06 12:09:19 [INFO] Local files found: 0
2026-09-06 12:09:19 [INFO] Local files found: 0
2026-09-06 12:09:19 [INFO] Local files found: 0
2026-09-06 12:09:19 [INFO] Remote files found: 0
2026-09-06 12:09:19 [INFO] Remote files found: 0
2026-09-06 12:09:19 [INFO] Remote files found: 0
2026-09-06 12:09:20 [INFO] System metrics updated.
2026-09-06 12:09:20 [INFO] System metrics updated.
2026-09-06 12:09:20 [INFO] System metrics updated.
2026-09-06 12:09:25 [INFO] System metrics updated.
2026-09-06 12:09:25 [INFO] System metrics updated.
2026-09-06 12:09:25 [INFO] System metrics updated.
2026-09-06 12:09:30 [INFO] System metrics updated.
2026-09-06 12:09:30 [INFO] System metrics updated.
2026-09-06 12:09:30 [INFO] System metrics updated.
2026-09-06 12:09:35 [INFO] System metrics updated.
2026-09-06 12:09:35 [INFO] System metrics updated.
2026-09-06 12:09:35 [INFO] System metrics updated.
2026-09-06 12:09:40 [INFO] System metrics updated.
2026-09-06 12:09:40 [INFO] System metrics updated.
2026-09-06 12:09:40 [INFO] System metrics updated.
2026-09-06 12:09:45 [INFO] System metrics updated.
2026-09-06 12:09:45 [INFO] System metrics updated.
2026-09-06 12:09:45 [INFO] System metrics updated.
2026-09-06 12:09:49 [INFO] Scanning file directories...
2026-09-06 12:09:49 [INFO] Scanning file directories...
2026-09-06 12:09:49 [INFO] Scanning file directories...
2026-09-06 12:09:49 [INFO] Local files found: 0
2026-09-06 12:09:49 [INFO] Local files found: 0
2026-09-06 12:09:49 [INFO] Local files found: 0
2026-09-06 12:09:49 [INFO] Remote files found: 0
2026-09-06 12:09:49 [INFO] Remote files found: 0
2026-09-06 12:09:49 [INFO] Remote files found: 0
2026-09-06 12:09:50 [INFO] System metrics updated.
2026-09-06 12:09:50 [INFO] System metrics updated.
2026-09-06 12:09:50 [INFO] System metrics updated.
2026-09-06 12:09:55 [INFO] System metrics updated.
2026-09-06 12:09:55 [INFO] System metrics updated.
2026-09-06 12:09:55 [INFO] System metrics updated.
2026-09-06 12:10:00 [INFO] System metrics updated.
2026-09-06 12:10:00 [INFO] System metrics updated.
2026-09-06 12:10:00 [INFO] System metrics updated.
2026-09-06 12:10:05 [INFO] System metrics updated.
2026-09-06 12:10:05 [INFO] System metrics updated.
2026-09-06 12:10:05 [INFO] System metrics updated.
2026-09-06 12:10:10 [INFO] System metrics updated.
2026-09-06 12:10:10 [INFO] System metrics updated.
2026-09-06 12:10:10 [INFO] System metrics updated.
2026-09-06 12:10:15 [INFO] System metrics updated.
2026-09-06 12:10:15 [INFO] System metrics updated.
2026-09-06 12:10:15 [INFO] System metrics updated.
2026-09-06 12:10:19 [INFO] Scanning file directories...
2026-09-06 12:10:19 [INFO] Scanning file directories...
2026-09-06 12:10:19 [INFO] Scanning file directories...
2026-09-06 12:10:19 [INFO] Local files found: 0
2026-09-06 12:10:19 [INFO] Local files found: 0
2026-09-06 12:10:19 [INFO] Local files found: 0
2026-09-06 12:10:19 [INFO] Remote files found: 0
2026-09-06 12:10:19 [INFO] Remote files found: 0
2026-09-06 12:10:19 [INFO] Remote files found: 0
2026-09-06 12:10:20 [INFO] System metrics updated.
2026-09-06 12:10:20 [INFO] System metrics updated.
2026-09-06 12:10:20 [INFO] System metrics updated.
2026-09-06 12:10:25 [INFO] System metrics updated.
2026-09-06 12:10:25 [INFO] System metrics updated.
2026-09-06 12:10:25 [INFO] System metrics updated.
2026-09-06 12:10:30 [INFO] System metrics updated.
2026-09-06 12:10:30 [INFO] System metrics updated.
2026-09-06 12:10:30 [INFO] System metrics updated.
2026-09-06 12:10:35 [INFO] System metrics updated.
2026-09-06 12:10:35 [INFO] System metrics updated.
2026-09-06 12:10:35 [INFO] System metrics updated.
2026-09-06 12:10:40 [INFO] System metrics updated.
2026-09-06 12:10:40 [INFO] System metrics updated.
2026-09-06 12:10:40 [INFO] System metrics updated.
2026-09-06 12:10:45 [INFO] System metrics updated.
2026-09-06 12:10:45 [INFO] System metrics updated.
2026-09-06 12:10:45 [INFO] System metrics updated.
2026-09-06 12:10:49 [INFO] Scanning file directories...
2026-09-06 12:10:49 [INFO] Scanning file directories...
2026-09-06 12:10:49 [INFO] Scanning file directories...
2026-09-06 12:10:49 [INFO] Local files found: 0
2026-09-06 12:10:49 [INFO] Local files found: 0
2026-09-06 12:10:49 [INFO] Local files found: 0
2026-09-06 12:10:49 [INFO] Remote files found: 0
2026-09-06 12:10:49 [INFO] Remote files found: 0
2026-09-06 12:10:49 [INFO] Remote files found: 0
2026-09-06 12:10:50 [INFO] System metrics updated.
2026-09-06 12:10:50 [INFO] System metrics updated.
2026-09-06 12:10:50 [INFO] System metrics updated.
2026-09-06 12:10:55 [INFO] System metrics updated.
2026-09-06 12:10:55 [INFO] System metrics updated.
2026-09-06 12:10:55 [INFO] System metrics updated.
2026-09-06 12:11:00 [INFO] System metrics updated.
2026-09-06 12:11:00 [INFO] System metrics updated.
2026-09-06 12:11:00 [INFO] System metrics updated.
2026-09-06 12:11:05 [INFO] System metrics updated.
2026-09-06 12:11:05 [INFO] System metrics updated.
2026-09-06 12:11:05 [INFO] System metrics updated.
2026-09-06 12:11:10 [INFO] System metrics updated.
2026-09-06 12:11:10 [INFO] System metrics updated.
2026-09-06 12:11:10 [INFO] System metrics updated.
2026-09-06 12:11:15 [INFO] System metrics updated.
2026-09-06 12:11:15 [INFO] System metrics updated.
2026-09-06 12:11:15 [INFO] System metrics updated.
2026-09-06 12:11:19 [INFO] Scanning file directories...
2026-09-06 12:11:19 [INFO] Scanning file directories...
2026-09-06 12:11:19 [INFO] Scanning file directories...
2026-09-06 12:11:19 [INFO] Local files found: 0
2026-09-06 12:11:19 [INFO] Local files found: 0
2026-09-06 12:11:19 [INFO] Local files found: 0
2026-09-06 12:11:19 [INFO] Remote files found: 0
2026-09-06 12:11:19 [INFO] Remote files found: 0
2026-09-06 12:11:19 [INFO] Remote files found: 0
2026-09-06 12:11:20 [INFO] System metrics updated.
2026-09-06 12:11:20 [INFO] System metrics updated.
2026-09-06 12:11:20 [INFO] System metrics updated.
2026-09-06 12:11:25 [INFO] System metrics updated.
2026-09-06 12:11:25 [INFO] System metrics updated.
2026-09-06 12:11:25 [INFO] System metrics updated.
2026-09-06 12:11:30 [INFO] System metrics updated.
2026-09-06 12:11:30 [INFO] System metrics updated.
2026-09-06 12:11:30 [INFO] System metrics updated.
2026-09-06 12:11:35 [INFO] System metrics updated.
2026-09-06 12:11:35 [INFO] System metrics updated.
2026-09-06 12:11:35 [INFO] System metrics updated.
2026-09-06 12:11:40 [INFO] System metrics updated.
2026-09-06 12:11:40 [INFO] System metrics updated.
2026-09-06 12:11:40 [INFO] System metrics updated.
2026-09-06 12:11:45 [INFO] System metrics updated.
2026-09-06 12:11:45 [INFO] System metrics updated.
2026-09-06 12:11:45 [INFO] System metrics updated.
2026-09-06 12:11:49 [INFO] Scanning file directories...
2026-09-06 12:11:49 [INFO] Scanning file directories...
2026-09-06 12:11:49 [INFO] Scanning file directories...
2026-09-06 12:11:49 [INFO] Local files found: 0
2026-09-06 12:11:49 [INFO] Local files found: 0
2026-09-06 12:11:49 [INFO] Local files found: 0
2026-09-06 12:11:49 [INFO] Remote files found: 0
2026-09-06 12:11:49 [INFO] Remote files found: 0
2026-09-06 12:11:49 [INFO] Remote files found: 0
2026-09-06 12:11:50 [INFO] System metrics updated.
2026-09-06 12:11:50 [INFO] System metrics updated.
2026-09-06 12:11:50 [INFO] System metrics updated.
2026-09-06 12:11:55 [INFO] System metrics updated.
2026-09-06 12:11:55 [INFO] System metrics updated.
2026-09-06 12:11:55 [INFO] System metrics updated.
2026-09-06 12:12:00 [INFO] System metrics updated.
2026-09-06 12:12:00 [INFO] System metrics updated.
2026-09-06 12:12:00 [INFO] System metrics updated.
2026-09-06 12:12:05 [INFO] System metrics updated.
2026-09-06 12:12:05 [INFO] System metrics updated.
2026-09-06 12:12:05 [INFO] System metrics updated.
2026-09-06 12:12:10 [INFO] System metrics updated.
2026-09-06 12:12:10 [INFO] System metrics updated.
2026-09-06 12:12:10 [INFO] System metrics updated.
2026-09-06 12:12:15 [INFO] System metrics updated.
2026-09-06 12:12:15 [INFO] System metrics updated.
2026-09-06 12:12:15 [INFO] System metrics updated.
2026-09-06 12:12:19 [INFO] Scanning file directories...
2026-09-06 12:12:19 [INFO] Scanning file directories...
2026-09-06 12:12:19 [INFO] Scanning file directories...
2026-09-06 12:12:19 [INFO] Local files found: 0
2026-09-06 12:12:19 [INFO] Local files found: 0
2026-09-06 12:12:19 [INFO] Local files found: 0
2026-09-06 12:12:19 [INFO] Remote files found: 0
2026-09-06 12:12:19 [INFO] Remote files found: 0
2026-09-06 12:12:19 [INFO] Remote files found: 0
2026-09-06 12:12:20 [INFO] System metrics updated.
2026-09-06 12:12:20 [INFO] System metrics updated.
2026-09-06 12:12:20 [INFO] System metrics updated.
2026-09-06 12:12:25 [INFO] System metrics updated.
2026-09-06 12:12:25 [INFO] System metrics updated.
2026-09-06 12:12:25 [INFO] System metrics updated.
2026-09-06 12:12:30 [INFO] System metrics updated.
2026-09-06 12:12:30 [INFO] System metrics updated.
2026-09-06 12:12:30 [INFO] System metrics updated.
2026-09-06 12:12:35 [INFO] System metrics updated.
2026-09-06 12:12:35 [INFO] System metrics updated.
2026-09-06 12:12:35 [INFO] System metrics updated.
2026-09-06 12:12:40 [INFO] System metrics updated.
2026-09-06 12:12:40 [INFO] System metrics updated.
2026-09-06 12:12:40 [INFO] System metrics updated.
2026-09-06 12:12:45 [INFO] System metrics updated.
2026-09-06 12:12:45 [INFO] System metrics updated.
2026-09-06 12:12:45 [INFO] System metrics updated.
2026-09-06 12:12:49 [INFO] Scanning file directories...
2026-09-06 12:12:49 [INFO] Scanning file directories...
2026-09-06 12:12:49 [INFO] Scanning file directories...
2026-09-06 12:12:49 [INFO] Local files found: 0
2026-09-06 12:12:49 [INFO] Local files found: 0
2026-09-06 12:12:49 [INFO] Local files found: 0
2026-09-06 12:12:49 [INFO] Remote files found: 0
2026-09-06 12:12:49 [INFO] Remote files found: 0
2026-09-06 12:12:49 [INFO] Remote files found: 0
2026-09-06 12:12:50 [INFO] System metrics updated.
2026-09-06 12:12:50 [INFO] System metrics updated.
2026-09-06 12:12:50 [INFO] System metrics updated.
2026-09-06 12:12:55 [INFO] System metrics updated.
2026-09-06 12:12:55 [INFO] System metrics updated.
2026-09-06 12:12:55 [INFO] System metrics updated.
2026-09-06 12:13:00 [INFO] System metrics updated.
2026-09-06 12:13:00 [INFO] System metrics updated.
2026-09-06 12:13:00 [INFO] System metrics updated.
2026-09-06 12:13:05 [INFO] System metrics updated.
2026-09-06 12:13:05 [INFO] System metrics updated.
2026-09-06 12:13:05 [INFO] System metrics updated.
2026-09-06 12:13:10 [INFO] System metrics updated.
2026-09-06 12:13:10 [INFO] System metrics updated.
2026-09-06 12:13:10 [INFO] System metrics updated.
2026-09-06 12:13:15 [INFO] System metrics updated.
2026-09-06 12:13:15 [INFO] System metrics updated.
2026-09-06 12:13:15 [INFO] System metrics updated.
2026-09-06 12:13:19 [INFO] Scanning file directories...
2026-09-06 12:13:19 [INFO] Scanning file directories...
2026-09-06 12:13:19 [INFO] Scanning file directories...
2026-09-06 12:13:19 [INFO] Local files found: 0
2026-09-06 12:13:19 [INFO] Local files found: 0
2026-09-06 12:13:19 [INFO] Local files found: 0
2026-09-06 12:13:19 [INFO] Remote files found: 0
2026-09-06 12:13:19 [INFO] Remote files found: 0
2026-09-06 12:13:19 [INFO] Remote files found: 0
2026-09-06 12:13:20 [INFO] System metrics updated.
2026-09-06 12:13:20 [INFO] System metrics updated.
2026-09-06 12:13:20 [INFO] System metrics updated.
2026-09-06 12:13:25 [INFO] System metrics updated.
2026-09-06 12:13:25 [INFO] System metrics updated.
2026-09-06 12:13:25 [INFO] System metrics updated.
2026-09-06 12:13:30 [INFO] System metrics updated.
2026-09-06 12:13:30 [INFO] System metrics updated.
2026-09-06 12:13:30 [INFO] System metrics updated.
2026-09-06 12:13:35 [INFO] System metrics updated.
2026-09-06 12:13:35 [INFO] System metrics updated.
2026-09-06 12:13:35 [INFO] System metrics updated.
2026-09-06 12:13:40 [INFO] System metrics updated.
2026-09-06 12:13:40 [INFO] System metrics updated.
2026-09-06 12:13:40 [INFO] System metrics updated.
2026-09-06 12:13:45 [INFO] System metrics updated.
2026-09-06 12:13:45 [INFO] System metrics updated.
2026-09-06 12:13:45 [INFO] System metrics updated.
2026-09-06 12:13:49 [INFO] Scanning file directories...
2026-09-06 12:13:49 [INFO] Scanning file directories...
2026-09-06 12:13:49 [INFO] Scanning file directories...
2026-09-06 12:13:49 [INFO] Local files found: 0
2026-09-06 12:13:49 [INFO] Local files found: 0
2026-09-06 12:13:49 [INFO] Local files found: 0
2026-09-06 12:13:49 [INFO] Remote files found: 0
2026-09-06 12:13:49 [INFO] Remote files found: 0
2026-09-06 12:13:49 [INFO] Remote files found: 0
2026-09-06 12:13:51 [INFO] System metrics updated.
2026-09-06 12:13:51 [INFO] System metrics updated.
2026-09-06 12:13:51 [INFO] System metrics updated.
2026-09-06 12:13:56 [INFO] System metrics updated.
2026-09-06 12:13:56 [INFO] System metrics updated.
2026-09-06 12:13:56 [INFO] System metrics updated.
2026-09-06 12:14:01 [INFO] System metrics updated.
2026-09-06 12:14:01 [INFO] System metrics updated.
2026-09-06 12:14:01 [INFO] System metrics updated.
2026-09-06 12:14:06 [INFO] System metrics updated.
2026-09-06 12:14:06 [INFO] System metrics updated.
2026-09-06 12:14:06 [INFO] System metrics updated.
2026-09-06 12:14:11 [INFO] System metrics updated.
2026-09-06 12:14:11 [INFO] System metrics updated.
2026-09-06 12:14:11 [INFO] System metrics updated.
2026-09-06 12:14:16 [INFO] System metrics updated.
2026-09-06 12:14:16 [INFO] System metrics updated.
2026-09-06 12:14:16 [INFO] System metrics updated.
2026-09-06 12:14:19 [INFO] Scanning file directories...
2026-09-06 12:14:19 [INFO] Scanning file directories...
2026-09-06 12:14:19 [INFO] Scanning file directories...
2026-09-06 12:14:19 [INFO] Local files found: 0
2026-09-06 12:14:19 [INFO] Local files found: 0
2026-09-06 12:14:19 [INFO] Local files found: 0
2026-09-06 12:14:19 [INFO] Remote files found: 0
2026-09-06 12:14:19 [INFO] Remote files found: 0
2026-09-06 12:14:19 [INFO] Remote files found: 0
2026-09-06 12:14:21 [INFO] System metrics updated.
2026-09-06 12:14:21 [INFO] System metrics updated.
2026-09-06 12:14:21 [INFO] System metrics updated.
2026-09-06 12:14:26 [INFO] System metrics updated.
2026-09-06 12:14:26 [INFO] System metrics updated.
2026-09-06 12:14:26 [INFO] System metrics updated.
2026-09-06 12:14:31 [INFO] System metrics updated.
2026-09-06 12:14:31 [INFO] System metrics updated.
2026-09-06 12:14:31 [INFO] System metrics updated.
2026-09-06 12:14:36 [INFO] System metrics updated.
2026-09-06 12:14:36 [INFO] System metrics updated.
2026-09-06 12:14:36 [INFO] System metrics updated.
2026-09-06 12:14:41 [INFO] System metrics updated.
2026-09-06 12:14:41 [INFO] System metrics updated.
2026-09-06 12:14:41 [INFO] System metrics updated.
2026-09-06 12:14:46 [INFO] System metrics updated.
2026-09-06 12:14:46 [INFO] System metrics updated.
2026-09-06 12:14:46 [INFO] System metrics updated.
2026-09-06 12:14:49 [INFO] Scanning file directories...
2026-09-06 12:14:49 [INFO] Scanning file directories...
2026-09-06 12:14:49 [INFO] Scanning file directories...
2026-09-06 12:14:49 [INFO] Local files found: 0
2026-09-06 12:14:49 [INFO] Local files found: 0
2026-09-06 12:14:49 [INFO] Local files found: 0
2026-09-06 12:14:49 [INFO] Remote files found: 0
2026-09-06 12:14:49 [INFO] Remote files found: 0
2026-09-06 12:14:49 [INFO] Remote files found: 0
2026-09-06 12:14:51 [INFO] System metrics updated.
2026-09-06 12:14:51 [INFO] System metrics updated.
2026-09-06 12:14:51 [INFO] System metrics updated.
2026-09-06 12:14:56 [INFO] System metrics updated.
2026-09-06 12:14:56 [INFO] System metrics updated.
2026-09-06 12:14:56 [INFO] System metrics updated.
2026-09-06 12:15:01 [INFO] System metrics updated.
2026-09-06 12:15:01 [INFO] System metrics updated.
2026-09-06 12:15:01 [INFO] System metrics updated.
2026-09-06 12:15:06 [INFO] System metrics updated.
2026-09-06 12:15:06 [INFO] System metrics updated.
2026-09-06 12:15:06 [INFO] System metrics updated.
2026-09-06 12:15:11 [INFO] System metrics updated.
2026-09-06 12:15:11 [INFO] System metrics updated.
2026-09-06 12:15:11 [INFO] System metrics updated.
2026-09-06 12:15:16 [INFO] System metrics updated.
2026-09-06 12:15:16 [INFO] System metrics updated.
2026-09-06 12:15:16 [INFO] System metrics updated.
2026-09-06 12:15:19 [INFO] Scanning file directories...
2026-09-06 12:15:19 [INFO] Scanning file directories...
2026-09-06 12:15:19 [INFO] Scanning file directories...
2026-09-06 12:15:19 [INFO] Local files found: 0
2026-09-06 12:15:19 [INFO] Local files found: 0
2026-09-06 12:15:19 [INFO] Local files found: 0
2026-09-06 12:15:19 [INFO] Remote files found: 0
2026-09-06 12:15:19 [INFO] Remote files found: 0
2026-09-06 12:15:19 [INFO] Remote files found: 0
2026-09-06 12:15:21 [INFO] System metrics updated.
2026-09-06 12:15:21 [INFO] System metrics updated.
2026-09-06 12:15:21 [INFO] System metrics updated.
2026-09-06 12:15:26 [INFO] System metrics updated.
2026-09-06 12:15:26 [INFO] System metrics updated.
2026-09-06 12:15:26 [INFO] System metrics updated.
2026-09-06 12:15:31 [INFO] System metrics updated.
2026-09-06 12:15:31 [INFO] System metrics updated.
2026-09-06 12:15:31 [INFO] System metrics updated.
2026-09-06 12:15:36 [INFO] System metrics updated.
2026-09-06 12:15:36 [INFO] System metrics updated.
2026-09-06 12:15:36 [INFO] System metrics updated.
2026-09-06 12:15:41 [INFO] System metrics updated.
2026-09-06 12:15:41 [INFO] System metrics updated.
2026-09-06 12:15:41 [INFO] System metrics updated.
2026-09-06 12:15:46 [INFO] System metrics updated.
2026-09-06 12:15:46 [INFO] System metrics updated.
2026-09-06 12:15:46 [INFO] System metrics updated.
2026-09-06 12:15:49 [INFO] Scanning file directories...
2026-09-06 12:15:49 [INFO] Scanning file directories...
2026-09-06 12:15:49 [INFO] Scanning file directories...
2026-09-06 12:15:49 [INFO] Local files found: 0
2026-09-06 12:15:49 [INFO] Local files found: 0
2026-09-06 12:15:49 [INFO] Local files found: 0
2026-09-06 12:15:49 [INFO] Remote files found: 0
2026-09-06 12:15:49 [INFO] Remote files found: 0
2026-09-06 12:15:49 [INFO] Remote files found: 0
2026-09-06 12:15:51 [INFO] System metrics updated.
2026-09-06 12:15:51 [INFO] System metrics updated.
2026-09-06 12:15:51 [INFO] System metrics updated.
2026-09-06 12:15:56 [INFO] System metrics updated.
2026-09-06 12:15:56 [INFO] System metrics updated.
2026-09-06 12:15:56 [INFO] System metrics updated.
2026-09-06 12:16:01 [INFO] System metrics updated.
2026-09-06 12:16:01 [INFO] System metrics updated.
2026-09-06 12:16:01 [INFO] System metrics updated.
2026-09-06 12:16:06 [INFO] System metrics updated.
2026-09-06 12:16:06 [INFO] System metrics updated.
2026-09-06 12:16:06 [INFO] System metrics updated.
2026-09-06 12:16:11 [INFO] System metrics updated.
2026-09-06 12:16:11 [INFO] System metrics updated.
2026-09-06 12:16:11 [INFO] System metrics updated.
2026-09-06 12:16:16 [INFO] System metrics updated.
2026-09-06 12:16:16 [INFO] System metrics updated.
2026-09-06 12:16:16 [INFO] System metrics updated.
2026-09-06 12:16:19 [INFO] Scanning file directories...
2026-09-06 12:16:19 [INFO] Scanning file directories...
2026-09-06 12:16:19 [INFO] Scanning file directories...
2026-09-06 12:16:19 [INFO] Local files found: 0
2026-09-06 12:16:19 [INFO] Local files found: 0
2026-09-06 12:16:19 [INFO] Local files found: 0
2026-09-06 12:16:19 [INFO] Remote files found: 0
2026-09-06 12:16:19 [INFO] Remote files found: 0
2026-09-06 12:16:19 [INFO] Remote files found: 0
2026-09-06 12:16:21 [INFO] System metrics updated.
2026-09-06 12:16:21 [INFO] System metrics updated.
2026-09-06 12:16:21 [INFO] System metrics updated.
2026-09-06 12:16:26 [INFO] System metrics updated.
2026-09-06 12:16:26 [INFO] System metrics updated.
2026-09-06 12:16:26 [INFO] System metrics updated.
2026-09-06 12:16:31 [INFO] System metrics updated.
2026-09-06 12:16:31 [INFO] System metrics updated.
2026-09-06 12:16:31 [INFO] System metrics updated.
2026-09-06 12:16:36 [INFO] System metrics updated.
2026-09-06 12:16:36 [INFO] System metrics updated.
2026-09-06 12:16:36 [INFO] System metrics updated.
2026-09-06 12:16:41 [INFO] System metrics updated.
2026-09-06 12:16:41 [INFO] System metrics updated.
2026-09-06 12:16:41 [INFO] System metrics updated.
2026-09-06 12:16:46 [INFO] System metrics updated.
2026-09-06 12:16:46 [INFO] System metrics updated.
2026-09-06 12:16:46 [INFO] System metrics updated.
2026-09-06 12:16:49 [INFO] Scanning file directories...
2026-09-06 12:16:49 [INFO] Scanning file directories...
2026-09-06 12:16:49 [INFO] Scanning file directories...
2026-09-06 12:16:49 [INFO] Local files found: 0
2026-09-06 12:16:49 [INFO] Local files found: 0
2026-09-06 12:16:49 [INFO] Local files found: 0
2026-09-06 12:16:49 [INFO] Remote files found: 0
2026-09-06 12:16:49 [INFO] Remote files found: 0
2026-09-06 12:16:49 [INFO] Remote files found: 0
2026-09-06 12:16:51 [INFO] System metrics updated.
2026-09-06 12:16:51 [INFO] System metrics updated.
2026-09-06 12:16:51 [INFO] System metrics updated.
2026-09-06 12:16:56 [INFO] System metrics updated.
2026-09-06 12:16:56 [INFO] System metrics updated.
2026-09-06 12:16:56 [INFO] System metrics updated.
2026-09-06 12:17:01 [INFO] System metrics updated.
2026-09-06 12:17:01 [INFO] System metrics updated.
2026-09-06 12:17:01 [INFO] System metrics updated.
2026-09-06 12:17:06 [INFO] System metrics updated.
2026-09-06 12:17:06 [INFO] System metrics updated.
2026-09-06 12:17:06 [INFO] System metrics updated.
2026-09-06 12:17:11 [INFO] System metrics updated.
2026-09-06 12:17:11 [INFO] System metrics updated.
2026-09-06 12:17:11 [INFO] System metrics updated.
2026-09-06 12:17:16 [INFO] System metrics updated.
2026-09-06 12:17:16 [INFO] System metrics updated.
2026-09-06 12:17:16 [INFO] System metrics updated.
2026-09-06 12:17:19 [INFO] Scanning file directories...
2026-09-06 12:17:19 [INFO] Scanning file directories...
2026-09-06 12:17:19 [INFO] Scanning file directories...
2026-09-06 12:17:19 [INFO] Local files found: 0
2026-09-06 12:17:19 [INFO] Local files found: 0
2026-09-06 12:17:19 [INFO] Local files found: 0
2026-09-06 12:17:19 [INFO] Remote files found: 0
2026-09-06 12:17:19 [INFO] Remote files found: 0
2026-09-06 12:17:19 [INFO] Remote files found: 0
2026-09-06 12:17:21 [INFO] System metrics updated.
2026-09-06 12:17:21 [INFO] System metrics updated.
2026-09-06 12:17:21 [INFO] System metrics updated.
2026-09-06 12:17:26 [INFO] System metrics updated.
2026-09-06 12:17:26 [INFO] System metrics updated.
2026-09-06 12:17:26 [INFO] System metrics updated.
2026-09-06 12:17:31 [INFO] System metrics updated.
2026-09-06 12:17:31 [INFO] System metrics updated.
2026-09-06 12:17:31 [INFO] System metrics updated.
2026-09-06 12:17:36 [INFO] System metrics updated.
2026-09-06 12:17:36 [INFO] System metrics updated.
2026-09-06 12:17:36 [INFO] System metrics updated.
2026-09-06 12:17:41 [INFO] System metrics updated.
2026-09-06 12:17:41 [INFO] System metrics updated.
2026-09-06 12:17:41 [INFO] System metrics updated.
2026-09-06 12:17:46 [INFO] System metrics updated.
2026-09-06 12:17:46 [INFO] System metrics updated.
2026-09-06 12:17:46 [INFO] System metrics updated.
2026-09-06 12:17:49 [INFO] Scanning file directories...
2026-09-06 12:17:49 [INFO] Scanning file directories...
2026-09-06 12:17:49 [INFO] Scanning file directories...
2026-09-06 12:17:49 [INFO] Local files found: 0
2026-09-06 12:17:49 [INFO] Local files found: 0
2026-09-06 12:17:49 [INFO] Local files found: 0
2026-09-06 12:17:49 [INFO] Remote files found: 0
2026-09-06 12:17:49 [INFO] Remote files found: 0
2026-09-06 12:17:49 [INFO] Remote files found: 0
2026-09-06 12:17:51 [INFO] System metrics updated.
2026-09-06 12:17:51 [INFO] System metrics updated.
2026-09-06 12:17:51 [INFO] System metrics updated.
2026-09-06 12:17:56 [INFO] System metrics updated.
2026-09-06 12:17:56 [INFO] System metrics updated.
2026-09-06 12:17:56 [INFO] System metrics updated.
2026-09-06 12:18:01 [INFO] System metrics updated.
2026-09-06 12:18:01 [INFO] System metrics updated.
2026-09-06 12:18:01 [INFO] System metrics updated.
2026-09-06 12:18:06 [INFO] System metrics updated.
2026-09-06 12:18:06 [INFO] System metrics updated.
2026-09-06 12:18:06 [INFO] System metrics updated.
2026-09-06 12:18:11 [INFO] System metrics updated.
2026-09-06 12:18:11 [INFO] System metrics updated.
2026-09-06 12:18:11 [INFO] System metrics updated.
2026-09-06 12:18:16 [INFO] System metrics updated.
2026-09-06 12:18:16 [INFO] System metrics updated.
2026-09-06 12:18:16 [INFO] System metrics updated.
2026-09-06 12:18:19 [INFO] Scanning file directories...
2026-09-06 12:18:19 [INFO] Scanning file directories...
2026-09-06 12:18:19 [INFO] Scanning file directories...
2026-09-06 12:18:19 [INFO] Local files found: 0
2026-09-06 12:18:19 [INFO] Local files found: 0
2026-09-06 12:18:19 [INFO] Local files found: 0
2026-09-06 12:18:19 [INFO] Remote files found: 0
2026-09-06 12:18:19 [INFO] Remote files found: 0
2026-09-06 12:18:19 [INFO] Remote files found: 0
2026-09-06 12:18:21 [INFO] System metrics updated.
2026-09-06 12:18:21 [INFO] System metrics updated.
2026-09-06 12:18:21 [INFO] System metrics updated.
2026-09-06 12:18:26 [INFO] System metrics updated.
2026-09-06 12:18:26 [INFO] System metrics updated.
2026-09-06 12:18:26 [INFO] System metrics updated.
2026-09-06 12:18:31 [INFO] System metrics updated.
2026-09-06 12:18:31 [INFO] System metrics updated.
2026-09-06 12:18:31 [INFO] System metrics updated.
2026-09-06 12:18:36 [INFO] System metrics updated.
2026-09-06 12:18:36 [INFO] System metrics updated.
2026-09-06 12:18:36 [INFO] System metrics updated.
2026-09-06 12:18:41 [INFO] System metrics updated.
2026-09-06 12:18:41 [INFO] System metrics updated.
2026-09-06 12:18:41 [INFO] System metrics updated.
2026-09-06 12:18:46 [INFO] System metrics updated.
2026-09-06 12:18:46 [INFO] System metrics updated.
2026-09-06 12:18:46 [INFO] System metrics updated.
2026-09-06 12:18:49 [INFO] Scanning file directories...
2026-09-06 12:18:49 [INFO] Scanning file directories...
2026-09-06 12:18:49 [INFO] Scanning file directories...
2026-09-06 12:18:49 [INFO] Local files found: 0
2026-09-06 12:18:49 [INFO] Local files found: 0
2026-09-06 12:18:49 [INFO] Local files found: 0
2026-09-06 12:18:49 [INFO] Remote files found: 0
2026-09-06 12:18:49 [INFO] Remote files found: 0
2026-09-06 12:18:49 [INFO] Remote files found: 0
2026-09-06 12:18:51 [INFO] System metrics updated.
2026-09-06 12:18:51 [INFO] System metrics updated.
2026-09-06 12:18:51 [INFO] System metrics updated.
2026-09-06 12:18:56 [INFO] System metrics updated.
2026-09-06 12:18:56 [INFO] System metrics updated.
2026-09-06 12:18:56 [INFO] System metrics updated.
2026-09-06 12:19:01 [INFO] System metrics updated.
2026-09-06 12:19:01 [INFO] System metrics updated.
2026-09-06 12:19:01 [INFO] System metrics updated.
2026-09-06 12:19:06 [INFO] System metrics updated.
2026-09-06 12:19:06 [INFO] System metrics updated.
2026-09-06 12:19:06 [INFO] System metrics updated.
2026-09-06 12:19:11 [INFO] System metrics updated.
2026-09-06 12:19:11 [INFO] System metrics updated.
2026-09-06 12:19:11 [INFO] System metrics updated.
2026-09-06 12:19:16 [INFO] System metrics updated.
2026-09-06 12:19:16 [INFO] System metrics updated.
2026-09-06 12:19:16 [INFO] System metrics updated.
2026-09-06 12:19:19 [INFO] Scanning file directories...
2026-09-06 12:19:19 [INFO] Scanning file directories...
2026-09-06 12:19:19 [INFO] Scanning file directories...
2026-09-06 12:19:19 [INFO] Local files found: 0
2026-09-06 12:19:19 [INFO] Local files found: 0
2026-09-06 12:19:19 [INFO] Local files found: 0
2026-09-06 12:19:19 [INFO] Remote files found: 0
2026-09-06 12:19:19 [INFO] Remote files found: 0
2026-09-06 12:19:19 [INFO] Remote files found: 0
2026-09-06 12:19:21 [INFO] System metrics updated.
2026-09-06 12:19:21 [INFO] System metrics updated.
2026-09-06 12:19:21 [INFO] System metrics updated.
2026-09-06 12:19:26 [INFO] System metrics updated.
2026-09-06 12:19:26 [INFO] System metrics updated.
2026-09-06 12:19:26 [INFO] System metrics updated.
2026-09-06 12:19:31 [INFO] System metrics updated.
2026-09-06 12:19:31 [INFO] System metrics updated.
2026-09-06 12:19:31 [INFO] System metrics updated.
2026-09-06 12:19:36 [INFO] System metrics updated.
2026-09-06 12:19:36 [INFO] System metrics updated.
2026-09-06 12:19:36 [INFO] System metrics updated.
2026-09-06 12:19:41 [INFO] System metrics updated.
2026-09-06 12:19:41 [INFO] System metrics updated.
2026-09-06 12:19:41 [INFO] System metrics updated.
2026-09-06 12:19:46 [INFO] System metrics updated.
2026-09-06 12:19:46 [INFO] System metrics updated.
2026-09-06 12:19:46 [INFO] System metrics updated.
2026-09-06 12:19:49 [INFO] Scanning file directories...
2026-09-06 12:19:49 [INFO] Scanning file directories...
2026-09-06 12:19:49 [INFO] Scanning file directories...
2026-09-06 12:19:49 [INFO] Local files found: 0
2026-09-06 12:19:49 [INFO] Local files found: 0
2026-09-06 12:19:49 [INFO] Local files found: 0
2026-09-06 12:19:49 [INFO] Remote files found: 0
2026-09-06 12:19:49 [INFO] Remote files found: 0
2026-09-06 12:19:49 [INFO] Remote files found: 0
2026-09-06 12:19:51 [INFO] System metrics updated.
2026-09-06 12:19:51 [INFO] System metrics updated.
2026-09-06 12:19:51 [INFO] System metrics updated.
2026-09-06 12:19:56 [INFO] System metrics updated.
2026-09-06 12:19:56 [INFO] System metrics updated.
2026-09-06 12:19:56 [INFO] System metrics updated.
2026-09-06 12:20:01 [INFO] System metrics updated.
2026-09-06 12:20:01 [INFO] System metrics updated.
2026-09-06 12:20:01 [INFO] System metrics updated.
2026-09-06 12:20:06 [INFO] System metrics updated.
2026-09-06 12:20:06 [INFO] System metrics updated.
2026-09-06 12:20:06 [INFO] System metrics updated.
2026-09-06 12:20:11 [INFO] System metrics updated.
2026-09-06 12:20:11 [INFO] System metrics updated.
2026-09-06 12:20:11 [INFO] System metrics updated.
2026-09-06 12:20:16 [INFO] System metrics updated.
2026-09-06 12:20:16 [INFO] System metrics updated.
2026-09-06 12:20:16 [INFO] System metrics updated.
2026-09-06 12:20:19 [INFO] Scanning file directories...
2026-09-06 12:20:19 [INFO] Scanning file directories...
2026-09-06 12:20:19 [INFO] Scanning file directories...
2026-09-06 12:20:19 [INFO] Local files found: 0
2026-09-06 12:20:19 [INFO] Local files found: 0
2026-09-06 12:20:19 [INFO] Local files found: 0
2026-09-06 12:20:19 [INFO] Remote files found: 0
2026-09-06 12:20:19 [INFO] Remote files found: 0
2026-09-06 12:20:19 [INFO] Remote files found: 0
2026-09-06 12:20:25 [INFO] System metrics updated.
2026-09-06 12:20:25 [INFO] System metrics updated.
2026-09-06 12:20:25 [INFO] Scanning file directories...
2026-09-06 12:20:25 [INFO] Starting metrics exporter...
2026-09-06 12:20:25 [INFO] System metrics updated.
2026-09-06 12:20:25 [INFO] Scanning file directories...
2026-09-06 12:20:25 [INFO] Starting metrics exporter...
2026-09-06 12:20:25 [INFO] Scanning file directories...
2026-09-06 12:20:25 [INFO] Local files found: 0
2026-09-06 12:20:25 [INFO] Local files found: 0
2026-09-06 12:20:25 [INFO] Starting metrics exporter...
2026-09-06 12:20:25 [INFO] Local files found: 0
2026-09-06 12:20:25 [INFO] Remote files found: 0
2026-09-06 12:20:25 [INFO] Remote files found: 0
2026-09-06 12:20:25 [INFO] Remote files found: 0
